customer_city,customer_state,geolocation_lat,geolocation_lng,total_orders,total_sales
abadia dos dourados,MG,-18.474476487136112,-47.4078365252738,3,358.9
abadiania,GO,-16.193742416316265,-48.70952130337259,1,949.99
abaete,MG,-19.158206495625077,-45.4463002987293,11,1597.81
abaetetuba,PA,-1.7230241817101852,-48.88106537387817,11,4028.57
abaiara,CE,-7.358247021378397,-39.04581684412134,2,262.9
abaira,BA,-13.25061237162442,-41.66388175580626,2,157.99
abare,BA,-8.695825761079504,-39.1555267107371,2,185.19
abatia,PR,-23.30452269862072,-50.31097243334825,3,167.89
abdon batista,SC,-27.608818306014133,-51.02488531826943,1,125.4
abelardo luz,SC,-26.565375356044346,-52.32532803924757,6,679.6999999999999
abrantes,BA,-12.829740573799095,-38.2649856931729,1,139.0
abre campo,MG,-20.294280906968602,-42.47372065361559,5,281.68
abreu e lima,PE,-7.919187333502259,-34.92652843928566,4,1320.78
abreu e lima,PE,-7.91351997669473,-34.908776878084545,2,256.3
abreu e lima,PE,-7.9125416086462375,-34.904796116400874,2,113.98
abreu e lima,PE,-7.910952122536735,-34.90352129078118,1,49.9
abreu e lima,PE,-7.904941278119591,-34.90652700088505,1,17.99
abreu e lima,PE,-7.8999538324933365,-34.89989093482549,1,618.0
acaiaca,MG,-20.36291378049634,-43.14402222191236,2,164.9
acailandia,MA,-4.945933764432744,-47.48449633404995,7,937.79
acajutiba,BA,-11.663495576693935,-38.023852706144226,1,28.89
acarau,CE,-2.8902381436643245,-40.110782071834926,8,1364.96
acari,RN,-6.436124915575116,-36.640335529330684,1,364.0
acegua,RS,-31.764360480159297,-54.148548714573295,2,209.9
acopiara,CE,-6.094117746073023,-39.44897848740864,7,647.67
acreuna,GO,-17.398332393161862,-50.373014769571675,7,1070.43
acu,RN,-5.578677546417205,-36.91480507328552,2,455.59000000000003
acucena,MG,-19.131911960585803,-42.61451567415954,1,38.0
adamantina,SP,-21.684238907966446,-51.07601533556035,35,5393.07
adhemar de barros,PR,-22.694008556222283,-52.7197073050395,1,139.0
adolfo,SP,-21.234456456293216,-49.64271564526813,5,373.8
adrianopolis,PR,-24.666145933248302,-48.97991927475517,1,73.9
adustina,BA,-10.536616901316743,-38.11492053385937,1,74.8
afogados da ingazeira,PE,-7.759829833939791,-37.560205074371495,8,1345.98
afonso claudio,ES,-20.076821553002276,-41.12371138232126,11,1568.77
afranio,PE,-8.527649408089497,-41.02060110035674,2,357.9
agisse,SP,-23.537328737497397,-48.54493393688767,1,43.0
agrestina,PE,-8.45504693653698,-35.94651434518298,1,1989.0
agrolandia,SC,-27.408262067680948,-49.83008266701338,1,49.9
agronomica,SC,-27.268552042340637,-49.71196936466438,2,204.87
agua boa,MT,-14.062202729797056,-52.20445915381337,18,2758.87
agua branca,AL,-9.262055423096342,-37.9351265832074,1,63.8
agua branca,PB,-7.515394976776802,-37.6398493782455,2,204.99
agua branca,PI,-5.892094582220355,-42.63402816965759,2,132.9
agua clara,MS,-20.441149398605198,-52.87735307459614,2,219.89000000000001
agua comprida,MG,-20.057791817035962,-48.10811794228084,2,106.9
agua doce,SC,-26.997866134854164,-51.555019682742255,1,289.98
agua doce do norte,ES,-18.543085190055944,-40.98497675246625,4,365.48
agua fria de goias,GO,-14.974495376227203,-47.784387063729895,1,152.0
agua limpa,GO,-18.076322394559124,-48.76160432422692,1,388.0
agua nova,RN,-6.205206243591784,-38.291460507110884,1,42.0
agua preta,PE,-8.7061366938173,-35.5172329639589,1,129.99
agua santa,RS,-28.183372036296035,-52.03985047911124,2,163.9
aguai,SP,-22.056968661722404,-46.97611915060669,9,1985.55
aguas belas,PE,-9.108812539014634,-37.117020266836576,6,769.87
aguas claras,RS,-28.00030351378292,-49.17546213298624,1,95.8
aguas da prata,SP,-21.94008777133928,-46.71391248489887,10,1028.28
aguas de lindoia,SP,-22.477153463969263,-46.61937324894832,22,3092.59
aguas de santa barbara,SP,-22.87741215304781,-49.24013875938814,3,154.9
aguas de sao pedro,SP,-22.60248155257249,-47.871430213488246,2,274.99
aguas formosas,MG,-17.082201270979507,-40.93919981216429,5,1341.7
aguas frias,SC,-26.88121528807032,-52.86017603229269,1,290.0
aguas lindas de goias,GO,-15.776850802007587,-48.29255866527875,1,39.9
aguas lindas de goias,GO,-15.741381154383637,-48.29804302156555,2,263.9
aguas lindas de goias,GO,-15.740320384456693,-48.24427883289689,2,279.23
aguas lindas de goias,GO,-15.728157848258732,-48.27733017756257,3,244.98000000000002
aguas lindas de goias,GO,-15.724556332548568,-48.27713946249921,3,198.95
aguas lindas de goias,GO,-15.720627959496907,-48.28619342858036,4,184.87
aguas lindas de goias,GO,-15.716847041714027,-48.2692836494524,2,224.28
aguas lindas de goias,GO,-15.709671805093233,-48.27256088814878,1,49.0
aguas lindas de goias,GO,-15.693992316278171,-48.266542467417196,1,150.0
aguas lindas de goias,GO,-15.64177057336313,-48.223117726435184,5,584.8
aguas mornas,SC,-27.70103345965437,-48.83820955993601,1,89.15
aguas vermelhas,MG,-15.655366965060017,-41.48139622024671,3,574.58
agudo,RS,-29.643273595312962,-53.2459255611156,1,17.0
agudos,SP,-22.471037318568527,-48.986214759233874,16,1265.3
aguia branca,ES,-18.985716113277793,-40.74227057364542,1,12.9
aimores,MG,-19.500415267687412,-41.07286145044401,10,951.37
aiuaba,CE,-6.583338622041794,-40.13887446818398,1,109.7
aiuruoca,MG,-21.978848424131765,-44.60576945448214,4,281.09000000000003
ajapi,SP,-22.411489567314835,-47.57096343796528,1,108.0
ajuricaba,RS,-28.23771966641463,-53.76337497269791,2,191.9
alagoa,MG,-22.171830593467934,-44.642598725792546,1,77.68
alagoa grande,PB,-7.041755696576409,-35.63219332049747,1,139.99
alagoa nova,PB,-7.06196902730586,-35.76440866320551,1,113.0
alagoinha,PB,-6.949275120162892,-35.54543763599661,2,269.9
alagoinhas,BA,-12.151220485681826,-38.42777608689418,1,99.8
alagoinhas,BA,-12.14697128182713,-38.421092263472346,3,568.99
alagoinhas,BA,-12.14532103646933,-38.42108609199768,2,339.97
alagoinhas,BA,-12.14140291854209,-38.4382474234235,1,270.0
alagoinhas,BA,-12.140210286962752,-38.42230450413786,9,1481.83
alagoinhas,BA,-12.137491425515499,-38.405186381258325,8,1304.68
alagoinhas,BA,-12.134181983131246,-38.43881903180552,2,637.98
alagoinhas,BA,-12.132605820412072,-38.41556019458922,6,469.09000000000003
alagoinhas,BA,-12.132390116921444,-38.421471353180394,3,550.89
alagoinhas,BA,-12.131260630771392,-38.439509689304856,1,88.0
alagoinhas,BA,-12.130623972687959,-38.43377029796657,2,243.0
alagoinhas,BA,-12.12350410816645,-38.4165670067676,2,195.0
alambari,SP,-23.56157106605844,-47.88510054852834,3,179.88
alcantara,MA,-2.392514845980913,-44.45394150447368,1,424.8
alcinopolis,MS,-18.325810509057312,-53.71035488253891,6,711.1600000000001
alcobaca,BA,-17.49780399812736,-39.26235288962636,4,1289.78
alegre,ES,-20.760206303395872,-41.53516276114848,17,2884.07
alegrete,RS,-29.80430966729465,-55.804742048802446,1,129.99
alegrete,RS,-29.80060787528852,-55.75366749977423,4,250.78
alegrete,RS,-29.796549082988218,-55.803997941479714,6,471.73
alegrete,RS,-29.791737201933227,-55.80695207023462,2,60.85
alegrete,RS,-29.791344148839773,-55.7680875012187,2,463.9
alegrete,RS,-29.784433749766997,-55.79219384385998,10,1997.61
alegrete,RS,-29.78072314714335,-55.79044638233173,10,1108.9099999999999
alegrete do piaui,PI,-7.241636248140669,-40.84802329456374,1,149.9
alegria,RS,-27.80837589440083,-54.04533603585983,1,39.9
alem paraiba,MG,-21.872728278244768,-42.693795195399666,28,2870.56
alexandra,PR,-25.5534229350904,-48.62752422974045,1,31.9
alexandria,RN,-6.413355657069214,-38.013967260122904,2,159.8
alexandrita,MG,-19.70290819846817,-50.41424707469225,1,99.8
alexania,GO,-16.08407742651032,-48.506772764634135,5,466.67
alfenas,MG,-21.437775130105926,-45.95221490738956,5,667.69
alfenas,MG,-21.436458502662212,-45.9424215666751,2,187.13
alfenas,MG,-21.428798799103614,-45.96596325947664,1,42.9
alfenas,MG,-21.427358969698194,-45.946512565312595,14,1626.38
alfenas,MG,-21.42217278248631,-45.96434436535584,4,608.9000000000001
alfenas,MG,-21.418495092445863,-45.9623134679283,6,866.76
alfenas,MG,-21.41064841911369,-45.948697090632834,11,1350.56
alfredo chaves,ES,-20.627031870241968,-40.74931056937235,7,902.71
alfredo marcondes,SP,-21.954288886597627,-51.41615439159179,1,129.0
alfredo vasconcelos,MG,-21.149443547778596,-43.767193356103036,3,567.99
alfredo wagner,SC,-27.70013863320932,-49.33157442341497,2,794.8
alhandra,PB,-7.433968779567003,-34.910447698646784,2,1037.0
alianca,PE,-7.595135239949158,-35.22282840826383,1,64.99
alianca do tocantins,TO,-11.305018450553813,-48.937210314892596,2,162.79
almas,TO,-11.567892561876574,-47.16831043399929,1,78.0
almenara,MG,-16.176287602159036,-40.69302960684199,14,2872.1499999999996
almino afonso,RN,-6.155247530745038,-37.76818300221504,1,299.9
almirante tamandare,PR,-25.373890211950254,-49.307921824696635,5,666.7
almirante tamandare,PR,-25.349185202673297,-49.30093726773038,2,306.96000000000004
almirante tamandare,PR,-25.342888102003744,-49.249924981628936,3,189.4
almirante tamandare,PR,-25.3427927223759,-49.27371725023371,2,104.8
almirante tamandare,PR,-25.3418094415625,-49.29556761319491,5,437.87
almirante tamandare,PR,-25.33398837590577,-49.26579300674164,4,323.19
almirante tamandare,PR,-25.330327586838592,-49.276371361501305,2,129.9
almirante tamandare,PR,-25.31789810713255,-49.27838207234502,1,31.9
almirante tamandare,PR,-25.316804675791442,-49.30787113328793,2,194.34
almirante tamandare,PR,-25.312880860427626,-49.29186432419761,9,1870.6299999999999
almirante tamandare do sul,RS,-28.11563383443064,-52.91491693557196,1,49.9
alpercata,MG,-18.978826415455085,-41.97968305588025,2,228.8
alpestre,RS,-27.25035234287266,-53.03555485473069,1,118.9
alpinopolis,MG,-20.858669988986815,-46.3868959952482,7,836.6800000000001
alta floresta,MT,-9.90209628377088,-56.14798246464171,12,3495.55
alta floresta d'oeste,RO,-11.944583970748216,-61.998825362568496,3,669.89
altamira,PA,-3.2169210873579974,-52.221921540281016,5,994.69
altamira,PA,-3.213759042338911,-52.22673605545973,1,115.99
altamira,PA,-3.2081886631315584,-52.21394603392211,12,2375.2
altamira,PA,-3.2058907554215548,-52.2239391479931,2,847.99
altamira,PA,-3.201371029207189,-52.19492732679862,2,247.3
altamira,PA,-3.1956772171548518,-52.21765295723387,2,236.99
altamira,PA,-3.194258395409129,-52.20684791300875,1,349.99
altamira do parana,PR,-24.799390826555005,-52.71544878175329,2,259.1
altaneira,CE,-6.999919634947142,-39.739299453186206,2,369.6
alterosa,MG,-21.255833645504303,-46.14487857042153,3,252.3
altinho,PE,-8.488189811112091,-36.06023398040497,1,13.9
altinopolis,SP,-21.02118500746342,-47.37739709707741,4,1428.8
alto alegre,PR,-22.89738838719939,-51.888509653563055,2,167.99
alto alegre,RS,-28.780864912250042,-52.989186791718815,1,139.9
alto alegre do iguacu,PR,-23.542811279858867,-52.28910357547104,2,74.69999999999999
alto alegre do maranhao,MA,-4.214134911794691,-44.44951278413494,1,88.9
alto alegre do pindare,MA,-3.724104406992829,-45.8639974185921,1,199.0
alto araguaia,MT,-17.31726008132973,-53.223327746417894,5,1085.73
alto boa vista,MT,-11.679428518842508,-51.37675429719136,5,418.0
alto caparao,MG,-20.444053497570113,-41.870324125615916,2,478.9
alto do rodrigues,RN,-5.294882466955311,-36.75812276543539,8,2737.46
alto garcas,MT,-16.946129151708696,-53.53109550892496,2,258.8
alto horizonte,GO,-14.194380211559102,-49.34015563206796,2,233.91
alto jequitiba,MG,-20.426509214614725,-41.96422219554987,3,211.89
alto paraiso,PR,-23.506786676066692,-53.72913819903985,1,56.99
alto paraiso,RO,-9.718738593907439,-63.32493531852187,1,1200.0
alto paraiso de goias,GO,-14.139317335379074,-47.51689810696474,9,1367.34
alto parana,PR,-23.130349004567282,-52.32030487158121,2,389.9
alto parnaiba,MA,-9.123470479520625,-45.94508688654757,5,777.79
alto piquiri,PR,-24.032267622640834,-53.43985746757152,1,412.0
alto rio doce,MG,-21.023159198844187,-43.41263491879728,4,213.42
alto rio novo,ES,-19.05822235499108,-41.01879814974316,2,266.5
alto santo,CE,-5.519712483344855,-38.26737385532684,3,622.89
alto taquari,MT,-17.831339487997212,-53.28242914765827,3,750.88
altonia,PR,-23.872113354531503,-53.89365493932053,3,494.9
altos,PI,-5.037933605097157,-42.45957464672137,5,1345.39
aluminio,SP,-23.523865508829502,-47.2566134724933,13,1252.15
alvarenga,MG,-19.417557882438132,-41.72756415518321,2,211.0
alvares florence,SP,-20.32133154751638,-49.90855487631705,2,185.76
alvares machado,SP,-22.07699368740586,-51.46756282500047,8,4022.57
alvaro de carvalho,SP,-22.082489832465455,-49.71827152171474,2,358.0
alvinopolis,MG,-20.10947269579902,-43.06361511147883,11,807.06
alvorada,RS,-30.042937059230738,-51.065009759823596,2,191.99
alvorada,RS,-30.039381614040515,-51.05661137540924,3,238.9
alvorada,RS,-30.03217996488206,-51.08217997757147,5,540.46
alvorada,RS,-30.021392632608613,-51.061249241300075,3,372.15
alvorada,RS,-30.02035002258635,-51.07946137103184,7,870.6
alvorada,RS,-30.016757116006893,-51.047992023381646,1,69.9
alvorada,RS,-30.007741653601478,-51.049365114845536,3,249.86
alvorada,RS,-30.006489300919636,-51.07951429592405,3,238.89
alvorada,RS,-30.004385603413855,-51.05439844391614,5,557.63
alvorada,RS,-30.00383653949312,-51.072956447041896,2,213.3
alvorada,RS,-29.9930707854867,-51.04546382051669,2,228.89
alvorada,RS,-29.9928639487548,-51.059011975307186,3,443.88
alvorada,RS,-29.991651370229434,-51.08151068242755,7,1301.86
alvorada,RS,-29.991573794204278,-51.07314325904212,2,394.62
alvorada,RS,-29.991162603853095,-51.01874926148034,2,294.8
alvorada,TO,-12.478669410006965,-49.122904845770265,6,1494.47
alvorada d'oeste,RO,-11.349470744463781,-62.2869731930518,1,359.98
alvorada do gurgueia,PI,-8.45259799999995,-43.94154833333329,1,37.0
alvorada do norte,GO,-14.485339149785249,-46.506223797764335,3,164.88
amambai,MS,-23.091896511618213,-55.22776222689038,6,751.98
amanari,CE,-3.504514941264218,-39.57289793990247,1,390.0
amapa do maranhao,MA,-1.6740152531915955,-46.01075156612798,1,15.9
amapora,PR,-23.094997161855197,-52.78673515900602,2,129.9
amaraji,PE,-8.376909914843816,-35.451891714402564,2,476.89
amarante,PI,-6.242804734400218,-42.853531041069,1,760.0
amargosa,BA,-13.027915958035509,-39.60169104219675,1,54.99
amelia rodrigues,BA,-12.401074390408349,-38.75449544203782,3,372.39
america dourada,BA,-11.45534706517941,-41.45792194795551,1,169.9
americana,SP,-22.769601469495434,-47.339790488872616,28,2678.15
americana,SP,-22.758026433771725,-47.2869273225229,5,771.41
americana,SP,-22.754937621777128,-47.34940396715031,27,2406.4
americana,SP,-22.75345124407542,-47.32701632231296,18,1388.92
americana,SP,-22.74373907712192,-47.33699738819053,20,2749.3
americana,SP,-22.7436469198625,-47.31203571315088,28,3395.2200000000003
americana,SP,-22.74294782078503,-47.24223035710892,4,444.9
americana,SP,-22.73738877505413,-47.30046810994614,4,472.03
americana,SP,-22.729530227308835,-47.35620012960916,11,1700.03
americana,SP,-22.726194334553124,-47.337254625787715,9,953.5
americana,SP,-22.72595185576499,-47.3164545822884,15,2508.58
americana,SP,-22.72062533010144,-47.307236879847224,17,1322.22
americana,SP,-22.720384808067173,-47.2784470613849,5,737.64
americana,SP,-22.71737712510739,-47.3546265821342,15,1904.5900000000001
americana,SP,-22.705059493303754,-47.2942847510832,10,1029.29
americano do brasil,GO,-16.25358822328803,-49.981568965848076,3,291.49
americo brasiliense,SP,-21.733215089379517,-48.1099398816381,17,2360.1
americo de campos,SP,-20.299358944929477,-49.73264497409821,1,279.9
ametista do sul,RS,-27.365846704987625,-53.178636499482884,2,242.8
amontada,CE,-3.3654681773745936,-39.83000034505478,1,45.9
amparo,SP,-22.721605279768422,-46.844150475904215,1,79.0
amparo,SP,-22.716115971598075,-46.778039302430166,9,2170.76
amparo,SP,-22.71386092511667,-46.76612661301402,5,1641.81
amparo,SP,-22.710900736908858,-46.80139536275989,27,3699.15
amparo,SP,-22.704024500994922,-46.75225411609291,4,349.77
amparo,SP,-22.703127966651635,-46.766321367772875,9,2322.4
amparo,SP,-22.700250708178448,-46.77331904709085,7,907.84
amparo,SP,-22.697794442961207,-46.72140143614964,1,225.0
amparo da serra,MG,-20.50873879690439,-42.80091590525793,1,49.95
ampere,PR,-25.91985831671865,-53.47434392960834,8,1595.27
anadia,AL,-9.684047221479462,-36.30329345457926,2,379.89
anage,BA,-14.611360791492,-41.13638283709852,1,63.8
analandia,SP,-22.12448307795461,-47.66233977037924,4,511.03
ananas,TO,-6.3691057628978305,-48.0732415223337,1,96.8
ananindeua,PA,-1.3899704480674155,-48.41140384238624,3,729.7
ananindeua,PA,-1.3881076251506195,-48.40910367226116,1,219.9
ananindeua,PA,-1.383956245789021,-48.40085962451576,2,1298.99
ananindeua,PA,-1.3800693425525121,-48.4155685112378,5,808.61
ananindeua,PA,-1.379322690075063,-48.38695563031493,3,356.0
ananindeua,PA,-1.3729866826398887,-48.37342724162104,4,577.88
ananindeua,PA,-1.3728254198129237,-48.4189487717972,3,725.17
ananindeua,PA,-1.3656248850543076,-48.38423467401917,8,1220.97
ananindeua,PA,-1.365623483493968,-48.404661798836536,9,1821.23
ananindeua,PA,-1.364773502126899,-48.39522558095571,3,178.5
ananindeua,PA,-1.364000311069558,-48.41415064143284,2,97.80000000000001
ananindeua,PA,-1.3607272834138184,-48.39092888914455,1,49.0
ananindeua,PA,-1.3591901571287894,-48.402328278264214,17,2244.87
ananindeua,PA,-1.353798777363931,-48.39245051533584,5,2680.63
ananindeua,PA,-1.35169068824456,-48.418610871369594,5,1683.38
ananindeua,PA,-1.3510618567702595,-48.384592118843095,3,534.89
ananindeua,PA,-1.3509015539844658,-48.39273384174923,1,128.56
ananindeua,PA,-1.3482592427561906,-48.40148710765368,7,1994.58
ananindeua,PA,-1.3390163245148177,-48.40574143859755,2,158.79000000000002
anapolis,GO,-16.39106444355094,-48.982925547994185,1,84.99
anapolis,GO,-16.386384059853633,-48.92904117384706,1,89.9
anapolis,GO,-16.38616771188452,-48.98072723616635,3,41.79
anapolis,GO,-16.381321246349216,-48.957756331677594,2,508.9
anapolis,GO,-16.37392231559416,-48.97419747856997,2,147.9
anapolis,GO,-16.369022278877495,-48.966672043111615,3,263.8
anapolis,GO,-16.366618931522964,-48.949528433535946,1,349.9
anapolis,GO,-16.363777942020416,-48.940812976311264,2,239.89000000000001
anapolis,GO,-16.35733187865407,-48.98245036597762,2,107.69
anapolis,GO,-16.355254458210943,-48.912581337765324,1,59.99
anapolis,GO,-16.353365825680722,-48.95402610633243,1,130.0
anapolis,GO,-16.34935519327304,-48.95546714694175,2,159.89000000000001
anapolis,GO,-16.34665129567618,-48.97310645617748,1,34.99
anapolis,GO,-16.343894962262315,-48.94562619577132,5,731.1700000000001
anapolis,GO,-16.34225887833526,-48.961587956147625,2,1093.9
anapolis,GO,-16.3411061442781,-48.937740850721205,2,190.89
anapolis,GO,-16.33838812658643,-48.92120105676616,4,271.98
anapolis,GO,-16.337586497699323,-48.95348845379074,1,249.0
anapolis,GO,-16.33581114196862,-48.972483792490635,2,569.92
anapolis,GO,-16.334040638552924,-48.95998244182967,2,284.99
anapolis,GO,-16.33320358612409,-48.93962957040374,12,3342.33
anapolis,GO,-16.33167341299556,-48.96720589145756,1,219.9
anapolis,GO,-16.32816846320203,-48.959207644116844,1,55.9
anapolis,GO,-16.327954380320946,-48.988554494554165,1,253.52
anapolis,GO,-16.32764458440344,-48.92860894518046,3,418.99
anapolis,GO,-16.326567467398455,-48.94157776675531,9,1154.55
anapolis,GO,-16.326158044681016,-48.95866736302757,1,115.0
anapolis,GO,-16.32462339867661,-48.952675162388054,1,80.94
anapolis,GO,-16.32147714294326,-48.930402796316216,4,642.3199999999999
anapolis,GO,-16.3210194600368,-48.96585329472612,1,122.99
anapolis,GO,-16.319566276006498,-48.91679375129968,1,91.8
anapolis,GO,-16.31893998751649,-48.945939494349034,4,593.78
anapolis,GO,-16.311214568291046,-48.94911330929502,2,505.0
anapolis,GO,-16.310764034708626,-48.93860985202588,2,115.4
anapolis,GO,-16.304343252405236,-48.94689902679983,3,80.89
anapolis,GO,-16.302667973468598,-48.93864596885983,3,244.86
anapolis,GO,-16.302479647142366,-48.95954361428613,6,1610.69
anapolis,GO,-16.28973171829413,-48.96914480380732,5,588.78
anapolis,GO,-16.287848576124805,-48.95670150614631,2,164.9
anapolis,GO,-16.283910268521197,-48.96467169251577,1,139.9
anapolis,GO,-16.28074007144806,-48.94477176465139,3,524.68
anapolis,GO,-16.278339866218843,-48.92872114143407,2,98.99000000000001
anapolis,GO,-16.277983274801578,-48.93513263251339,1,159.49
anapolis,GO,-16.270335492336965,-48.97669068217251,2,192.8
anastacio,MS,-20.492942856955928,-55.8021613612429,2,116.9
anaurilandia,MS,-22.183762002558534,-52.71823908697343,1,69.99
anchieta,ES,-20.800378086859887,-40.648849815509344,14,1983.8
anchieta,SC,-26.53662393358684,-53.33140901036454,3,302.70000000000005
andarai,BA,-12.787871113669794,-41.291232096591294,1,79.9
andira,PR,-23.04826806621512,-50.2306200176987,11,1462.18
andorinha,BA,-10.344702161161972,-39.83061876266924,5,691.1
andradas,MG,-22.07047143353818,-46.57354819165932,12,4070.31
andradina,SP,-20.90546920360634,-51.3816272285432,14,2293.17
andradina,SP,-20.905309694014125,-51.35871182039753,2,158.99
andradina,SP,-20.901325442673635,-51.395102580846526,1,150.0
andradina,SP,-20.894498796276807,-51.37393891769426,23,3700.37
andre da rocha,RS,-28.632841075906104,-51.57346986434233,1,119.0
andrelandia,MG,-21.739749890361267,-44.31003568552107,3,119.36
andrequice,MG,-18.25622999999996,-45.06661999999994,1,199.0
angatuba,SP,-23.495630988076112,-48.40720315622438,8,818.75
angelica,MS,-22.155563376147217,-53.77800467267233,1,53.9
angelina,SC,-27.58206007230407,-48.98438664013937,1,126.99
angical,BA,-12.006384427285656,-44.698162626990054,1,269.9
angical do piaui,PI,-6.079023820168208,-42.736124286027476,1,29.99
angicos,RN,-5.66603171630403,-36.60327364407801,1,65.99
angra dos reis,RJ,-23.033776516662837,-44.179425681179026,1,209.0
angra dos reis,RJ,-23.017119909364308,-44.52777928392437,9,4220.67
angra dos reis,RJ,-23.016652403662434,-44.34328334169126,2,364.0
angra dos reis,RJ,-23.015647011828968,-44.22147988194894,3,247.13
angra dos reis,RJ,-23.012719917722833,-44.53711953004649,5,2810.1800000000003
angra dos reis,RJ,-23.01194226332376,-44.27937630173947,1,19.7
angra dos reis,RJ,-23.008407848206094,-44.52042943779228,2,49.46
angra dos reis,RJ,-23.007750921116795,-44.316365798269004,7,1871.31
angra dos reis,RJ,-23.006181543618464,-44.30249060061675,1,120.0
angra dos reis,RJ,-23.005481738341025,-44.32846877727538,1,44.6
angra dos reis,RJ,-23.00366266722437,-44.43273919732221,1,185.99
angra dos reis,RJ,-23.003258607853137,-44.31169863683368,2,164.48
angra dos reis,RJ,-22.998972337423897,-44.305293524341295,8,593.78
angra dos reis,RJ,-22.995835015668575,-44.269199129363045,1,279.99
angra dos reis,RJ,-22.993717586511426,-44.23784751419985,11,2030.08
angra dos reis,RJ,-22.990363024010797,-44.247140598280055,1,180.0
angra dos reis,RJ,-22.981301197363237,-44.30340164923547,1,329.34000000000003
angra dos reis,RJ,-22.979654619727746,-44.300072618668366,4,556.98
angra dos reis,RJ,-22.975067710670686,-44.30433144181616,5,771.1800000000001
angra dos reis,RJ,-22.97331934160024,-44.292940959038646,1,1399.99
angra dos reis,RJ,-22.96892996702177,-44.440011355261674,6,859.7
angra dos reis,RJ,-22.965890276635704,-44.33941389878064,1,109.9
angra dos reis,RJ,-22.960010215505797,-44.28652433060667,3,702.98
angra dos reis,RJ,-22.949319889938874,-44.324088893714,4,235.8
angra dos reis,RJ,-22.94273300250208,-44.39440102941618,2,337.0
anguera,BA,-12.150285458856343,-39.245960093032245,1,99.0
angulo,PR,-23.193778863496295,-51.916279963471986,3,294.7
angustura,MG,-21.868313548258158,-42.698740442406134,1,139.0
anhandui,MS,-20.981461451885522,-54.503718322956225,1,69.0
anhembi,SP,-22.79055313296728,-48.1292283726356,1,106.9
anhumas,SP,-22.29612614613957,-51.387004974544936,1,58.99
anicuns,GO,-16.459840612028362,-49.96081462896285,8,661.9300000000001
anita garibaldi,SC,-27.687250757458745,-51.12836796676873,5,256.78
anitapolis,SC,-27.904106011201225,-49.12855017806725,2,608.99
anta,RJ,-22.18444537327552,-43.024487689835446,3,241.88
anta gorda,RS,-28.9720990314305,-52.00750426344917,4,577.7
antonina,PR,-25.43470443919635,-48.712753541824284,10,2077.57
antonina do norte,CE,-6.775232323102792,-39.98814021289837,1,76.8
antonio cardoso,BA,-12.437692684045293,-39.12045661530482,2,369.89
antonio carlos,MG,-21.321140140855793,-43.75206467047847,1,29.9
antonio carlos,SC,-27.516649881170018,-48.76884943896694,2,215.8
antonio goncalves,BA,-10.572745326309084,-40.27582593792593,1,34.9
antonio martins,RN,-6.2142660577689,-37.896717122442595,1,45.0
antonio pereira,MG,-20.28758954681794,-43.48123170237622,2,88.99000000000001
antonio prado,RS,-28.856785799862664,-51.28407511043693,5,554.2
antonio prado de minas,MG,-21.013832282687016,-42.119718442402366,3,282.0
antunes,MG,-19.919078673746107,-44.70012328311897,1,119.8
aparecida,SP,-22.851231225609038,-45.24664690995327,25,3740.96
aparecida d'oeste,SP,-20.453716066262192,-50.88276638535785,1,19.9
aparecida de goiania,GO,-16.838342751725133,-49.249193894017935,2,194.99
aparecida de goiania,GO,-16.833226611905975,-49.223291040648895,1,34.99
aparecida de goiania,GO,-16.826759426472105,-49.2857514515625,4,2388.8
aparecida de goiania,GO,-16.82599454960102,-49.25288266335554,1,420.0
aparecida de goiania,GO,-16.825125792464075,-49.24161792599853,4,396.13
aparecida de goiania,GO,-16.823089114833582,-49.234002424376285,2,550.8
aparecida de goiania,GO,-16.822735106094058,-49.24817482979011,1,120.0
aparecida de goiania,GO,-16.819400361031793,-49.31058371607391,4,388.98
aparecida de goiania,GO,-16.81553372770271,-49.23447529237231,3,209.88
aparecida de goiania,GO,-16.80650921009425,-49.30998512411221,2,116.97999999999999
aparecida de goiania,GO,-16.80068753195583,-49.244869140065255,1,199.9
aparecida de goiania,GO,-16.799345053628176,-49.315849539360634,2,175.89000000000001
aparecida de goiania,GO,-16.792611769215064,-49.27831133808283,2,279.79
aparecida de goiania,GO,-16.791034258917378,-49.24313808603426,1,210.0
aparecida de goiania,GO,-16.786551376769705,-49.327571224145316,1,66.0
aparecida de goiania,GO,-16.784626718863628,-49.29163146568625,1,13.65
aparecida de goiania,GO,-16.778832093083018,-49.27490249063375,2,628.9
aparecida de goiania,GO,-16.77649497606857,-49.33011614348685,1,54.72
aparecida de goiania,GO,-16.774789718843284,-49.34452160099674,2,343.47999999999996
aparecida de goiania,GO,-16.77318822214152,-49.29480730302569,1,129.0
aparecida de goiania,GO,-16.77245702499251,-49.31255863462465,2,415.8
aparecida de goiania,GO,-16.77138838884573,-49.25028229660642,2,129.99
aparecida de goiania,GO,-16.766552159923314,-49.33937440860811,4,888.8
aparecida de goiania,GO,-16.76213311410043,-49.29403499532152,8,995.0600000000001
aparecida de goiania,GO,-16.76188244796347,-49.259238775263746,2,203.78
aparecida de goiania,GO,-16.760988821784583,-49.33559368438868,4,949.99
aparecida de goiania,GO,-16.76050404896935,-49.27223580522195,1,59.9
aparecida de goiania,GO,-16.758755178879674,-49.255785808799686,3,192.2
aparecida de goiania,GO,-16.757760238926554,-49.21401552746121,4,310.19
aparecida de goiania,GO,-16.75497198934697,-49.31859334216938,1,56.99
aparecida de goiania,GO,-16.75351968070589,-49.26328917668249,2,329.7
aparecida de goiania,GO,-16.752305085194173,-49.281126222749315,1,99.99
aparecida de goiania,GO,-16.750497132009393,-49.224577049093455,11,596.28
aparecida de goiania,GO,-16.750328089933973,-49.295551383550404,4,167.89
aparecida de goiania,GO,-16.744576442862968,-49.27044851139697,8,501.86
aparecida de goiania,GO,-16.73986237318975,-49.23957169256309,2,194.89
aparecida de goiania,GO,-16.73966185131914,-49.25839669985379,3,524.79
aparecida de goiania,GO,-16.738582451821323,-49.244637529962326,5,663.0
aparecida de monte alto,SP,-21.59533285617727,-48.12446105412283,1,179.9
aparecida de sao manuel,SP,-22.731143832409984,-48.61068860654759,2,226.3
aparecida do rio negro,TO,-9.950409822060305,-47.975271675045946,1,115.0
aparecida do taboado,MS,-20.080651275371537,-51.10642297448527,7,2531.9
aperibe,RJ,-21.62582998898821,-42.10489089799902,12,1464.94
apiaca,ES,-21.153323461585163,-41.56743108039142,6,434.28
apiai,SP,-24.5103902774688,-48.84405829786659,6,547.5699999999999
apiuna,SC,-27.03913714021548,-49.387627154204594,7,1320.6
apodi,RN,-5.6608569705782,-37.797452609510444,3,377.89
apora,BA,-13.4688355351923,-39.240259895855324,1,44.9
apore,GO,-18.962628411703154,-51.92694163039694,1,134.64
apuarema,BA,-13.856428388404744,-39.744409767080825,1,169.99
apucarana,PR,-23.570884731488974,-51.4421049073579,3,325.7
apucarana,PR,-23.569519310799592,-51.45601790409828,1,141.12
apucarana,PR,-23.569465190152844,-51.46762547683917,10,524.0699999999999
apucarana,PR,-23.563589673310283,-51.454647147806256,2,179.82
apucarana,PR,-23.561813189234567,-51.44324696759992,1,27.9
apucarana,PR,-23.55735761468632,-51.48681824634586,7,1200.68
apucarana,PR,-23.554826632350057,-51.45069562281261,1,199.0
apucarana,PR,-23.554477080661936,-51.46575603144136,12,1357.3
apucarana,PR,-23.553924661670028,-51.42889211783705,4,124.89
apucarana,PR,-23.54647439105625,-51.43800364481964,2,768.8
apucarana,PR,-23.54060080145267,-51.45119611921,3,1416.9
apucarana,PR,-23.540358970941913,-51.44209907235756,1,89.9
apucarana,PR,-23.532455338081075,-51.4563926361493,3,238.29000000000002
apucarana,PR,-23.52629223078942,-51.433793220384665,1,89.99
apuiares,CE,-3.9469180609449297,-39.43145217180362,2,339.89
aquidaba,SE,-10.284765595865087,-37.01929312421029,1,89.0
aquidauana,MS,-20.467619302049197,-55.783090950473536,3,100.8
aquiraz,CE,-3.912322652354214,-38.376434985468876,1,370.0
aracaju,SE,-11.095856932967758,-37.13955066720921,1,1670.0
aracaju,SE,-11.069171319178423,-37.12184892858972,2,147.9
aracaju,SE,-11.009100371524916,-37.07712375730506,1,16.04
aracaju,SE,-10.995290040044722,-37.07824370932089,2,127.89
aracaju,SE,-10.991093025384375,-37.06067264161812,8,588.14
aracaju,SE,-10.9742077653413,-37.11147272292954,1,129.9
aracaju,SE,-10.971621542574368,-37.06734085812269,8,779.8199999999999
aracaju,SE,-10.971442688185936,-37.04572365122985,13,1792.46
aracaju,SE,-10.970928967723804,-37.080983169513544,5,308.89
aracaju,SE,-10.970192918436357,-37.055876729900504,13,2087.81
aracaju,SE,-10.965782153905561,-37.090233071433495,5,464.28000000000003
aracaju,SE,-10.95218213462681,-37.071899222286675,4,826.84
aracaju,SE,-10.94656974859965,-37.05723927128492,2,339.8
aracaju,SE,-10.944346611665654,-37.108649385021664,2,224.9
aracaju,SE,-10.942160880002492,-37.07095378394634,9,749.9300000000001
aracaju,SE,-10.941620988600222,-37.06357671975206,8,910.59
aracaju,SE,-10.940341097961172,-37.08177405158293,13,860.99
aracaju,SE,-10.93955034544502,-37.07455227943987,2,1374.99
aracaju,SE,-10.938410731143044,-37.05714864189226,13,2706.5699999999997
aracaju,SE,-10.933659640528752,-37.078849409032145,7,1573.3000000000002
aracaju,SE,-10.932214518629301,-37.06606772200168,10,1600.4
aracaju,SE,-10.930242851157969,-37.05169080950513,13,3519.93
aracaju,SE,-10.926518032378095,-37.063537926753256,11,2004.44
aracaju,SE,-10.922406650065621,-37.05085280943781,7,1400.79
aracaju,SE,-10.919017101170654,-37.06391361774778,3,523.8
aracaju,SE,-10.91741858642422,-37.08039626822076,2,264.89
aracaju,SE,-10.915091555575323,-37.07258961553335,2,107.0
aracaju,SE,-10.914798799384592,-37.08484479800094,4,427.79
aracaju,SE,-10.913110813044037,-37.0617440450815,4,933.49
aracaju,SE,-10.912450687557357,-37.05343453122495,9,1545.58
aracaju,SE,-10.911327927936012,-37.082550183617094,1,24.99
aracaju,SE,-10.906642347739764,-37.08134128723086,2,845.9
aracaju,SE,-10.90222576109962,-37.07553769756351,3,223.69
aracaju,SE,-10.90150986321407,-37.06910993197745,3,568.9
aracaju,SE,-10.898652277739844,-37.06144198000048,3,314.96999999999997
aracaju,SE,-10.897385022112969,-37.053243073427566,4,445.67
aracaju,SE,-10.895664917664018,-37.09558197849862,6,1011.49
aracaju,SE,-10.89454764975538,-37.081855714053674,5,626.29
aracaju,SE,-10.892619450325334,-37.053014393777325,1,64.99
aracaju,SE,-10.886335918704054,-37.06247652903858,1,349.9
aracariguama,SP,-23.434370516019598,-47.06736198733114,8,616.88
aracati,CE,-4.566714237937559,-37.76420388407891,21,2629.54
aracatu,BA,-14.417742491973552,-41.44989365700188,1,75.99
aracatuba,SP,-21.232308702656155,-50.46392319046967,5,349.68
aracatuba,SP,-21.232151412095455,-50.42328276921461,1,129.9
aracatuba,SP,-21.227635317928385,-50.43629630801112,5,761.7
aracatuba,SP,-21.227537006658547,-50.45588703268647,9,839.27
aracatuba,SP,-21.22265402601631,-50.44648724527548,11,2324.94
aracatuba,SP,-21.220091286892753,-50.41656092527555,11,761.28
aracatuba,SP,-21.21730763590336,-50.468755150100804,5,598.79
aracatuba,SP,-21.21341343877384,-50.45480090954099,8,886.99
aracatuba,SP,-21.21267464200527,-50.434138792952936,9,2348.87
aracatuba,SP,-21.211705991894554,-50.40363945155295,2,43.89
aracatuba,SP,-21.20829301483963,-50.440377445322774,11,1175.97
aracatuba,SP,-21.206639681687747,-50.42442813401057,3,234.89000000000001
aracatuba,SP,-21.205636066227097,-50.465432093614616,5,263.7
aracatuba,SP,-21.201786668449525,-50.45806674629396,6,631.5899999999999
aracatuba,SP,-21.200679906466263,-50.47847522594972,1,86.9
aracatuba,SP,-21.19657051682266,-50.44251106613128,13,1307.8600000000001
aracatuba,SP,-21.193288718426633,-50.45279406867943,7,946.68
aracatuba,SP,-21.19324094899647,-50.42907976182889,1,100.0
aracatuba,SP,-21.186663863486476,-50.428373461773226,2,164.99
aracatuba,SP,-21.18603439619959,-50.459283458495186,5,335.70000000000005
aracatuba,SP,-21.17263500549719,-50.449305508202784,5,518.59
aracatuba,SP,-21.1707642530602,-50.46967140971231,1,158.0
aracatuba,SP,-21.169917105554646,-50.43855197921924,12,1619.21
arace,ES,-20.010857207379935,-40.79846476486159,4,413.4
araci,BA,-11.335260862257696,-38.96194718415279,3,277.87
aracitaba,MG,-21.341162438544124,-43.37755847112716,2,119.80000000000001
aracoiaba,CE,-4.398558702292383,-38.76904696367999,3,497.79999999999995
aracoiaba,PE,-7.788981425274833,-35.088852685542996,2,78.67
aracoiaba da serra,SP,-23.515283983306002,-47.61018378267268,11,1511.5700000000002
aracruz,ES,-19.92700998308417,-40.143464044043945,7,847.07
aracruz,ES,-19.895311394878437,-40.0991007353037,2,64.89
aracruz,ES,-19.835260030529938,-40.261549576521105,6,388.70000000000005
aracruz,ES,-19.831754489582025,-40.27247536739889,6,526.54
aracruz,ES,-19.824159235073566,-40.26429872543493,9,1044.1
aracruz,ES,-19.82256891358971,-40.27108349346427,6,932.4
aracruz,ES,-19.82225062605563,-40.06303351092967,2,157.48000000000002
aracuai,MG,-16.882338803976648,-42.08993711129527,9,1362.98
aragarcas,GO,-15.91083602415266,-52.232512027994474,3,156.88
aragoiania,GO,-16.911487435484606,-49.44975502260816,1,112.9
araguacu,TO,-12.927970803068616,-49.82627300068317,1,129.5
araguaia,ES,-20.41550908384522,-40.64411836054274,1,49.0
araguaina,TO,-7.223332021171614,-48.23804783497878,1,99.99
araguaina,TO,-7.208060814694318,-48.20287963367669,6,1652.79
araguaina,TO,-7.202188555675938,-48.2325150283776,2,82.89
araguaina,TO,-7.200586401719995,-48.21000716924815,3,250.89
araguaina,TO,-7.199698939950062,-48.218470629449776,1,39.99
araguaina,TO,-7.197694201747723,-48.22419733491657,1,160.56
araguaina,TO,-7.197547887193864,-48.19871468334504,4,1042.8899999999999
araguaina,TO,-7.193865577197301,-48.22455913346658,1,1999.0
araguaina,TO,-7.193500853204221,-48.20907457718583,3,249.75000000000003
araguaina,TO,-7.1890787268034195,-48.20766259906818,2,196.0
araguaina,TO,-7.188659381423929,-48.192818535047564,1,27.99
araguaina,TO,-7.1850117483953,-48.2146592701718,2,236.99
araguaina,TO,-7.183268124215672,-48.20520223687425,8,793.0799999999999
araguaina,TO,-7.172454169046918,-48.20188144663083,3,551.98
araguana,MA,-2.9505096665532773,-45.66542619168681,1,119.0
araguapaz,GO,-15.098425662944779,-50.617515281317765,2,120.9
araguari,MG,-18.66100251186824,-48.1809791800025,3,179.98
araguari,MG,-18.660782247285137,-48.18960919009722,1,2399.0
araguari,MG,-18.657048010586077,-48.20933347554194,3,104.89
araguari,MG,-18.652644433692657,-48.192235480006914,22,4260.67
araguari,MG,-18.645099494741665,-48.20499335469828,8,595.48
araguari,MG,-18.642201383387075,-48.17801460034548,5,959.0
araguari,MG,-18.634824794686104,-48.20473047781967,6,1417.4
araguari,MG,-18.63091751905351,-48.18952481796858,6,953.0999999999999
araguatins,TO,-5.650280663884922,-48.12128374688021,5,681.98
aramari,BA,-12.091330630741258,-38.5003316145126,2,167.4
arame,MA,-4.8897314492920385,-46.00677976876072,1,29.99
aramina,SP,-20.092201099659754,-47.79068484733614,1,97.9
arandu,SP,-23.136564843736068,-49.05444039853914,3,235.60000000000002
arantina,MG,-21.91515898275318,-44.25360039856993,1,180.0
arapei,SP,-22.67367247295803,-44.446542673956124,2,324.89
arapiraca,AL,-9.780292535913643,-36.638107098974785,3,185.78
arapiraca,AL,-9.76633315087035,-36.648368952495,1,559.6
arapiraca,AL,-9.762308670177775,-36.66186146327258,3,672.1800000000001
arapiraca,AL,-9.754148588158948,-36.650580338499516,1,69.0
arapiraca,AL,-9.752028855259624,-36.66119720649593,3,2571.89
arapiraca,AL,-9.750486268406371,-36.67025543735731,3,979.4
arapiraca,AL,-9.748612992172763,-36.64327251503135,1,29.99
arapiraca,AL,-9.744918482262285,-36.65228572185717,5,1310.37
arapiraca,AL,-9.742353267111577,-36.668854706337854,1,386.75
arapiraca,AL,-9.742123376677789,-36.656404204334926,4,1672.88
arapiraca,AL,-9.736775346897518,-36.66277671590849,2,79.89
arapiraca,AL,-9.732249599240678,-36.67364367685701,2,210.98000000000002
arapoema,TO,-7.656670780626437,-49.06430152660563,1,55.9
araponga,MG,-20.6671706287898,-42.52110705532634,2,239.9
arapongas,PR,-23.427901225690107,-51.42388542180935,3,313.76
arapongas,PR,-23.424820380972882,-51.433661455899596,1,259.9
arapongas,PR,-23.4189654102501,-51.43219700397672,2,76.9
arapongas,PR,-23.414867372419952,-51.444119935095515,4,1395.88
arapongas,PR,-23.4113463313012,-51.456941759624996,3,170.88
arapongas,PR,-23.410186232406375,-51.43533751913039,5,2342.7
arapongas,PR,-23.409197664150433,-51.43758719780282,2,118.0
arapongas,PR,-23.408572942829053,-51.42299747613877,1,175.0
arapongas,PR,-23.39370548478192,-51.424410974802846,2,309.0
arapongas,PR,-23.393188641236925,-51.419884975930565,3,356.46999999999997
arapongas,PR,-23.39099271619536,-51.41713700327699,2,283.9
arapongas,PR,-23.390606579747445,-51.44664446905575,4,522.67
arapora,MG,-18.43362550795021,-49.18567170784165,5,1144.38
arapoti,PR,-24.142597510300845,-49.82236722660047,9,966.97
arapua,MG,-19.03641623988676,-46.1522510525546,1,89.0
araputanga,MT,-15.46944533964881,-58.34773170554173,4,517.45
araquari,SC,-26.407378348238257,-48.75811272641001,11,993.25
arara,PB,-6.8277176355033395,-35.76039334973399,1,109.9
ararangua,SC,-28.95312281883734,-49.49939694824806,2,109.89
ararangua,SC,-28.945863731081218,-49.48379647617015,3,253.7
ararangua,SC,-28.944044468843746,-49.49918340607663,6,1075.47
ararangua,SC,-28.939009074598115,-49.46717344799409,3,324.89
ararangua,SC,-28.935732876825327,-49.48086944377984,4,482.59999999999997
araraquara,SP,-21.82152967191702,-48.14485939614036,8,801.1700000000001
araraquara,SP,-21.805778579166546,-48.18222241540426,17,1789.64
araraquara,SP,-21.804400431472423,-48.16063426334249,10,1022.44
araraquara,SP,-21.80269733608869,-48.205259611524006,1,59.0
araraquara,SP,-21.790782716262665,-48.185502465188435,32,5530.73
araraquara,SP,-21.781324254660284,-48.14382108750103,13,1708.57
araraquara,SP,-21.78007637120952,-48.15914226625744,23,4456.9400000000005
araraquara,SP,-21.772225708483823,-48.18022222658397,20,2095.32
araraquara,SP,-21.76715857542242,-48.19822719379917,6,187.63
araraquara,SP,-21.751257937325867,-48.15881579410835,13,1631.1100000000001
araraquara,SP,-21.748456970942197,-48.186046468398914,7,589.3
araras,SP,-22.379486304301004,-47.379882475922344,6,553.04
araras,SP,-22.37006124500208,-47.38887462828356,11,1784.49
araras,SP,-22.36916997475874,-47.362793483002676,21,2328.86
araras,SP,-22.36459021058877,-47.394984516372936,5,396.78999999999996
araras,SP,-22.35605528854832,-47.32474977930578,1,289.9
araras,SP,-22.355359127465096,-47.384915976643846,16,3570.77
araras,SP,-22.35406719356518,-47.33509488865542,3,284.8
araras,SP,-22.349908077989376,-47.40075340499851,12,1490.99
araras,SP,-22.34640471097112,-47.36901614515177,5,732.03
araras,SP,-22.33625019177183,-47.38116671311143,13,1755.71
arari,MA,-3.450955216573816,-44.77844191510273,2,708.8
ararica,RS,-29.62040581051365,-50.92767520814332,2,187.0
araripe,CE,-7.198190230663674,-40.141118021081645,1,129.6
araripina,PE,-7.577678685814366,-40.501362066517,11,1070.58
araruama,RJ,-22.86965694518422,-42.321414936246086,74,16889.31
araruna,PB,-6.534118134203998,-35.743283898915735,1,129.9
araruna,PR,-23.929495728966735,-52.50064919097112,4,429.97
arataca,BA,-15.261549087667621,-39.416715230662405,1,795.0
aratiba,RS,-27.393878979446516,-52.30079208837952,1,92.5
aratuba,CE,-4.419358212248046,-39.04633611936836,2,343.9
araucaria,PR,-25.612764068813906,-49.37234951517324,10,452.45
araucaria,PR,-25.598513896748226,-49.38893006212152,9,683.37
araucaria,PR,-25.590865340837354,-49.40299274485168,9,806.09
araucaria,PR,-25.587446676750563,-49.38348516319561,4,105.39
araucaria,PR,-25.582394670163957,-49.40533988594558,1,19.9
araucaria,PR,-25.574237641971923,-49.41083979141846,5,1325.26
araucaria,PR,-25.564537684252358,-49.39532110345252,4,540.8
araucaria,PR,-25.544926406672577,-49.38611701246357,5,549.25
araucaria,PR,-25.544521880722883,-49.36104447895513,7,603.59
araujos,MG,-19.94457443092869,-45.16634204091043,5,2490.5
araxa,MG,-19.605227525304734,-46.92587490743116,16,3625.27
araxa,MG,-19.601855530716918,-46.94478152003333,12,1956.17
araxa,MG,-19.59656150595795,-46.9374884832494,24,4915.48
araxa,MG,-19.582399237133544,-46.953795723294085,15,1840.33
araxa,MG,-19.575738799221277,-46.93172776145897,8,709.1700000000001
arceburgo,MG,-21.364132750962657,-46.93989548487439,7,924.14
arcos,MG,-20.288301513728257,-45.541300693446196,25,5391.7300000000005
arcoverde,PE,-8.419893014226949,-37.05670084604081,3,276.9
arcoverde,PE,-8.414747298654063,-37.06880642687475,1,139.0
arcoverde,PE,-8.41262365605496,-37.063099419134986,1,99.9
areado,MG,-21.35871206261818,-46.1449665979704,6,1246.69
areal,RJ,-22.243707999292415,-43.09854917159979,7,1152.18
arealva,SP,-22.02950145575722,-48.91356673220313,3,176.69
areia,PB,-6.96672904710812,-35.70250563207212,2,119.80000000000001
areia branca,RN,-4.956031992866762,-37.12783949027907,3,183.6
areia branca dos assis,PR,-10.47824576489704,-41.01273995996873,3,462.54
areial,PB,-7.048617955582523,-35.92421174107332,1,159.9
areias,SP,-22.582287289027455,-44.69615578487731,3,441.86
areiopolis,SP,-22.673653276922302,-48.66588290743374,3,896.49
arembepe,BA,-12.724844654264318,-38.216389601246426,2,429.7
arenapolis,MT,-14.460089676675953,-56.84269476021982,2,328.85
arenopolis,GO,-16.385489638361854,-51.55956684307419,1,108.9
arinos,MG,-15.920350682439093,-46.10773503284158,8,752.0699999999999
aripuana,MT,-10.185039835290205,-59.460581802148454,8,1124.78
ariquemes,RO,-9.910598282583434,-63.04023428820199,5,677.4
ariquemes,RO,-9.910053292877443,-63.01413924048688,1,149.99
ariquemes,RO,-9.908502986231241,-63.026814467602215,2,758.99
ariquemes,RO,-9.9031470369918,-63.03373155392542,2,2139.0
ariquemes,RO,-9.899065156513377,-63.06167211251028,1,39.9
ariquemes,RO,-9.891410157473626,-63.04214782124408,2,359.69
ariranha,SP,-21.189588340616634,-48.78771758700769,5,531.49
armacao dos buzios,RJ,-22.766572484803717,-41.908675205986285,28,4817.41
armazem,SC,-28.259765661012782,-49.017760094190386,2,249.9
arneiroz,CE,-6.325943690618894,-40.15613983579525,2,349.6
aroeiras,PB,-7.546247807895233,-35.70730669344224,1,149.99
arraial d ajuda,BA,-16.400187212609048,-39.26274691403601,1,72.62
arraial d'ajuda,BA,-16.400187212609048,-39.26274691403601,7,594.42
arraial do cabo,RJ,-22.96356603137059,-42.0506509016767,28,5176.55
arraias,TO,-12.92069951964487,-46.95008122252024,2,197.9
arroio do meio,RS,-29.394875869959982,-51.945171165133004,9,1400.22
arroio do sal,RS,-29.5409423986955,-49.88526690603356,7,918.97
arroio do tigre,RS,-29.333450448380372,-52.995051771964,2,285.0
arroio dos ratos,RS,-30.089920662146096,-51.73152450330508,9,1034.18
arroio grande,RS,-32.23566062512626,-53.078851281770035,3,336.77
arroio trinta,SC,-26.928511307806666,-51.335122525174846,1,169.9
arrozal,RJ,-22.594589669312334,-44.0307961050585,3,833.89
artur nogueira,SP,-22.571207861628345,-47.1657687687331,40,5949.7
aruana,GO,-14.925081878468896,-51.07954333755951,2,144.8
aruja,SP,-23.42010584722878,-46.36404690153762,2,77.99000000000001
aruja,SP,-23.41598366730682,-46.315863712631874,4,317.37
aruja,SP,-23.415885027103926,-46.321247507833306,3,145.39
aruja,SP,-23.414800376216878,-46.30248198721292,1,70.0
aruja,SP,-23.407026645928973,-46.32327742813022,5,980.66
aruja,SP,-23.406609398356522,-46.293051199615086,5,644.88
aruja,SP,-23.406306523317348,-46.36483792601541,1,65.0
aruja,SP,-23.405155780523586,-46.3429670137058,6,702.26
aruja,SP,-23.396334781814467,-46.314705695414155,8,624.49
aruja,SP,-23.396225427258642,-46.324075599173696,7,578.4100000000001
aruja,SP,-23.392560752083302,-46.3109386294863,2,399.9
aruja,SP,-23.38957426114359,-46.299710029692385,4,547.09
aruja,SP,-23.3891304354913,-46.32152216968716,6,552.87
aruja,SP,-23.38380237708849,-46.32344343196277,12,1331.57
arvoredo,SC,-27.078409010542018,-52.45510633727941,1,34.3
arvorezinha,RS,-28.87190543829348,-52.180111441190874,4,262.5
ascurra,SC,-26.95718708184798,-49.37627016510524,4,342.6
assai,PR,-23.375451280881514,-50.84580510209072,5,861.5699999999999
assare,CE,-6.874763274275399,-39.871397278605194,1,81.0
assis,SP,-22.67568027378032,-50.4375555298538,2,239.85
assis,SP,-22.670164793097833,-50.41134929119473,6,635.59
assis,SP,-22.669353928606768,-50.42693117309733,7,736.48
assis,SP,-22.665586099934302,-50.41524708602695,15,1832.6200000000001
assis,SP,-22.663902111270872,-50.43581803310741,6,413.62
assis,SP,-22.66386173928505,-50.399777169759474,2,139.8
assis,SP,-22.65739937232149,-50.40967596560367,7,686.4
assis,SP,-22.655662293967403,-50.39542900698363,8,1469.65
assis,SP,-22.655502343064516,-50.4257100791395,10,1555.5
assis,SP,-22.645362089009037,-50.4239052997087,9,1677.52
assis,SP,-22.64495965518853,-50.40256692101122,8,1598.4
assis,SP,-22.63949888592055,-50.39647120027607,3,1183.9
assis,SP,-22.633555499999996,-50.42109374999998,1,29.9
assis chateaubriand,PR,-24.402021416487024,-53.51740411970834,12,1200.31
assuncao,PB,-7.077091335231696,-36.732248704492505,1,80.0
astolfo dutra,MG,-21.314030738133884,-42.864233964033346,11,1294.52
astorga,PR,-23.236673429298893,-51.667933872284294,7,411.77
atalaia,AL,-9.506693572289144,-36.01488129857166,1,89.58
atalanta,SC,-27.421321255507692,-49.782950034762216,1,263.99
ataleia,MG,-18.05755085116548,-41.13523097260995,2,164.8
atibaia,SP,-23.196335617852228,-46.58709106544782,3,294.3
atibaia,SP,-23.1524633151899,-46.59227999547524,6,467.33
atibaia,SP,-23.141731401854,-46.582233945880695,8,858.69
atibaia,SP,-23.14170693300737,-46.55109717181269,11,1764.6599999999999
atibaia,SP,-23.138324697214138,-46.558376432905796,11,1570.48
atibaia,SP,-23.127776892616296,-46.56912055201629,9,877.77
atibaia,SP,-23.124376740381013,-46.582791553466556,15,1868.79
atibaia,SP,-23.123122478910513,-46.54158063237093,11,1852.3
atibaia,SP,-23.122809182908796,-46.560050093984486,22,1734.27
atibaia,SP,-23.11473052430801,-46.55288053987791,20,3711.13
atibaia,SP,-23.112732633479,-46.52709406779922,12,1619.8400000000001
atibaia,SP,-23.109338900643962,-46.55435220767657,7,742.38
atibaia,SP,-23.09537257517733,-46.6002934902457,1,158.54
atibaia,SP,-23.08992524585618,-46.61165422508775,6,848.09
atibaia,SP,-23.073803305772532,-46.55657840378331,12,1975.1599999999999
atilio vivacqua,ES,-20.92514780451319,-41.19649395129351,1,89.9
augustinopolis,TO,-5.468343671814179,-47.88830548742561,1,107.0
augusto correa,PA,-1.0290114158609165,-46.63185977164168,3,347.99
augusto pestana,RS,-28.51518329915839,-53.994146190298764,2,76.88
aurea,RS,-27.695424021485227,-52.05365156194243,2,409.5
auriflama,SP,-20.685083174259976,-50.55462075520381,10,1871.6599999999999
aurilandia,GO,-16.6800504509085,-50.46526066427959,1,122.99
aurora,CE,-6.944245619931199,-38.965894156976866,3,367.69
aurora,SC,-27.314662192631335,-49.636809990266705,2,371.9
aurora do para,PA,-2.1350551769507287,-47.55795963271966,1,78.0
avanhandava,SP,-21.460710063924196,-49.94644521887572,7,757.6800000000001
avare,SP,-23.123106641515292,-48.93143634376667,6,1037.54
avare,SP,-23.115200266570508,-48.935964858633014,3,283.9
avare,SP,-23.11203088124565,-48.90588619066807,6,525.6
avare,SP,-23.104584896212874,-48.924515348484846,10,1251.34
avare,SP,-23.103845020089445,-48.91419147685257,8,499.57
avare,SP,-23.10036072961865,-48.934590528716264,8,869.6800000000001
avare,SP,-23.086381167892863,-48.931017748184935,10,1776.06
avare,SP,-23.08479670259089,-48.92432575258555,3,285.8
avare,SP,-23.084538184716042,-48.91483917390776,9,1853.4799999999998
avelar,RJ,-22.328393555627752,-43.412791880163304,4,606.0
avelino lopes,PI,-10.141657474791316,-43.94873133203079,2,72.89
azurita,MG,-20.007877399332763,-44.471417089490245,3,169.70000000000002
bacabal,MA,-4.226384665835355,-44.78906394035817,11,3243.71
bacaxa,RJ,-22.893316085785226,-42.47000671301413,1,57.9
bacuri,MA,-1.7280569130405292,-45.14182897643022,3,315.42
bady bassitt,SP,-20.91711533777068,-49.45081883954137,6,517.8
baependi,MG,-21.961660896718744,-44.88903628055419,8,1409.04
bage,RS,-31.352266981510873,-54.09248670688417,1,59.0
bage,RS,-31.34224709120265,-54.121125755350384,1,249.9
bage,RS,-31.33876803150761,-54.07827334104643,7,954.39
bage,RS,-31.332879107506674,-54.0900643956009,7,248.39999999999998
bage,RS,-31.329277566734664,-54.12173057806752,3,314.70000000000005
bage,RS,-31.32726762241418,-54.106450230952454,27,6013.34
bage,RS,-31.31768106146857,-54.09166490540178,6,344.39
bage,RS,-31.31122286365535,-54.11789120856082,2,61.72
bage,RS,-31.309193871799618,-54.12949268843116,1,131.99
bage,RS,-31.308276949713825,-54.11162108027439,4,334.6
bage,RS,-31.30782761089549,-54.07568127448965,2,199.89000000000001
bage,RS,-31.295172095454568,-54.13316767422157,1,24.32
baianopolis,BA,-12.305739641294254,-44.5388124087167,2,416.3
baixa grande,BA,-11.96147261711341,-40.16778905956732,1,44.0
baixa grande do ribeiro,PI,-7.9084243651879484,-45.21088308989325,1,159.99
baixo guandu,ES,-19.512568777088724,-41.012926255435566,8,1399.1
balbinos,SP,-21.901262418619652,-49.356838571590075,1,55.32
baldim,MG,-19.36780513170426,-43.961128987125576,2,650.99
balneario arroio do silva,SC,-28.987417284967577,-49.41824148200645,4,379.88
balneario barra do sul,SC,-26.457623308124248,-48.617052626479015,4,393.3
balneario camboriu,SC,-28.081186373860085,-49.08096888267531,1,84.9
balneario camboriu,SC,-27.051086825347255,-48.59435103955275,1,119.99
balneario camboriu,SC,-27.022839080670007,-48.614820307969715,1,399.9
balneario camboriu,SC,-27.014997010187425,-48.605392601130276,5,2402.69
balneario camboriu,SC,-27.00670251586726,-48.63626562622732,4,303.9
balneario camboriu,SC,-26.992704286772554,-48.63215150489717,62,10684.039999999999
balneario camboriu,SC,-26.97670723721944,-48.64453806319266,13,806.67
balneario camboriu,SC,-26.96718397480239,-48.635726180750765,9,1093.6399999999999
balneario camboriu,SC,-26.93703986117911,-48.64531681866588,1,713.6
balneario gaivota,SC,-29.16236308526977,-49.59324966442112,3,282.3
balneario picarras,SC,-26.760771390660455,-48.681909781747734,8,1426.81
balneario pinhal,RS,-30.243801490942474,-50.26317884150175,7,898.57
balneario rincao,SC,-28.827613789684147,-49.23380837183449,3,393.0
balsa nova,PR,-25.57349560568768,-49.62757015584016,1,19.45
balsamo,SP,-20.73716391788846,-49.58219749414946,6,1257.23
balsas,MA,-7.5314749353251536,-46.04310515312331,17,5274.43
bambui,MG,-20.01516131652096,-45.97684756408032,18,2206.67
banabuiu,CE,-5.305421492508686,-38.91961635134182,1,79.0
bananal,SP,-22.68345055122797,-44.318917933330425,5,582.25
bananeiras,PB,-6.748088778361755,-35.63143101928754,5,295.24
bandeira,MG,-15.885797701961174,-40.5622830184042,3,347.71
bandeira do sul,MG,-21.730125416985874,-46.3864678018016,2,414.9
bandeirantes,MS,-19.909944722599914,-54.36436481330819,1,89.9
bandeirantes,PR,-23.111896862925292,-50.37155139815296,13,1728.2
bandeirantes d'oeste,SP,-23.106241494540207,-50.377957047095386,1,49.99
bandeirantes do tocantins,TO,-7.759597790519602,-48.57808559792473,2,369.98
banzae,BA,-10.585166781112665,-38.61846189558877,1,99.99
barao,RS,-29.376412430019997,-51.499123783250354,1,31.9
barao ataliba nogueira,SP,-22.385054284853233,-46.746542723742934,1,1300.0
barao de cocais,MG,-19.934737596235344,-43.48055574244055,18,1958.4
barao de cotegipe,RS,-27.61701405791804,-52.38039524446383,2,126.88999999999999
barao de juparana,RJ,-22.344358414159082,-43.68163917845686,1,28.49
barao do triunfo,RS,-30.397890461023405,-51.74683334081304,1,79.99
barauna,RN,-5.080090580762593,-37.61646139949968,1,229.99
barbacena,MG,-21.227355100370914,-43.77268466098553,25,4717.9400000000005
barbacena,MG,-21.225722260767256,-43.78891728173811,13,1550.66
barbacena,MG,-21.222643619227032,-43.75609054846465,14,1603.54
barbacena,MG,-21.210669607756003,-43.77895878236746,18,3408.52
barbacena,MG,-21.20846597866159,-43.75933020854842,9,920.78
barbalha,CE,-7.310555661406291,-39.30173021019368,6,1302.98
barbosa ferraz,PR,-24.027435144481696,-52.009024023193035,3,497.9
barcarena,PA,-1.5102279770314466,-48.62740618997888,6,1084.17
bariri,SP,-22.074022270567585,-48.74025621655563,15,2706.45
barra,BA,-11.091426618171694,-43.14545144223989,2,143.9
barra bonita,SP,-22.48619767441374,-48.559591023505334,28,3902.4300000000003
barra da estiva,BA,-13.627303617775587,-41.32764243619517,7,860.57
barra de guabiraba,PE,-8.420432402918046,-35.661620866823256,2,486.4
barra de santa rosa,PB,-6.722975852710321,-36.05636685098978,1,254.4
barra de santo antonio,AL,-9.408516706471508,-35.50889634074188,2,567.0
barra de sao francisco,ES,-18.748313722680667,-40.885885898230484,9,627.56
barra de sao joao,RJ,-22.575959641973594,-41.98864949398983,13,2440.85
barra de sao miguel,AL,-9.83863907011189,-35.89620514866875,2,155.98000000000002
barra do bugres,MT,-15.069536524574868,-57.187765718121476,4,840.25
barra do choca,BA,-14.79282531410588,-40.625292624565986,3,799.0
barra do corda,MA,-5.504495037749826,-45.24672365808475,7,889.89
barra do garcas,MT,-15.878862656849224,-52.27357365971645,25,4076.2000000000003
barra do jacare,PR,-23.112718429096926,-50.175860427059064,1,57.9
barra do mendes,BA,-11.81567580101508,-42.059525987376695,3,323.99
barra do pirai,RJ,-22.508524005160282,-43.808905424900296,3,333.70000000000005
barra do pirai,RJ,-22.485710643990817,-43.82985141328361,2,56.8
barra do pirai,RJ,-22.481575209710517,-43.81565467245576,5,451.17
barra do pirai,RJ,-22.480037319076107,-43.82115702338504,4,431.89
barra do pirai,RJ,-22.474209503357912,-43.83556848791883,5,351.8
barra do pirai,RJ,-22.47416584983119,-43.83036811337703,7,635.08
barra do pirai,RJ,-22.47147348398906,-43.82176084577266,1,21.96
barra do pirai,RJ,-22.466468503185524,-43.83475746065729,5,598.97
barra do pirai,RJ,-22.464089276728878,-43.81394451870881,8,1209.78
barra do pirai,RJ,-22.462748523675806,-43.815350946305074,7,861.25
barra do pirai,RJ,-22.458219851805232,-43.820842712198385,2,106.80000000000001
barra do ribeiro,RS,-30.29829374043067,-51.308982963290255,5,553.78
barra do rio azul,RS,-27.410053168682186,-52.41363609091986,1,99.0
barra do tarrachil,BA,-13.00910117780522,-38.525978987269255,3,272.9
barra do turvo,SP,-24.778404880119687,-48.49975225264679,3,293.9
barra dos coqueiros,SE,-10.910546001317837,-37.02852300227634,3,484.82000000000005
barra longa,MG,-20.28331413855323,-43.03934543153543,1,1300.0
barra mansa,RJ,-22.58269647876208,-44.17485279201172,6,1131.55
barra mansa,RJ,-22.564272403953478,-44.16186623183615,8,1257.47
barra mansa,RJ,-22.562802278457887,-44.17158974089948,2,140.89
barra mansa,RJ,-22.55568472318865,-44.181129426165576,4,661.89
barra mansa,RJ,-22.552712043459888,-44.12272867995745,2,32.7
barra mansa,RJ,-22.55204237694447,-44.154539497456554,4,441.70000000000005
barra mansa,RJ,-22.548465250035648,-44.16762552681853,10,3402.46
barra mansa,RJ,-22.546941496706495,-44.131987803233116,2,184.99
barra mansa,RJ,-22.545549881862076,-44.23261292062814,5,469.69
barra mansa,RJ,-22.544732957119646,-44.176405918697846,10,997.47
barra mansa,RJ,-22.543397483799477,-44.125960215300545,1,13.99
barra mansa,RJ,-22.542813369317447,-44.17172225377748,2,359.8
barra mansa,RJ,-22.542607796501027,-44.11539841781968,7,2141.87
barra mansa,RJ,-22.539990614999763,-44.1908194166964,6,1354.78
barra mansa,RJ,-22.537511050775045,-44.16847147710436,14,2407.72
barra mansa,RJ,-22.534372047886485,-44.15259901802606,5,617.79
barra mansa,RJ,-22.53171669268402,-44.20369955225244,9,736.81
barra mansa,RJ,-22.52439827456722,-44.184183789508,8,1070.53
barra mansa,RJ,-22.521870013857523,-44.19199951150962,6,403.84999999999997
barra mansa,RJ,-22.5159298772125,-44.192427922986546,7,692.53
barra mansa,RJ,-22.452184115119994,-44.304796172630404,1,178.5
barra velha,SC,-26.660970150266756,-48.691953317317825,15,1684.01
barracao,PR,-26.253823547714124,-53.63388338074033,1,19.99
barracao,RS,-27.677505971326728,-51.45766438683285,2,98.49
barras,PI,-4.243269940730288,-42.29404262878172,3,210.88
barreira,CE,-4.291176025645771,-38.6417165334928,1,123.89
barreiras,BA,-12.177924305463309,-44.660710516494206,2,678.6600000000001
barreiras,BA,-12.150669278406411,-45.000173644928,2,999.99
barreiras,BA,-12.149248224656528,-44.9946356044561,6,536.1
barreiras,BA,-12.147696738920589,-44.984901160578566,9,1558.42
barreiras,BA,-12.144745694647174,-44.991236805863146,24,4737.76
barreiras,BA,-12.139628258082906,-44.98907557111345,1,330.0
barreiras,BA,-12.136878077782695,-45.00973585261006,7,1968.1
barreirinhas,MA,-2.7572296690037668,-42.83179515539183,4,361.42
barreiros,PE,-8.814489427567528,-35.196763396960684,5,1302.1599999999999
barretos,SP,-20.57822759538431,-48.557940763421726,15,1564.08
barretos,SP,-20.57391249509812,-48.58684851057927,1,99.99
barretos,SP,-20.57143912401166,-48.571539394430474,15,1379.66
barretos,SP,-20.556279636011343,-48.57186491314685,22,2681.5
barretos,SP,-20.5461908652522,-48.60211611196131,1,259.99
barretos,SP,-20.54229496435328,-48.57749612948999,6,1169.79
barretos,SP,-20.53893016309683,-48.55891073056784,9,1922.1
barrinha,SP,-21.190885638654144,-48.15620878829506,18,2965.14
barro,CE,-7.1739467925333615,-38.778493096718,4,621.89
barro alto,BA,-11.76948844484253,-41.90185348124609,2,91.99
barro alto,GO,-14.965873629628225,-48.919185735793526,1,97.9
barro preto,BA,-14.808885344555364,-39.47327128746456,1,118.8
barrocas,BA,-11.531422232554455,-39.07759493501058,1,99.99
barrolandia,TO,-9.835547680795925,-48.72605594606052,2,80.99
barros cassal,RS,-29.092217224881846,-52.58608560249378,3,729.0
barroso,MG,-21.191206592695412,-43.97510580556287,11,1289.96
barueri,SP,-23.54801124364931,-46.87569401804977,1,105.9
barueri,SP,-23.544335452300434,-46.888746988312135,6,517.28
barueri,SP,-23.54212151927856,-46.8686738162582,10,775.17
barueri,SP,-23.54145161528288,-46.87715678453535,16,2542.69
barueri,SP,-23.53945447566114,-46.86436194318488,2,116.78999999999999
barueri,SP,-23.53770033773888,-46.8888839245842,23,2093.64
barueri,SP,-23.531656132526297,-46.88420210298045,10,1238.3500000000001
barueri,SP,-23.529916894969414,-46.88926053118829,8,921.99
barueri,SP,-23.52915425643792,-46.864769246902604,3,291.9
barueri,SP,-23.526107510088405,-46.888007837323165,7,780.39
barueri,SP,-23.51672944347777,-46.89998739445357,13,1206.19
barueri,SP,-23.512218586332576,-46.895958036640366,12,936.47
barueri,SP,-23.510921698357688,-46.859923485330704,14,1242.79
barueri,SP,-23.509458578207646,-46.88108056020685,15,953.22
barueri,SP,-23.508652329973643,-46.90125511634909,3,278.79
barueri,SP,-23.508394303914564,-46.8792378618429,3,167.29000000000002
barueri,SP,-23.506449155063738,-46.86860821070655,13,1038.88
barueri,SP,-23.502403522784533,-46.813463361391065,9,1055.77
barueri,SP,-23.50174557463863,-46.88703241438391,2,134.9
barueri,SP,-23.501621140431045,-46.86723421349411,7,892.48
barueri,SP,-23.501437143746966,-46.87441824466937,8,1571.24
barueri,SP,-23.5011239418858,-46.84970162869307,13,2182.9
barueri,SP,-23.500064244706618,-46.89055947585277,5,521.7
barueri,SP,-23.498796088935535,-46.83305816446212,18,3321.12
barueri,SP,-23.498520694082107,-46.85053707630061,4,355.6
barueri,SP,-23.49738571835049,-46.90609781815742,2,256.65000000000003
barueri,SP,-23.497200997113797,-46.880992482380954,9,951.3900000000001
barueri,SP,-23.49707799139454,-46.85105837491414,10,1812.25
barueri,SP,-23.496530384463217,-46.95772892953954,3,242.99
barueri,SP,-23.495786476161292,-46.84748345253882,44,4916.6900000000005
barueri,SP,-23.495556548611457,-46.88538696924187,3,369.4
barueri,SP,-23.49476044251903,-46.8586548365461,3,542.89
barueri,SP,-23.494157715852857,-46.89610614277863,5,306.14
barueri,SP,-23.493551785330116,-46.87170401526879,37,5605.01
barueri,SP,-23.491276753167085,-46.825905386377414,6,815.69
barueri,SP,-23.49047803573068,-46.8889592205568,4,198.89000000000001
barueri,SP,-23.489687895881,-46.95291515814414,4,585.48
barueri,SP,-23.487758476286306,-46.84622191461783,3,217.98
barueri,SP,-23.487125730991444,-46.878743885651836,8,660.6899999999999
barueri,SP,-23.48692629249448,-46.89283568875403,14,1415.1
barueri,SP,-23.486477165205436,-46.853376288864915,1,34.9
barueri,SP,-23.486149393236037,-46.883940575176375,3,494.98
barueri,SP,-23.485397080332817,-46.8097937941415,13,1695.38
barueri,SP,-23.4852615428957,-46.852621303673374,9,2623.4900000000002
barueri,SP,-23.483674050261392,-46.86347700284117,10,679.3000000000001
barueri,SP,-23.482887347248166,-46.885787097220295,1,27.99
barueri,SP,-23.476933660260748,-46.88530037074254,2,298.99
bastos,SP,-21.921257645470455,-50.73237742419828,17,1399.6
bataguassu,MS,-21.7156472573933,-52.42268536682221,5,613.0
bataipora,MS,-22.296779477943833,-53.26952143643572,1,135.3
batalha,AL,-9.674351094872717,-37.12751526212655,3,214.79000000000002
batatais,SP,-20.892832077005902,-47.585039751459725,27,5559.93
bataypora,MS,-22.296779477943833,-53.26952143643572,2,256.89
baturite,CE,-4.333220344027544,-38.8785689916331,3,447.97
bauru,SP,-22.365844506654106,-49.07472118067488,3,382.9
bauru,SP,-22.359934494958647,-49.05132453354305,9,980.58
bauru,SP,-22.353827052221806,-49.1014713601243,2,229.64000000000001
bauru,SP,-22.347194498048673,-49.05968914675232,19,5700.4400000000005
bauru,SP,-22.347041144096107,-49.08949941889108,9,1229.07
bauru,SP,-22.341369198495812,-49.07001814027863,2,857.72
bauru,SP,-22.340760688078753,-49.09506969646532,7,982.79
bauru,SP,-22.339066237515887,-49.11084213188243,8,512.1800000000001
bauru,SP,-22.33652517561203,-49.059381618263615,21,3873.4700000000003
bauru,SP,-22.336423220379874,-49.043374315449675,11,2983.9700000000003
bauru,SP,-22.334793192506908,-49.07545610735665,6,1997.65
bauru,SP,-22.332167415992778,-49.03155567637071,4,804.2
bauru,SP,-22.33188344990011,-49.053751555245526,12,931.99
bauru,SP,-22.330985092726326,-49.09994406784408,7,967.11
bauru,SP,-22.326489052158923,-49.07305214485421,7,1586.8799999999999
bauru,SP,-22.32554921158233,-49.094330538550835,12,678.98
bauru,SP,-22.323632768141838,-49.02079897634822,5,494.96000000000004
bauru,SP,-22.32318399262165,-49.11974731060042,1,42.97
bauru,SP,-22.32247412421866,-49.02934087244578,7,511.28000000000003
bauru,SP,-22.322115362156044,-49.00057519020383,2,189.8
bauru,SP,-22.322001161380253,-49.045751302709554,8,1584.32
bauru,SP,-22.321334710652792,-49.06017289320953,15,1290.48
bauru,SP,-22.31973741475695,-49.07239316000069,1,55.0
bauru,SP,-22.31513966004397,-49.082389557400326,7,628.38
bauru,SP,-22.31437940711168,-49.11819276827153,8,923.59
bauru,SP,-22.31073247410254,-49.02885169073643,1,184.9
bauru,SP,-22.30955528850061,-49.089014938659815,5,868.78
bauru,SP,-22.309364360473317,-49.10223973380452,3,449.69
bauru,SP,-22.307203566198023,-48.998342715235104,4,798.46
bauru,SP,-22.306352366463326,-49.111741988002436,2,127.99000000000001
bauru,SP,-22.30620091607491,-49.06662478250964,9,1169.31
bauru,SP,-22.304240864894947,-49.090193517128775,6,450.49
bauru,SP,-22.303148942634433,-49.05251682753719,6,396.36
bauru,SP,-22.298765437760576,-49.07770983960091,7,1174.68
bauru,SP,-22.29686848058783,-49.06301404648503,4,191.54000000000002
bauru,SP,-22.294713904990495,-49.04569576676685,7,1223.18
bauru,SP,-22.286693373932696,-49.032952096591025,2,108.0
bauru,SP,-22.28247757464414,-49.05721250113446,1,63.72
bauru,SP,-22.277313985913025,-49.075118861198796,12,1230.3400000000001
bauru,SP,-21.986768683858266,-48.82150375543913,1,45.9
bayeux,PB,-7.136645784435945,-34.92364097257227,1,59.0
bayeux,PB,-7.12832158346477,-34.91319055478633,3,199.5
bayeux,PB,-7.128209512646065,-34.93410254612131,1,143.64
bayeux,PB,-7.125235405112686,-34.921206764714576,2,405.90999999999997
bebedouro,SP,-20.962566712036743,-48.47092693334578,4,334.78
bebedouro,SP,-20.95103738459914,-48.487843704692665,10,645.72
bebedouro,SP,-20.946079843310812,-48.48676807305711,13,1482.18
bebedouro,SP,-20.94337742576321,-48.464464703670735,3,148.8
bebedouro,SP,-20.939781253512464,-48.50067941580829,12,1251.03
bebedouro,SP,-20.924599508487425,-48.49059077246631,3,159.89
bebedouro,SP,-20.921194883899904,-48.497189268235374,6,970.49
beberibe,CE,-4.1840316734497085,-38.12315905366045,3,1736.7
bela cruz,CE,-3.056024276098674,-40.171418039839054,4,899.9
bela vista,MS,-22.10100954188988,-56.53751823538703,3,466.38
bela vista de goias,GO,-16.97074863211508,-48.95099744570015,7,608.66
bela vista de minas,MG,-19.8280287267131,-43.09062549172086,1,119.9
bela vista do maranhao,MA,-3.7449621799685744,-45.26018199694684,1,49.0
bela vista do paraiso,PR,-22.99362341917972,-51.19757667992749,3,515.49
belem,AL,-9.583374640108921,-36.47019908728879,2,469.99
belem,PA,-1.469043339431253,-48.4890623958907,4,334.48
belem,PA,-1.4645610334319499,-48.47439347655286,5,1022.99
belem,PA,-1.4643438139720013,-48.49281848506049,5,2025.3999999999999
belem,PA,-1.4615054801746241,-48.478980588157775,4,602.31
belem,PA,-1.461373632765339,-48.49752980963692,5,655.97
belem,PA,-1.4610605070227303,-48.483918554515625,16,4519.13
belem,PA,-1.4607701372238084,-48.50096498242361,6,1145.72
belem,PA,-1.4593114978281942,-48.463340380582466,7,574.67
belem,PA,-1.4573729506915185,-48.463766819259355,4,378.78
belem,PA,-1.4563080142743756,-48.472132103133944,11,5213.1
belem,PA,-1.455600001062288,-48.47938144871037,18,2455.16
belem,PA,-1.4543986396659658,-48.487758056686374,12,1872.19
belem,PA,-1.4506549209969004,-48.49759000287807,1,165.0
belem,PA,-1.4501672541892998,-48.45933986259771,9,1116.6000000000001
belem,PA,-1.4484997588470065,-48.47542034972687,17,2355.89
belem,PA,-1.448011681306518,-48.49023011768201,10,1644.75
belem,PA,-1.4474589491655792,-48.48261939084828,3,898.9
belem,PA,-1.4449440813382963,-48.495661314782495,1,114.9
belem,PA,-1.4445041744248075,-48.48446990449775,20,5362.88
belem,PA,-1.4381418066601233,-48.462479406456524,16,1919.17
belem,PA,-1.4370180847469327,-48.487057310935164,10,920.97
belem,PA,-1.436809214433568,-48.45544744997613,21,4061.83
belem,PA,-1.4344498633650602,-48.46638644803263,2,95.3
belem,PA,-1.433680665507954,-48.46977258818888,18,4342.07
belem,PA,-1.4308782634823864,-48.48400822665942,6,926.79
belem,PA,-1.4286192448947368,-48.44937625266324,9,2059.21
belem,PA,-1.4273523543193505,-48.4728741656552,11,1604.47
belem,PA,-1.4266351108520052,-48.46411642706418,12,3520.48
belem,PA,-1.4265555698575172,-48.465663313873534,16,2893.62
belem,PA,-1.4161632879881672,-48.4487294959505,8,2400.64
belem,PA,-1.4161192501233333,-48.47527554861891,4,526.5699999999999
belem,PA,-1.4127989482851202,-48.47078706693683,1,33.2
belem,PA,-1.4037776808396931,-48.45754701841616,5,560.88
belem,PA,-1.4022457656020608,-48.456698519073285,8,835.4
belem,PA,-1.4012864318692062,-48.444656702064954,5,412.69
belem,PA,-1.4004072947378041,-48.45178393446656,17,3200.96
belem,PA,-1.3983536328131168,-48.48585458089554,3,261.88
belem,PA,-1.3971450805772112,-48.47693927895785,5,992.07
belem,PA,-1.394247092504111,-48.46784294278389,5,1729.88
belem,PA,-1.3833473010910795,-48.43178666031934,3,210.5
belem,PA,-1.3791963653325696,-48.46563687354235,5,861.98
belem,PA,-1.3696529241634656,-48.44261507748959,2,329.98
belem,PA,-1.3635017604277029,-48.449308242398686,7,888.39
belem,PA,-1.357606494411734,-48.43855017689895,2,534.88
belem,PA,-1.3558068753822978,-48.46602787996992,1,29.9
belem,PA,-1.3551954730646152,-48.4783450815187,7,700.29
belem,PA,-1.3548975225443343,-48.456143182717696,1,339.9
belem,PA,-1.3485656424325367,-48.44587645737921,6,699.49
belem,PA,-1.339607208640178,-48.45887632890194,1,59.9
belem,PA,-1.3362324183879561,-48.45942989583415,2,199.98000000000002
belem,PA,-1.3318820260939954,-48.44230780317317,4,369.6
belem,PA,-1.3279742124295733,-48.45553890730204,8,1852.24
belem,PA,-1.3271626008331705,-48.453637922630584,5,967.5
belem,PA,-1.321536304768198,-48.47228603185361,8,1614.5700000000002
belem,PA,-1.3188176217867502,-48.439297604710696,6,1097.58
belem,PA,-1.312214053330499,-48.48315851352102,7,701.68
belem,PA,-1.3010545762184877,-48.470231163795134,5,191.98
belem,PA,-1.2930317371521176,-48.458589625196225,1,158.0
belem,PA,-1.2882050022939955,-48.47619588223951,4,275.19
belem,PA,-1.2687734588120343,-48.472436396327566,1,33.33
belem,PA,-1.2309548124422154,-48.45013189563218,1,99.0
belem,PA,-1.1630010814640555,-48.47096642696663,1,29.99
belem,PB,-6.698070710608819,-35.53696266024417,1,330.0
belem do sao francisco,PE,-8.734363100978964,-38.960761918922394,2,654.5
belford roxo,RJ,-22.76452043290213,-43.40324268558952,13,1363.77
belford roxo,RJ,-22.755672493046593,-43.36930490702333,3,340.98
belford roxo,RJ,-22.75249988943649,-43.39489689201624,4,209.9
belford roxo,RJ,-22.748890763540413,-43.40218859295182,6,661.59
belford roxo,RJ,-22.748837947683032,-43.4110954882984,3,362.49
belford roxo,RJ,-22.74788950490292,-43.365239469417695,1,170.0
belford roxo,RJ,-22.744030405639823,-43.38686162276392,3,303.73
belford roxo,RJ,-22.74371498675422,-43.341815651536294,3,289.18
belford roxo,RJ,-22.74102601762666,-43.39058910287586,7,719.57
belford roxo,RJ,-22.74095127698239,-43.407375755677286,3,174.59
belford roxo,RJ,-22.738645489116468,-43.417739173840076,6,1361.99
belford roxo,RJ,-22.738054149192973,-43.33784294353118,1,34.9
belford roxo,RJ,-22.737559243829157,-43.40715915370587,3,211.77
belford roxo,RJ,-22.735308724256505,-43.3689986253974,1,12.99
belford roxo,RJ,-22.73381526820578,-43.37869831571142,3,185.89
belford roxo,RJ,-22.733091514554367,-43.401189021141164,2,949.8
belford roxo,RJ,-22.731683227835816,-43.34902267341827,3,303.44
belford roxo,RJ,-22.730364905902917,-43.39084713564882,5,1229.78
belford roxo,RJ,-22.73004862963322,-43.38401397146633,6,543.65
belford roxo,RJ,-22.7293974724831,-43.35646929692585,3,308.8
belford roxo,RJ,-22.727797274174065,-43.36988532052452,1,56.99
belford roxo,RJ,-22.72777921195433,-43.419079835385524,1,146.99
belford roxo,RJ,-22.723712605507256,-43.342182222430374,4,318.97
belford roxo,RJ,-22.72149589575073,-43.40236747175682,2,501.85
belford roxo,RJ,-22.718841571088486,-43.3359503631358,8,635.5600000000001
belford roxo,RJ,-22.71802861019754,-43.38866458565219,1,16.99
belford roxo,RJ,-22.71708005610544,-43.37621943740937,4,344.59999999999997
belford roxo,RJ,-22.71230675457505,-43.3346366040831,3,412.70000000000005
belford roxo,RJ,-22.709309871783464,-43.340396840703605,1,31.9
belmonte,BA,-15.861264621846493,-38.87879318176837,1,37.99
belmonte,SC,-26.84354627234118,-53.58044131414608,1,149.7
belo campo,BA,-15.03719803840138,-41.26055350504629,3,174.47
belo horizonte,MG,-20.02505759295368,-44.06905695722996,10,722.47
belo horizonte,MG,-20.01027390089369,-44.03073203617085,7,625.29
belo horizonte,MG,-20.00254587721195,-44.02135117438736,4,413.70000000000005
belo horizonte,MG,-20.001771055992613,-44.0102000334043,15,927.31
belo horizonte,MG,-20.0012746802313,-44.036828977324575,6,1260.79
belo horizonte,MG,-20.000856897018227,-44.02890660317559,6,606.53
belo horizonte,MG,-20.000018311522645,-43.99509855461215,2,505.79999999999995
belo horizonte,MG,-19.995833208876444,-43.99678271744955,4,729.68
belo horizonte,MG,-19.99535369590183,-44.02044353756923,2,113.47999999999999
belo horizonte,MG,-19.992761502660358,-43.966360063886334,7,881.3
belo horizonte,MG,-19.989981300542027,-44.013181725860335,11,2050.37
belo horizonte,MG,-19.987746029390262,-43.99149254290304,3,529.8
belo horizonte,MG,-19.986747634732293,-44.048597916692664,11,809.8199999999999
belo horizonte,MG,-19.985951805017514,-44.02495825887791,16,1124.0
belo horizonte,MG,-19.985611861571602,-44.0411924853463,17,2203.29
belo horizonte,MG,-19.983319169326872,-44.0013738632822,25,3539.45
belo horizonte,MG,-19.98313195328475,-44.01222423599674,8,1240.49
belo horizonte,MG,-19.977664602281052,-44.04969652161651,7,1622.18
belo horizonte,MG,-19.977377243819184,-44.02064083006472,19,1894.8
belo horizonte,MG,-19.973801098687215,-43.97264013372904,51,8672.62
belo horizonte,MG,-19.973203838804466,-43.964838796392684,11,1391.78
belo horizonte,MG,-19.96934052229941,-43.9614679037934,4,991.0
belo horizonte,MG,-19.969152251420983,-43.96738963507269,18,1870.59
belo horizonte,MG,-19.96712946022024,-43.939935749372026,55,8279.7
belo horizonte,MG,-19.96444292675128,-43.948558170209346,20,4509.63
belo horizonte,MG,-19.962987438175677,-44.00313479763526,5,1401.09
belo horizonte,MG,-19.962328721771105,-43.99360054043943,2,362.9
belo horizonte,MG,-19.962205456572867,-43.987191455726524,5,741.3
belo horizonte,MG,-19.960059611364837,-43.96164848633418,16,1213.0
belo horizonte,MG,-19.95806136130547,-43.97891108299589,24,2427.04
belo horizonte,MG,-19.9538645515138,-43.97765745039238,7,422.15999999999997
belo horizonte,MG,-19.95380280794058,-43.93090361544771,21,3794.61
belo horizonte,MG,-19.952450311074053,-44.00325534740166,2,214.8
belo horizonte,MG,-19.952266409982798,-43.99236541157028,4,326.99
belo horizonte,MG,-19.951640378337576,-43.99014732257203,8,1760.59
belo horizonte,MG,-19.95078799430714,-43.91838796090514,11,2036.67
belo horizonte,MG,-19.94807647046226,-43.94761823033127,36,6319.150000000001
belo horizonte,MG,-19.946634191819108,-43.92852281029642,49,6307.21
belo horizonte,MG,-19.945831499496894,-43.95259592018934,44,4949.07
belo horizonte,MG,-19.944897882133578,-43.93958522933526,33,3907.87
belo horizonte,MG,-19.94361489927609,-43.981846507408534,9,1688.39
belo horizonte,MG,-19.94313991758485,-44.00012248441621,5,596.8
belo horizonte,MG,-19.940411132888944,-44.01845243035028,20,3643.24
belo horizonte,MG,-19.940114849442466,-43.919580245143244,22,2621.66
belo horizonte,MG,-19.93903108500327,-44.004111107215756,3,236.47
belo horizonte,MG,-19.938244124656837,-43.992256802951054,15,1038.35
belo horizonte,MG,-19.93717749545114,-43.93564910981899,11,1207.46
belo horizonte,MG,-19.937128269211865,-43.95772185993358,48,7859.36
belo horizonte,MG,-19.93710598538667,-43.97631024306516,40,4192.24
belo horizonte,MG,-19.935486917207523,-43.9668497178044,41,5568.08
belo horizonte,MG,-19.93423705653664,-44.0139829967717,7,464.79
belo horizonte,MG,-19.932594346592932,-43.96265849464028,1,119.0
belo horizonte,MG,-19.93185558700408,-43.932647431010295,64,8360.74
belo horizonte,MG,-19.93104856825172,-43.93603257269495,66,8709.5
belo horizonte,MG,-19.929634471795293,-43.917779056903974,31,3177.6
belo horizonte,MG,-19.929476453721662,-43.93692445117372,15,1530.08
belo horizonte,MG,-19.9293172448418,-44.00012547981165,10,790.77
belo horizonte,MG,-19.92875698717212,-43.911597736466845,6,543.6899999999999
belo horizonte,MG,-19.927921567486838,-43.92173313879353,1,31.9
belo horizonte,MG,-19.927499910711955,-43.93957488042516,36,6948.07
belo horizonte,MG,-19.927104133305765,-43.94496355953479,49,6753.11
belo horizonte,MG,-19.926559904315027,-43.92578549439883,2,143.98
belo horizonte,MG,-19.92641009985338,-43.94586443137012,34,7486.95
belo horizonte,MG,-19.926103974036682,-43.96623487375565,38,3770.67
belo horizonte,MG,-19.925953136630508,-43.9270012212083,49,4766.31
belo horizonte,MG,-19.925067529090867,-43.93842904510488,1,487.9
belo horizonte,MG,-19.924640007158544,-43.946121717904624,52,4929.9
belo horizonte,MG,-19.924396632710568,-43.911783401227105,19,2082.74
belo horizonte,MG,-19.923884704317416,-43.99145877560749,25,2697.0099999999998
belo horizonte,MG,-19.9221153619925,-44.01358155581232,8,857.65
belo horizonte,MG,-19.921342519229157,-43.90615804521913,14,2072.95
belo horizonte,MG,-19.92004569834524,-44.004050747634054,14,2013.47
belo horizonte,MG,-19.919123700793243,-44.00974115415792,3,488.3
belo horizonte,MG,-19.919021619843377,-43.88315218187731,10,863.48
belo horizonte,MG,-19.918527030159282,-43.93988998298764,12,1252.48
belo horizonte,MG,-19.917826028188394,-43.942417941975386,1,52.269999999999996
belo horizonte,MG,-19.916749422160827,-43.90182965852817,25,2492.04
belo horizonte,MG,-19.91530481310715,-43.98688278746184,15,1883.21
belo horizonte,MG,-19.915080965134134,-43.917558395580826,26,3121.21
belo horizonte,MG,-19.914323240228676,-43.975703278779804,28,4757.76
belo horizonte,MG,-19.91367687977267,-43.88348263205853,2,214.9
belo horizonte,MG,-19.913434213343425,-44.02166385124844,5,626.6
belo horizonte,MG,-19.913379943766742,-43.958701894762946,22,3343.94
belo horizonte,MG,-19.911128377758075,-43.9257365779481,14,2539.2
belo horizonte,MG,-19.90808816059684,-43.904395207031634,6,435.79999999999995
belo horizonte,MG,-19.906858090043457,-44.0089732613624,13,1447.86
belo horizonte,MG,-19.90671219475644,-43.94889650258168,14,1691.67
belo horizonte,MG,-19.90648672927733,-43.97078450027557,19,2681.34
belo horizonte,MG,-19.906120562613197,-43.923704334179504,33,4334.43
belo horizonte,MG,-19.905928092263924,-43.99678382844561,5,471.72
belo horizonte,MG,-19.90491827268254,-43.93689170249609,29,2999.97
belo horizonte,MG,-19.90253907649183,-44.003285337446194,15,2403.2
belo horizonte,MG,-19.902437787077453,-44.01672013436969,12,1049.8600000000001
belo horizonte,MG,-19.900090667701733,-43.978117870750054,9,656.87
belo horizonte,MG,-19.898569593157415,-43.89524503637982,10,1290.79
belo horizonte,MG,-19.898268883582244,-43.9205695032957,30,3617.61
belo horizonte,MG,-19.89771687717065,-43.985176372884276,7,854.33
belo horizonte,MG,-19.897440327172728,-43.95717776039552,10,612.29
belo horizonte,MG,-19.89649067170408,-43.96875730467175,9,980.5799999999999
belo horizonte,MG,-19.895534467603518,-44.01547548353402,10,653.46
belo horizonte,MG,-19.894574207526336,-43.93123458184847,32,3717.64
belo horizonte,MG,-19.893940937707058,-43.903855862505885,20,2014.5900000000001
belo horizonte,MG,-19.89218025459903,-43.954599284028475,3,604.14
belo horizonte,MG,-19.891961626002015,-43.942380636668084,24,2383.39
belo horizonte,MG,-19.890277616721733,-43.999366397670606,25,3637.1
belo horizonte,MG,-19.888609910495955,-43.898058606999314,16,1577.17
belo horizonte,MG,-19.886619674518197,-43.95900374354421,9,1626.58
belo horizonte,MG,-19.886506529945766,-43.92385723641607,40,4940.58
belo horizonte,MG,-19.88536132124379,-43.9839047215866,4,267.59
belo horizonte,MG,-19.88486667376421,-43.90929675254727,7,806.71
belo horizonte,MG,-19.881619613784384,-44.00934116973428,19,1807.76
belo horizonte,MG,-19.879678273976506,-43.94373206172144,15,1770.29
belo horizonte,MG,-19.878923245107323,-43.931504978901216,24,3500.91
belo horizonte,MG,-19.877826922098706,-43.9954214291907,48,5702.43
belo horizonte,MG,-19.873399844484634,-43.98232611271478,18,1387.37
belo horizonte,MG,-19.873055459669974,-43.93786577993863,19,1478.96
belo horizonte,MG,-19.872868586441214,-44.01036577543169,11,2397.98
belo horizonte,MG,-19.870855445819217,-43.912557996644686,14,1418.59
belo horizonte,MG,-19.869927909222344,-43.919706450313775,20,2512.46
belo horizonte,MG,-19.86949505446246,-43.9509439543507,13,1270.73
belo horizonte,MG,-19.867541102807987,-43.89948356702756,10,996.0
belo horizonte,MG,-19.86605711120896,-44.00074510410349,13,1665.99
belo horizonte,MG,-19.86477356430017,-43.98962196689193,13,1677.76
belo horizonte,MG,-19.86427851880292,-43.90842441682297,8,548.42
belo horizonte,MG,-19.862008514729478,-43.902436219120624,1,14.9
belo horizonte,MG,-19.860206725178603,-43.9407347369121,24,2419.82
belo horizonte,MG,-19.86006638891726,-43.93073973711903,4,466.41
belo horizonte,MG,-19.859623931199078,-43.9556017453739,39,4443.46
belo horizonte,MG,-19.858655852092287,-43.96707038116433,11,932.57
belo horizonte,MG,-19.85759230362832,-43.8858685801865,6,893.63
belo horizonte,MG,-19.854615377340185,-43.91473973193414,8,728.36
belo horizonte,MG,-19.854311790524605,-43.89833067844855,11,1169.72
belo horizonte,MG,-19.854065331320122,-43.90525564286927,7,446.8
belo horizonte,MG,-19.853541240951426,-43.93185108559579,4,410.71
belo horizonte,MG,-19.8511027553502,-43.88583828834381,4,520.12
belo horizonte,MG,-19.850842563717205,-43.925248200191916,8,2023.59
belo horizonte,MG,-19.850146373225876,-43.916875196327396,1,13.2
belo horizonte,MG,-19.846611687137493,-44.006361128991166,3,381.70000000000005
belo horizonte,MG,-19.845202939250868,-43.941652802662595,16,2310.41
belo horizonte,MG,-19.84364295836597,-43.90406350757184,9,1190.63
belo horizonte,MG,-19.841600785453995,-43.98022183612361,11,840.64
belo horizonte,MG,-19.841080942701883,-43.92719742547796,9,1677.75
belo horizonte,MG,-19.840832827487436,-43.97298323530933,3,388.99
belo horizonte,MG,-19.840810963473817,-43.89442610218511,7,612.93
belo horizonte,MG,-19.840041680680123,-43.95933923847522,14,1535.26
belo horizonte,MG,-19.839839009361643,-43.98593700357398,9,2879.77
belo horizonte,MG,-19.838499894736238,-43.974411819358004,15,2165.21
belo horizonte,MG,-19.838414207271068,-43.91567119293642,4,397.5
belo horizonte,MG,-19.83768155726055,-43.924052542673515,10,1316.08
belo horizonte,MG,-19.836057733815164,-43.94538236770012,11,2113.25
belo horizonte,MG,-19.8353280192043,-44.00414456958805,3,392.13
belo horizonte,MG,-19.833900216425704,-43.96679019247034,16,2690.9
belo horizonte,MG,-19.833512755238697,-43.91132450702488,1,89.9
belo horizonte,MG,-19.83278599324768,-43.94957222665208,13,1641.8899999999999
belo horizonte,MG,-19.83223092604312,-43.952955641154176,20,1731.41
belo horizonte,MG,-19.83035970462223,-43.93695142611339,18,1390.45
belo horizonte,MG,-19.82870132887266,-43.989076856138645,14,1432.78
belo horizonte,MG,-19.826398528431668,-43.979838377679364,18,1557.28
belo horizonte,MG,-19.825924131198086,-43.972410663201806,15,1960.08
belo horizonte,MG,-19.825436430269452,-43.89792250761004,8,1323.02
belo horizonte,MG,-19.824128097030666,-44.00664416568288,2,131.5
belo horizonte,MG,-19.82329457000592,-43.96124588496537,20,2464.57
belo horizonte,MG,-19.822347132611856,-43.9978083683212,6,893.48
belo horizonte,MG,-19.819517325726153,-43.9688259483315,5,1205.79
belo horizonte,MG,-19.81588076893016,-43.965468863351425,4,334.96
belo horizonte,MG,-19.81472372408545,-43.98102274756471,11,1702.29
belo horizonte,MG,-19.814336414816914,-43.96557706575405,7,2138.77
belo horizonte,MG,-19.813581060899992,-44.00208560119149,7,1470.87
belo horizonte,MG,-19.812833874977596,-43.954149957800794,2,188.8
belo horizonte,MG,-19.81095228066824,-43.98998650424639,8,2111.39
belo horizonte,MG,-19.81034580303269,-43.9355703218044,1,39.5
belo horizonte,MG,-19.80768065786215,-43.98042684085744,4,380.42
belo horizonte,MG,-19.8074389848162,-43.98485974295428,3,317.71
belo horizonte,MG,-19.807239918783957,-43.96221320713532,16,2584.26
belo horizonte,MG,-19.805736259705377,-43.99640168994813,2,214.99
belo horizonte,MG,-19.805297953541995,-43.973799439546255,8,1059.44
belo horizonte,MG,-19.803790375324308,-43.9395284025012,10,724.63
belo horizonte,MG,-19.80237426592665,-43.96706551962696,3,226.11
belo horizonte,MG,-19.801110021581312,-43.956534476803625,5,655.0
belo horizonte,MG,-19.800417234676818,-43.99469936417468,8,1174.79
belo horizonte,MG,-19.798264132297298,-43.97704757818305,2,274.48
belo horizonte,MG,-19.78935556099101,-43.98463829779658,7,622.58
belo jardim,PE,-8.342164859774181,-36.412399573074104,2,443.9
belo jardim,PE,-8.339167964668562,-36.4351434794762,2,111.97999999999999
belo jardim,PE,-8.336332159327782,-36.420026294433754,1,53.49
belo jardim,PE,-8.334518291019616,-36.416239924391355,1,99.9
belo jardim,PE,-8.332724799842504,-36.42985842301606,2,489.66999999999996
belo jardim,PE,-8.330871190632307,-36.42162767321467,3,379.69
belo oriente,MG,-19.234384415578205,-42.47992168232194,5,620.39
belo vale,MG,-20.410874626609804,-44.0257580869963,3,313.8
benedito leite,MA,-7.2185315166586035,-44.55507182209266,1,95.9
benedito novo,SC,-26.78186783336413,-49.377719976799675,6,945.74
benevides,PA,-1.3504592633478254,-48.25553277806337,2,228.89000000000001
bento de abreu,SP,-21.273504073780863,-50.811250271092526,2,327.98
bento goncalves,RS,-29.182131530337124,-51.50000803503631,3,784.88
bento goncalves,RS,-29.17034521546987,-51.51583265028797,23,3045.73
bento goncalves,RS,-29.167939929389266,-51.50485891134789,9,785.62
bento goncalves,RS,-29.155674465575085,-51.51306325887411,9,1237.3799999999999
bento goncalves,RS,-29.15476584989833,-51.531461061458764,3,372.8
bento goncalves,RS,-29.15430450216748,-51.49341432100857,1,69.9
bento goncalves,RS,-29.138347982191938,-51.526606744399935,4,232.37
bento goncalves,RS,-29.122909122440507,-51.54101208344431,1,119.9
bequimao,MA,-2.4510717579240366,-44.78726254955132,1,349.9
berilo,MG,-16.9227674102542,-42.478475011191115,1,55.9
berizal,MG,-15.620342230243962,-41.74589223879504,1,189.9
bernardino de campos,SP,-23.01553540122101,-49.47743449963315,4,256.09000000000003
bertioga,SP,-23.818390396829994,-46.080623703430774,47,9385.65
bertolinia,PI,-7.639713116099053,-43.95252058670906,1,411.0
bertopolis,MG,-17.027409747481066,-40.55576147146938,1,65.9
betim,MG,-20.02495076871551,-44.23525357962292,2,142.79
betim,MG,-20.021890439336506,-44.22317681194744,7,785.6
betim,MG,-20.019876582357337,-44.2217315872142,1,23.8
betim,MG,-20.003319995298895,-44.170798955830556,2,97.53999999999999
betim,MG,-19.996507300048204,-44.136741947240594,2,185.8
betim,MG,-19.989493164206277,-44.121237888545025,2,322.98
betim,MG,-19.98189199008892,-44.147445621428915,3,261.7
betim,MG,-19.978702468999412,-44.18697015367742,1,159.99
betim,MG,-19.97659568404985,-44.14866521897493,3,147.8
betim,MG,-19.970787000501534,-44.17045327255078,6,902.5999999999999
betim,MG,-19.966637880848904,-44.20266622401852,17,2300.02
betim,MG,-19.96562591201713,-44.13868285941468,7,630.42
betim,MG,-19.964331493821263,-44.208443655981995,2,157.96
betim,MG,-19.96089037124633,-44.10903628138872,2,132.64
betim,MG,-19.959986386151826,-44.171243584447936,20,3353.92
betim,MG,-19.956431622030344,-44.19656551602942,2,131.9
betim,MG,-19.951959500600232,-44.171595384254374,1,39.99
betim,MG,-19.951799038267154,-44.196037480396,12,958.25
betim,MG,-19.95109874742919,-44.07224235365091,1,59.99
betim,MG,-19.95070629559404,-44.123649163459774,4,1598.9
betim,MG,-19.95046644047449,-44.10782780845316,2,181.7
betim,MG,-19.950184131061796,-44.17752185023125,7,1080.68
betim,MG,-19.946928669248347,-44.10147002083752,5,678.88
betim,MG,-19.944596834802155,-44.12952552303506,13,1215.63
betim,MG,-19.943003504595815,-44.1136240110523,5,1599.7
betim,MG,-19.94078306621906,-44.16330513476692,6,936.76
betim,MG,-19.93912061459938,-44.173017240189296,13,1734.48
betim,MG,-19.93641316016966,-44.13845416864853,16,2365.59
betim,MG,-19.936285983610865,-44.19877399560474,10,1280.75
betim,MG,-19.934888281842195,-44.10881050599935,8,838.74
betim,MG,-19.934273945700287,-44.23933795785705,1,189.9
betim,MG,-19.93359741189809,-44.183641119901864,4,1912.89
betim,MG,-19.92510992818833,-44.259942091556134,6,1235.62
betim,MG,-19.861427723772646,-44.15600753188527,3,217.8
bezerros,PE,-8.236645735574934,-35.754820871795225,10,1277.39
bias fortes,MG,-21.607145357582965,-43.75713266137063,2,80.9
bicas,MG,-21.718907282263547,-43.065123888195494,7,727.65
biguacu,SC,-27.513075791676858,-48.653321718586746,6,802.69
biguacu,SC,-27.507170237197762,-48.64488265337199,13,1809.38
biguacu,SC,-27.493231037559994,-48.664026542175776,1,580.27
biguacu,SC,-27.475471387782513,-48.6624686136881,2,77.89
bilac,SP,-21.40261065132153,-50.47539635637737,7,680.62
birigui,SP,-21.30772060076011,-50.365535753513115,2,157.0
birigui,SP,-21.303354724759565,-50.35408748529477,15,1648.29
birigui,SP,-21.302597854790545,-50.376540671099214,4,478.58000000000004
birigui,SP,-21.29709799872705,-50.325118255468816,8,1130.39
birigui,SP,-21.294953796324272,-50.34326735573279,28,5666.35
birigui,SP,-21.286990198641156,-50.360949369214914,1,169.99
birigui,SP,-21.28525080062919,-50.31903969288288,9,2729.18
birigui,SP,-21.271827213661375,-50.33058556677169,11,2631.56
biritiba-mirim,SP,-23.5745010796069,-46.040315566073,10,1381.72
biritinga,BA,-11.621067370397462,-38.80797809110514,1,120.0
bituruna,PR,-26.159429770563207,-51.54775703701614,5,433.38
blumenau,SC,-26.993605353660808,-49.08613825953249,6,2420.58
blumenau,SC,-26.96888008982516,-49.08280508746848,1,72.48
blumenau,SC,-26.966955526139706,-49.05811574902708,1,129.01
blumenau,SC,-26.949942687634756,-49.07692500050797,3,782.98
blumenau,SC,-26.947572578379823,-49.07072639411816,4,215.99
blumenau,SC,-26.9378052658105,-49.063844618740944,2,177.49
blumenau,SC,-26.93249202617874,-49.11906484846966,1,226.18
blumenau,SC,-26.932024747628564,-49.142028750845995,4,795.5799999999999
blumenau,SC,-26.922277619402173,-49.065782642113284,19,1926.07
blumenau,SC,-26.921579999140135,-49.12216246762962,5,374.98
blumenau,SC,-26.9182168346561,-49.09395375152909,9,710.6
blumenau,SC,-26.914469334728025,-49.11226323442036,5,675.2
blumenau,SC,-26.91200168589103,-49.058185062564036,7,1940.3600000000001
blumenau,SC,-26.911674270986136,-49.13065214456596,3,208.8
blumenau,SC,-26.910645313665395,-49.04316627557756,5,368.69
blumenau,SC,-26.91005804872814,-49.07450193655636,13,1460.6
blumenau,SC,-26.90515935274632,-49.10061377029356,10,879.8
blumenau,SC,-26.90504237499561,-49.088766487950146,10,1409.76
blumenau,SC,-26.902140359808502,-49.13668487314799,5,637.65
blumenau,SC,-26.899553045659992,-49.05977365742467,1,19.9
blumenau,SC,-26.896594365249943,-49.08294434567545,5,464.87
blumenau,SC,-26.891021758568957,-49.07374245904508,4,739.6
blumenau,SC,-26.888954863561978,-49.10210453576229,5,940.69
blumenau,SC,-26.8809976581463,-49.061858047183144,4,425.92999999999995
blumenau,SC,-26.877298283986775,-49.081445858810056,2,193.9
blumenau,SC,-26.87378880544305,-49.128011971985536,6,613.52
blumenau,SC,-26.872193518202486,-49.06993447160543,2,150.89
blumenau,SC,-26.87170039425458,-49.103069858381275,9,1696.81
blumenau,SC,-26.87024226232965,-49.05674795585715,4,613.77
blumenau,SC,-26.857521279711488,-49.05132400015447,2,249.89000000000001
blumenau,SC,-26.85527459959587,-49.14863949769868,6,577.66
blumenau,SC,-26.84961799378503,-49.10829647008232,3,110.89
blumenau,SC,-26.83000316244617,-49.08355470601303,4,527.77
blumenau,SC,-26.819165909043004,-49.094738567187626,4,998.5
blumenau,SC,-26.797518908253725,-49.08142078069451,3,228.9
blumenau,SC,-26.796411407228035,-49.09590143933176,2,173.9
blumenau,SC,-26.737451091443624,-49.07917453373839,1,29.99
blumenau,SC,-26.725542806935056,-49.073632058905794,1,69.9
boa esperanca,ES,-18.53583690499467,-40.3013125200212,7,1097.58
boa esperanca,MG,-21.095129514404864,-45.56150526453079,11,1539.82
boa esperanca,PR,-24.2430491897492,-52.78696006159577,1,129.0
boa esperanca,RJ,-22.751923494229857,-42.53355679259949,1,1399.99
boa esperanca do iguacu,PR,-25.63581904690653,-53.21447534566015,1,35.9
boa esperanca do sul,SP,-21.993673857269386,-48.39018235164461,11,836.9
boa ventura,RJ,-21.207949118544864,-41.88977443369495,1,14.9
boa viagem,CE,-5.124593099187569,-39.731296654198324,3,450.99
boa vista,RR,2.779961659177852,-60.734699547030786,1,69.9
boa vista,RR,2.796401433054506,-60.685355018892814,1,236.0
boa vista,RR,2.8112506417828613,-60.67829724669432,5,1143.8899999999999
boa vista,RR,2.8129563852490014,-60.713471196367166,3,277.65
boa vista,RR,2.8137455214146048,-60.701007216946934,3,502.62
boa vista,RR,2.8225917898625474,-60.75414688037524,3,268.95
boa vista,RR,2.822774636701947,-60.6706976914915,6,936.77
boa vista,RR,2.823095506701589,-60.73542506403538,4,167.69
boa vista,RR,2.8246308720442936,-60.68798179447912,1,199.0
boa vista,RR,2.829994574864167,-60.72275024284943,3,1683.8899999999999
boa vista,RR,2.8329746973521046,-60.66578495780252,3,171.69
boa vista,RR,2.8352716570302348,-60.67342240309229,3,503.09000000000003
boa vista,RR,2.8469292065254628,-60.712952167283575,1,13.65
boa vista,RR,2.855558322088571,-60.66071328808694,3,792.78
boa vista da aparecida,PR,-25.437885479760887,-53.40870273133838,4,202.47
boa vista das missoes,RS,-27.66147676285342,-53.31677388833162,1,349.9
boa vista do burica,RS,-27.668677415966574,-54.11113064990074,1,229.99
boa vista do cadeado,RS,-28.57759560610713,-53.813659189325975,1,429.98
boa vista do gurupi,MA,-1.7953126147499632,-46.291986642937815,2,93.89
boa vista do sul,RS,-29.34647313882286,-51.67305377843535,1,27.99
boca da mata,AL,-9.644246828974058,-36.21371252866984,2,219.73000000000002
bocaina,PI,-6.9457647483091405,-41.322247410794844,1,114.9
bocaina,SP,-22.141866295406963,-48.527803199195596,6,1391.9
bocaiuva,MG,-17.11521217243906,-43.81287036265137,13,1618.27
bocaiuva do sul,PR,-25.21080605480616,-49.111757263590974,2,49.89
bodo,RN,-5.988987926410246,-36.41243181692128,1,48.9
bodoco,PE,-7.778681519270723,-39.936950121111394,2,202.8
bodoquena,MS,-20.55050575634081,-56.67835671179238,2,428.0
bofete,SP,-23.110602286087335,-48.262470448819585,5,617.59
boituva,SP,-23.287426948305722,-47.670586146714506,47,6852.15
bom conselho,PE,-9.176329291731035,-36.68004491131996,7,1624.93
bom despacho,MG,-19.740337139221076,-45.25863430864746,38,4680.53
bom jardim,MA,-3.5436895442774707,-45.60876343075263,1,25.9
bom jardim,PE,-7.796220609270051,-35.58930670472524,1,287.7
bom jardim,RJ,-22.15968821079869,-42.41686495479445,14,2189.4500000000003
bom jardim de goias,GO,-16.20174282856144,-52.17455481299575,1,10.0
bom jardim de minas,MG,-21.94855498599183,-44.186545939437465,8,866.87
bom jesus,GO,-18.21596364273308,-49.738250572652625,8,928.27
bom jesus,PI,-9.074950129235898,-44.36431355870326,3,807.8
bom jesus,SC,-26.734159431290017,-52.39024293725593,2,819.89
bom jesus da lapa,BA,-13.256014019878709,-43.409875811549746,9,2829.63
bom jesus da penha,MG,-21.018142161416034,-46.518655621662255,2,85.89
bom jesus da serra,BA,-14.373890293319775,-40.50720409145588,2,279.89
bom jesus das selvas,MA,-4.502895843702964,-46.85549096141207,2,175.9
bom jesus do amparo,MG,-19.70770771675895,-43.475249717636665,1,199.89
bom jesus do araguaia,MT,-12.24335622327465,-51.59296235351379,1,1199.9
bom jesus do galho,MG,-19.723406801685012,-42.523411634632275,4,4795.289999999999
bom jesus do itabapoana,RJ,-21.134261478552066,-41.67656312342376,20,3405.91
bom jesus do norte,ES,-21.126567901967178,-41.67280614857445,4,699.89
bom jesus do sul,PR,-26.194806599274045,-53.598674520490796,1,199.9
bom jesus do tocantins,PA,-5.046901966109477,-48.59968051294414,3,407.9
bom jesus dos perdoes,SP,-23.138276989175566,-46.468612532513475,17,1608.73
bom principio,RS,-29.480629177232068,-51.35923183710607,6,1003.11
bom repouso,MG,-22.470052425523427,-46.14709172537161,4,402.29
bom retiro,SC,-27.79835761038368,-49.488573081200194,1,70.0
bom retiro do sul,RS,-29.60072374263251,-51.93419702846099,2,1379.0
bom sucesso,MG,-21.032900753434287,-44.756859464215616,4,856.6899999999999
bom sucesso,PR,-23.709291485041188,-51.76783096410405,1,89.9
bombinhas,SC,-27.15657253033492,-48.50320378589786,15,1935.4099999999999
bonfim,MG,-20.304406815717137,-44.04754726988549,4,229.84
bonfim,RR,3.3621150581128316,-59.83322248785685,1,89.9
bonfim paulista,SP,-21.254547608936228,-47.8152907655656,18,2457.37
bonfinopolis,GO,-16.61353756300374,-48.96374046581481,2,441.87
bonfinopolis de minas,MG,-16.562527667206663,-45.9986358674731,2,1387.2
boninal,BA,-12.709313125048306,-41.830256238939036,2,717.6999999999999
bonito,BA,-11.968975435554178,-41.2665485580868,2,378.8
bonito,MS,-21.126740609138764,-56.48694326023459,8,991.47
bonito,PA,-1.3638164086206872,-47.307780092892294,2,304.9
bonito,PE,-8.47190791671445,-35.73274106642819,5,1235.79
bonito de minas,MG,-15.323332390913766,-44.75789991476468,1,99.99
bonito de santa fe,PB,-7.313342946555163,-38.51421804158558,1,119.6
boqueirao do leao,RS,-29.302432809389433,-52.42974132558072,2,227.9
boquira,BA,-12.796852188705783,-42.71130889843319,1,69.9
boraceia,SP,-22.196133797116712,-48.77801123326215,1,29.0
borborema,SP,-21.620786398855515,-49.074917989060566,8,816.05
borda da mata,MG,-22.26258413023529,-46.1711239405763,6,897.53
borrazopolis,PR,-23.940317748786466,-51.58518050497007,2,259.59000000000003
bossoroca,RS,-28.727270770936784,-54.9107887611147,1,155.99
botelho,SP,-21.975891484603352,-47.675090169220525,1,189.98
botelhos,MG,-21.648002330268397,-46.39978613617222,8,1240.01
botucatu,SP,-22.91695729706111,-48.441709225830735,7,794.6999999999999
botucatu,SP,-22.901659839487017,-48.45187374760099,6,956.37
botucatu,SP,-22.89877760407366,-48.49489529908656,1,54.9
botucatu,SP,-22.893964408254107,-48.44436506123003,5,368.39
botucatu,SP,-22.892592677028812,-48.432807890658594,4,681.4699999999999
botucatu,SP,-22.89038490604727,-48.463130384135916,7,2803.69
botucatu,SP,-22.88753798552459,-48.44108689823037,8,1333.55
botucatu,SP,-22.882458812320827,-48.45117093410017,19,4434.35
botucatu,SP,-22.875814933627186,-48.427600745148105,4,221.78000000000003
botucatu,SP,-22.874881658404487,-48.43575338563228,7,1863.1599999999999
botucatu,SP,-22.86605277327737,-48.46069203327626,9,544.47
botucatu,SP,-22.864899824837984,-48.44881631957213,8,692.31
botucatu,SP,-22.85993374941289,-48.442124711444826,15,2355.37
botupora,BA,-13.379246877494014,-42.52231109875634,1,325.0
botuvera,SC,-27.200822028030466,-49.07837365853379,2,181.9
braco do norte,SC,-28.274304945434466,-49.165211726860235,20,2962.47
braco do rio,ES,-19.24593411404079,-40.091152596757134,2,101.49
braganca,PA,-1.0591690163111305,-46.7684589300373,9,1083.96
braganca paulista,SP,-22.98175444793326,-46.534030892457885,12,1176.0
braganca paulista,SP,-22.98121294137304,-46.54768553078246,9,816.23
braganca paulista,SP,-22.974445811370575,-46.60200367976541,1,34.9
braganca paulista,SP,-22.971100942584986,-46.55052117385689,11,1411.24
braganca paulista,SP,-22.964802783097714,-46.53441931528525,7,2369.95
braganca paulista,SP,-22.9593308949425,-46.54828841211657,1,25.9
braganca paulista,SP,-22.95654497008028,-46.54196008538665,12,1266.18
braganca paulista,SP,-22.95116316531688,-46.53448031933412,9,879.09
braganca paulista,SP,-22.94460537113836,-46.54891700996332,3,202.81
braganca paulista,SP,-22.9439588035687,-46.55429589206514,12,1228.51
braganca paulista,SP,-22.941403551092012,-46.53164697568854,8,3179.7400000000002
braganca paulista,SP,-22.939152964330194,-46.549405716769236,8,548.38
braganca paulista,SP,-22.93517026970304,-46.54502290270544,9,1688.77
braganca paulista,SP,-22.93195334182427,-46.52404281144618,12,1575.06
braganca paulista,SP,-22.922120847709277,-46.540070156788154,9,1606.07
braganca paulista,SP,-22.914508447820744,-46.55569144608404,18,1412.16
braganca paulista,SP,-22.912974425354438,-46.53429413522275,1,190.83
braganca paulista,SP,-22.878146156994603,-46.530953922860846,2,515.8
bras pires,MG,-20.853478504143315,-43.24239766289435,2,76.8
brasil novo,PA,-3.3029288946406257,-52.53943255841229,3,304.9
brasilandia,MS,-21.26624262335363,-52.06609443412147,1,59.9
brasilandia de minas,MG,-17.00502700552426,-46.0061646639406,1,76.25
brasileia,AC,-11.005940733106021,-68.74917530692646,1,59.699999999999996
brasilia,DF,-16.044742696790006,-48.03798071548763,2,198.39999999999998
brasilia,DF,-16.04340964145478,-48.03053013931056,4,351.36
brasilia,DF,-16.04000099770725,-48.02843965114793,1,21.99
brasilia,DF,-16.036867842924412,-48.03035505538111,4,106.28999999999999
brasilia,DF,-16.035234468735567,-48.06348395748631,5,322.09000000000003
brasilia,DF,-16.033148930465316,-48.02923649150941,3,560.48
brasilia,DF,-16.028056254469675,-48.0301875688229,2,154.89
brasilia,DF,-16.02516590903662,-48.07882247349113,5,636.6700000000001
brasilia,DF,-16.024003122130154,-48.071650164269066,7,576.87
brasilia,DF,-16.023673209737883,-48.02173671149489,1,150.0
brasilia,DF,-16.02294658397918,-48.05071815778448,9,1073.65
brasilia,DF,-16.021322855744447,-48.01930555832088,1,58.99
brasilia,DF,-16.016768361135686,-48.072015369630975,8,1642.67
brasilia,DF,-16.01208992912674,-48.005016657385674,4,860.89
brasilia,DF,-16.01047991040758,-48.00226846149063,1,109.9
brasilia,DF,-16.010050757036826,-48.06605180768221,6,786.9
brasilia,DF,-16.009054372487892,-47.9875285103195,3,189.79
brasilia,DF,-16.008991718235958,-47.994306569809524,3,309.8
brasilia,DF,-16.008784085847207,-47.99793453934714,2,159.8
brasilia,DF,-16.008511777961637,-48.05001692124417,6,478.78
brasilia,DF,-16.00753252066648,-47.991009763956775,2,131.88
brasilia,DF,-15.997000719729355,-47.99574041735851,2,344.89
brasilia,DF,-15.992714602343002,-47.993198396385324,2,109.0
brasilia,DF,-15.98529224160679,-48.02990746883389,9,1165.67
brasilia,DF,-15.94562330946302,-47.968666774328625,1,339.0
brasilia,DF,-15.930038499596831,-48.103604944990145,3,286.88
brasilia,DF,-15.924540043272795,-48.10282345290572,3,326.0
brasilia,DF,-15.923360970121955,-48.10687576463894,4,267.69
brasilia,DF,-15.921425246030639,-48.0527882145033,1,65.9
brasilia,DF,-15.920195059279408,-47.95387594301676,6,513.16
brasilia,DF,-15.918128198378412,-48.063609584897385,2,309.3
brasilia,DF,-15.917134052384107,-48.09776868532983,1,79.0
brasilia,DF,-15.91675220342055,-48.056801731163006,5,750.49
brasilia,DF,-15.913411892439392,-48.04666862611436,4,228.88
brasilia,DF,-15.912624327626858,-48.066492157162756,2,84.4
brasilia,DF,-15.912408793099178,-48.100341485505794,5,356.53
brasilia,DF,-15.910072148178024,-48.05964811195106,2,132.89
brasilia,DF,-15.909408733766378,-48.08082526403187,8,664.67
brasilia,DF,-15.908955546426897,-47.752844222262645,5,1408.6
brasilia,DF,-15.907903915184296,-47.94665444532355,3,597.99
brasilia,DF,-15.906815689789225,-48.08542218217492,2,224.9
brasilia,DF,-15.906025222263287,-48.063490397723115,5,441.39
brasilia,DF,-15.902923143785602,-48.04589684119326,5,474.45
brasilia,DF,-15.90115885953206,-47.77844460865012,7,800.45
brasilia,DF,-15.900981209797209,-48.0643295838113,4,547.5
brasilia,DF,-15.899456760482805,-47.96781759756014,1,25.0
brasilia,DF,-15.89835548225995,-48.1180175515063,1,115.0
brasilia,DF,-15.895528001758658,-47.771707044954255,6,733.27
brasilia,DF,-15.894031399747954,-48.049677340241885,7,937.1600000000001
brasilia,DF,-15.893795573144413,-48.14311481371895,2,348.9
brasilia,DF,-15.890869456325788,-48.09613187195913,2,66.4
brasilia,DF,-15.890445992018558,-48.09791268521207,3,81.89
brasilia,DF,-15.88753718768234,-48.017071767851824,3,579.97
brasilia,DF,-15.88513140730842,-48.106204432208315,2,205.99
brasilia,DF,-15.885034044391897,-48.01688189580872,1,30.9
brasilia,DF,-15.884696220809795,-48.095857692039935,2,474.99
brasilia,DF,-15.884489616770237,-48.12321244909666,1,79.9
brasilia,DF,-15.882229742445224,-48.0748903298648,2,69.99000000000001
brasilia,DF,-15.88219055623414,-48.07236539326193,2,261.98
brasilia,DF,-15.880430307658997,-48.0159034331597,10,1045.8899999999999
brasilia,DF,-15.880259624218299,-48.114601878515934,2,96.19
brasilia,DF,-15.8801623273159,-47.816959428036945,10,592.03
brasilia,DF,-15.87993157449751,-48.12479486771061,3,119.9
brasilia,DF,-15.879535965110112,-48.06456740352036,2,556.7
brasilia,DF,-15.877784763349709,-48.1074709606816,1,98.99
brasilia,DF,-15.877418712795667,-48.076360164922626,3,208.8
brasilia,DF,-15.875173871152358,-48.00029095859032,4,383.87
brasilia,DF,-15.874161160352651,-48.06666434836154,3,360.66
brasilia,DF,-15.872090430765098,-47.966096525917294,2,136.89
brasilia,DF,-15.871993701567266,-48.0757927185139,4,495.56
brasilia,DF,-15.87159689848414,-47.97296760154763,1,69.9
brasilia,DF,-15.870941813825558,-48.10766447674676,1,15.0
brasilia,DF,-15.870815714972986,-48.09645967163494,4,244.19000000000003
brasilia,DF,-15.86944374130542,-47.96724249638971,3,318.7
brasilia,DF,-15.86901238019971,-48.01775426223924,1,170.0
brasilia,DF,-15.867324605965779,-48.058868125529905,4,376.67
brasilia,DF,-15.865866673962392,-48.025779140851235,1,1100.0
brasilia,DF,-15.865115854974247,-48.078484706176816,8,1213.4099999999999
brasilia,DF,-15.864894974949127,-48.02480075596888,1,489.0
brasilia,DF,-15.864125817316856,-47.8753807022043,1,74.78
brasilia,DF,-15.864074216307769,-48.02626134561307,1,190.0
brasilia,DF,-15.862816772712494,-47.95591795285163,5,404.78000000000003
brasilia,DF,-15.862281152956912,-48.080445040655235,5,526.7
brasilia,DF,-15.861765415727184,-47.98551602535523,1,99.9
brasilia,DF,-15.859336218026607,-48.04078122723543,4,248.70000000000002
brasilia,DF,-15.858655726564333,-48.085575117845934,5,4259.8
brasilia,DF,-15.858505873093787,-48.07562236166566,7,715.5
brasilia,DF,-15.857903757796233,-47.85905545082791,2,326.16999999999996
brasilia,DF,-15.857679785646445,-47.91707184904767,2,219.89
brasilia,DF,-15.856209449034804,-47.95086571486819,3,244.69
brasilia,DF,-15.855338083449201,-47.92175113254652,1,167.0
brasilia,DF,-15.854833991567038,-48.03333984926204,2,79.22999999999999
brasilia,DF,-15.854505176922109,-48.03766404110522,3,323.94
brasilia,DF,-15.854468480888228,-47.934051260578414,1,199.9
brasilia,DF,-15.853956471697638,-47.99148744532384,3,309.82
brasilia,DF,-15.851079643475996,-47.9510941387653,10,2075.37
brasilia,DF,-15.849456971611556,-48.11986081546593,5,764.38
brasilia,DF,-15.848743664898922,-47.85634369983266,1,152.8
brasilia,DF,-15.848599106565448,-47.92118752578113,4,386.97
brasilia,DF,-15.847746450061468,-47.89594036367459,3,160.7
brasilia,DF,-15.847310381766597,-47.92277682572808,5,484.49
brasilia,DF,-15.846515912660097,-47.831132157490835,47,6240.93
brasilia,DF,-15.845957701065489,-47.87717290123292,3,362.89
brasilia,DF,-15.845375022447369,-48.04387674813141,3,522.98
brasilia,DF,-15.845346178629194,-48.031423828294784,9,901.63
brasilia,DF,-15.84493468527788,-48.018743426744166,10,922.09
brasilia,DF,-15.843048553889904,-48.00840994305572,16,1472.76
brasilia,DF,-15.84279649364882,-48.124887467458855,8,2297.69
brasilia,DF,-15.842610145347995,-47.97578274752617,16,1243.33
brasilia,DF,-15.841933361571046,-48.008385588247,9,1529.1
brasilia,DF,-15.841629529540057,-48.11468187730979,8,784.88
brasilia,DF,-15.84162334154589,-47.83833437532496,6,487.8
brasilia,DF,-15.84037380013259,-48.01472780989119,10,757.16
brasilia,DF,-15.840002227136713,-48.02467532124982,14,2073.92
brasilia,DF,-15.83993183527787,-48.06007330266836,4,519.59
brasilia,DF,-15.839831014503197,-47.996871937254916,5,859.12
brasilia,DF,-15.839676967068065,-48.01409159355894,9,942.39
brasilia,DF,-15.838666605415776,-48.013562490078044,3,195.03
brasilia,DF,-15.838225542625711,-48.053400718858065,18,2753.17
brasilia,DF,-15.837829737122709,-47.92100626929294,1,47.49
brasilia,DF,-15.837821999999996,-48.036888000000005,7,4286.38
brasilia,DF,-15.837454248875215,-48.02743965338633,10,677.87
brasilia,DF,-15.837305650415594,-48.02235902807056,14,2281.31
brasilia,DF,-15.83681375091501,-48.004469491789585,9,730.4300000000001
brasilia,DF,-15.83679338044598,-48.03955332417536,13,1850.11
brasilia,DF,-15.836117702699445,-47.91868367371064,2,64.09
brasilia,DF,-15.83602517339233,-47.87567001395956,5,1158.19
brasilia,DF,-15.835700233717533,-47.835613519114034,4,475.8
brasilia,DF,-15.835438392503306,-47.922833239822175,2,350.99
brasilia,DF,-15.834368774038428,-47.982749017683275,22,2350.25
brasilia,DF,-15.833309482288843,-47.92000075063288,4,251.89000000000001
brasilia,DF,-15.832843226933642,-47.97606060945693,17,5590.650000000001
brasilia,DF,-15.832786657811656,-47.94636739374683,26,3546.1
brasilia,DF,-15.832413589086705,-48.03745525074687,8,1217.36
brasilia,DF,-15.832214992892903,-47.925232557085536,1,100.0
brasilia,DF,-15.832140843251786,-47.875545144970076,3,1464.0
brasilia,DF,-15.83209033281774,-48.05466827807807,4,2542.9
brasilia,DF,-15.831954352347962,-48.107783866861354,24,3570.18
brasilia,DF,-15.831816658580301,-47.99983795650155,11,1192.83
brasilia,DF,-15.831395149349378,-47.91722129777486,3,405.70000000000005
brasilia,DF,-15.831129127194147,-48.015987817409936,4,424.13
brasilia,DF,-15.831099138572949,-47.91445523637194,4,452.78999999999996
brasilia,DF,-15.831018038801858,-48.01102950131482,10,1475.1200000000001
brasilia,DF,-15.830307633862466,-47.922899061636656,2,294.9
brasilia,DF,-15.830105293829563,-48.032348901887126,9,1239.9
brasilia,DF,-15.830023262395741,-47.980465771379436,14,5182.8099999999995
brasilia,DF,-15.829927787259354,-47.91021324867309,1,44.9
brasilia,DF,-15.82989098659097,-47.91477504923619,3,402.99
brasilia,DF,-15.82974168672033,-47.92731440816708,1,199.4
brasilia,DF,-15.828558786715735,-48.07594250367468,5,593.8
brasilia,DF,-15.827987555859181,-47.907447241703814,2,138.9
brasilia,DF,-15.827828127654694,-47.91225048825004,4,931.55
brasilia,DF,-15.827493762553393,-47.92443250257792,4,1018.0
brasilia,DF,-15.827368319806846,-48.09777550322277,19,2799.29
brasilia,DF,-15.826453716417499,-48.08720861529186,6,538.47
brasilia,DF,-15.826242987249175,-47.92164493617342,4,343.09000000000003
brasilia,DF,-15.82590986050251,-47.90466747209377,2,107.80000000000001
brasilia,DF,-15.825806029664957,-47.90932309948162,1,110.0
brasilia,DF,-15.825763628129286,-48.082298119524104,6,529.36
brasilia,DF,-15.825252878661189,-48.05190553578884,4,203.49
brasilia,DF,-15.825231869439222,-47.806012956675055,4,371.96000000000004
brasilia,DF,-15.824901524310992,-47.8925856261604,1,249.0
brasilia,DF,-15.82473715933874,-48.05991789848521,15,1840.77
brasilia,DF,-15.824598100047167,-47.91445163439053,1,58.99
brasilia,DF,-15.824249147394024,-47.91916844675495,2,145.99
brasilia,DF,-15.82389437806813,-47.977905965066476,12,1641.86
brasilia,DF,-15.823885476188995,-47.90659094110248,2,84.88
brasilia,DF,-15.823198034175316,-47.987107680110014,17,2262.9900000000002
brasilia,DF,-15.822587681915559,-47.91184799454867,1,59.9
brasilia,DF,-15.822378350169348,-47.92160984888994,1,229.9
brasilia,DF,-15.822194400367133,-47.89957810262365,1,235.0
brasilia,DF,-15.821871393060118,-47.90111023732908,1,223.64
brasilia,DF,-15.821718749948097,-47.90401213189037,1,110.0
brasilia,DF,-15.820457547907875,-47.91318518301207,2,364.99
brasilia,DF,-15.820387085684901,-47.909319475512596,1,169.98
brasilia,DF,-15.820386577109703,-47.896928356416474,2,570.5
brasilia,DF,-15.820003649668356,-48.079357077383875,2,259.29
brasilia,DF,-15.81991512263875,-47.81472212858079,6,774.58
brasilia,DF,-15.819884898376204,-47.901313385757675,1,579.0
brasilia,DF,-15.819353688493397,-47.91662341947235,3,265.96999999999997
brasilia,DF,-15.818503614963571,-47.911093215090034,5,714.9
brasilia,DF,-15.817678615244041,-47.89842645905612,1,38.9
brasilia,DF,-15.817652763996591,-47.89360633669266,4,419.12
brasilia,DF,-15.81762571736577,-48.12692619559376,6,2278.76
brasilia,DF,-15.817341154889995,-47.97384491307564,22,5384.02
brasilia,DF,-15.816554506980198,-47.94294407519096,6,524.77
brasilia,DF,-15.815976328611026,-47.907328086588976,15,1676.68
brasilia,DF,-15.81571527417834,-47.895744869737634,2,299.39
brasilia,DF,-15.815647983485285,-47.98690836700863,20,3331.41
brasilia,DF,-15.815630628466874,-47.85521104544847,4,561.98
brasilia,DF,-15.815613218565668,-47.995720718565664,2,189.88
brasilia,DF,-15.815554144172904,-47.891310476199486,1,114.9
brasilia,DF,-15.815545344693534,-48.091045730551215,1,529.0
brasilia,DF,-15.815334367328472,-47.91666566028969,12,2119.0
brasilia,DF,-15.814701119442367,-47.910341392014445,2,205.0
brasilia,DF,-15.814285363978938,-47.90555801896934,3,483.98
brasilia,DF,-15.814202375183852,-48.08418523923123,4,265.0
brasilia,DF,-15.814020812247866,-48.09497407371684,1,56.99
brasilia,DF,-15.81393345239898,-47.947024928343254,6,552.69
brasilia,DF,-15.813194505700217,-47.89330451642299,3,271.89
brasilia,DF,-15.813120200273898,-48.06773447506374,6,1673.6
brasilia,DF,-15.812950128936782,-47.89849187335271,1,79.9
brasilia,DF,-15.812917181372676,-47.889003739926366,3,344.78000000000003
brasilia,DF,-15.811413855697777,-48.11919581625427,18,2102.29
brasilia,DF,-15.810962514850353,-47.90569851681274,2,113.9
brasilia,DF,-15.81087700670102,-47.89105496885341,5,1485.75
brasilia,DF,-15.810822063459904,-47.89635989396289,4,591.8
brasilia,DF,-15.810653950770819,-47.90034278905748,1,11.55
brasilia,DF,-15.810054104485552,-48.131833957633596,8,1706.77
brasilia,DF,-15.809372821044262,-48.07680778016369,11,1019.38
brasilia,DF,-15.808729499999995,-47.989449,2,239.79000000000002
brasilia,DF,-15.808538242108208,-47.88911031185955,3,253.98
brasilia,DF,-15.808448908403888,-47.898260127913105,2,248.9
brasilia,DF,-15.808027934819586,-48.06227524069912,8,884.5
brasilia,DF,-15.80758948272383,-47.902346578222506,4,1148.8
brasilia,DF,-15.807573029311904,-47.90182919932561,4,627.79
brasilia,DF,-15.807456612688574,-47.884409566692035,4,1572.3
brasilia,DF,-15.806986072902076,-48.10495885348102,14,1728.52
brasilia,DF,-15.806495753791173,-47.94217524407976,11,1596.42
brasilia,DF,-15.806440837638284,-47.89624333671012,4,240.79000000000002
brasilia,DF,-15.805877274829694,-47.89178238647164,2,507.9
brasilia,DF,-15.805785435894467,-47.88609507749398,2,105.80000000000001
brasilia,DF,-15.805426631769938,-48.14380920781731,6,923.9399999999999
brasilia,DF,-15.803758423620252,-47.89407909304939,1,75.0
brasilia,DF,-15.80333269556457,-48.09794999426447,10,856.92
brasilia,DF,-15.803144679926746,-47.89695691992201,3,259.45
brasilia,DF,-15.803070325168445,-47.890418686230404,3,192.99
brasilia,DF,-15.802477586805972,-47.87471121064673,1,99.99
brasilia,DF,-15.801919570438303,-47.9236634124868,19,4955.38
brasilia,DF,-15.801552733025048,-48.13105973986474,1,75.37
brasilia,DF,-15.8007968464638,-47.97677495109033,2,435.99
brasilia,DF,-15.800375382775515,-47.86052311245146,4,1522.55
brasilia,DF,-15.800124253044523,-47.92840964784617,37,4415.17
brasilia,DF,-15.79970985118922,-47.95136301648393,3,394.87
brasilia,DF,-15.799547050537774,-48.1354736156514,10,1194.3200000000002
brasilia,DF,-15.799189500000002,-47.87010224999999,1,84.9
brasilia,DF,-15.798928499999993,-47.87092349999998,1,13.99
brasilia,DF,-15.798037478325742,-47.942735461883565,8,2573.1
brasilia,DF,-15.79787933758301,-48.06224867895499,13,979.48
brasilia,DF,-15.797740677119632,-47.89371336021911,6,1291.38
brasilia,DF,-15.797091758842974,-47.93699734599853,5,638.7
brasilia,DF,-15.795585524197527,-47.9490044415432,1,229.99
brasilia,DF,-15.79524812892108,-48.10637549571785,6,1156.59
brasilia,DF,-15.794833357393168,-48.11834695128028,14,955.6600000000001
brasilia,DF,-15.794687183997043,-47.93546669816589,14,1594.07
brasilia,DF,-15.794197105804272,-47.84810123053413,1,169.0
brasilia,DF,-15.79414585223098,-47.84835442541676,1,99.99
brasilia,DF,-15.793451951210246,-47.84585219627235,1,75.0
brasilia,DF,-15.793363257833736,-47.84922424340701,2,344.9
brasilia,DF,-15.79324064276979,-47.85035692664591,3,1456.79
brasilia,DF,-15.7930968994929,-47.851615655761144,18,1416.99
brasilia,DF,-15.792503453812104,-47.84512683563065,2,248.8
brasilia,DF,-15.792495491113193,-47.85048746218763,4,557.9
brasilia,DF,-15.79244194738333,-48.124107418561394,7,776.88
brasilia,DF,-15.791945278094722,-47.91225009691533,4,605.6
brasilia,DF,-15.791769706579188,-47.87906990581182,4,302.35
brasilia,DF,-15.791400649460424,-47.84936509587982,1,209.99
brasilia,DF,-15.791398232240027,-47.85698890190887,3,413.79
brasilia,DF,-15.791154734041342,-47.85672962141953,9,1061.97
brasilia,DF,-15.790977966990585,-48.13890900795416,2,288.9
brasilia,DF,-15.790766662964778,-47.8844391881036,3,1258.98
brasilia,DF,-15.79072564285714,-47.93009291964285,2,106.80000000000001
brasilia,DF,-15.79043861310517,-47.88065505785112,1,29.9
brasilia,DF,-15.788929833208348,-48.12481467459101,5,336.36
brasilia,DF,-15.788580794017989,-47.88242487362648,2,436.99
brasilia,DF,-15.788493200806588,-47.936096761660956,5,638.89
brasilia,DF,-15.787326571209984,-47.88582780336425,3,351.27
brasilia,DF,-15.786935542319089,-47.883764951663835,1,66.99
brasilia,DF,-15.786283585240913,-47.88911797837572,1,99.99
brasilia,DF,-15.785749245172015,-47.936385440358706,2,89.9
brasilia,DF,-15.784913720927284,-47.893015075867154,6,1300.77
brasilia,DF,-15.784431863233904,-47.917045573510414,27,2443.92
brasilia,DF,-15.782328657601859,-47.88292095657197,1,16.9
brasilia,DF,-15.782075980611172,-47.875270882946076,3,319.78999999999996
brasilia,DF,-15.781852449476983,-47.934055062534235,2,618.0
brasilia,DF,-15.781099218214399,-47.78362354473951,1,89.0
brasilia,DF,-15.780190808637096,-47.88689436958269,2,518.0
brasilia,DF,-15.778821492801272,-47.87840075820877,4,568.69
brasilia,DF,-15.77868510446602,-48.00002287254453,3,151.93
brasilia,DF,-15.778555142172237,-47.88278389785359,3,359.39
brasilia,DF,-15.778163055053287,-47.87569454035151,3,98.09
brasilia,DF,-15.777903578255176,-47.85173616535553,7,1798.6000000000001
brasilia,DF,-15.777625500000005,-47.87400825,2,446.89
brasilia,DF,-15.776596790121259,-47.88914724014259,3,87.49
brasilia,DF,-15.776026191181735,-47.878938679624106,2,393.79999999999995
brasilia,DF,-15.775965033109031,-47.88626756540543,6,551.08
brasilia,DF,-15.774815956743687,-48.0468055012082,7,826.6
brasilia,DF,-15.774497464648949,-47.87603000020082,1,139.9
brasilia,DF,-15.773413926887455,-47.77853600318313,5,596.69
brasilia,DF,-15.772888898609335,-47.88628830959999,8,511.84000000000003
brasilia,DF,-15.772567582713906,-47.88349979187399,7,567.0500000000001
brasilia,DF,-15.771866153316404,-47.879768587974475,3,507.64
brasilia,DF,-15.771690726661665,-47.92309195755592,4,1167.28
brasilia,DF,-15.771565809833875,-47.87603160286195,1,74.39
brasilia,DF,-15.770179695567686,-47.88701554857543,6,761.2
brasilia,DF,-15.76969077699971,-47.883989148946405,1,129.97
brasilia,DF,-15.768618671007703,-47.88004868759488,2,231.05
brasilia,DF,-15.768227119422363,-47.779885926582374,5,286.87
brasilia,DF,-15.76795567997682,-47.89101172793277,5,592.59
brasilia,DF,-15.767633368980128,-47.877517497894026,2,666.89
brasilia,DF,-15.767568652642153,-47.887577431662685,3,1061.8899999999999
brasilia,DF,-15.766207333326598,-47.884728156030036,5,443.64
brasilia,DF,-15.76528459695353,-47.856663,1,149.9
brasilia,DF,-15.76465779794922,-47.87842786432849,6,1156.28
brasilia,DF,-15.76397732984432,-47.892680297601565,1,149.9
brasilia,DF,-15.763901402890264,-47.88878925797492,4,282.98
brasilia,DF,-15.763580590800172,-47.885824257152535,5,607.78
brasilia,DF,-15.762944403895371,-47.93548179863324,2,400.13
brasilia,DF,-15.762942612120234,-47.78005844343525,1,189.9
brasilia,DF,-15.761386740900727,-47.87892317594594,2,123.99
brasilia,DF,-15.761076000265975,-47.88959628949596,1,16.9
brasilia,DF,-15.760244081241629,-47.88665469664535,1,99.9
brasilia,DF,-15.759941938987497,-47.894498979205224,9,1686.38
brasilia,DF,-15.759528989541128,-47.838894208292295,2,823.4
brasilia,DF,-15.75918910923545,-47.882997147867066,2,217.8
brasilia,DF,-15.758677233711433,-47.87997480011153,2,175.99
brasilia,DF,-15.757499970020184,-47.890053758247596,6,938.0
brasilia,DF,-15.757264381954897,-47.83241416784949,1,44.4
brasilia,DF,-15.756922452945787,-47.88727288933427,1,95.0
brasilia,DF,-15.755890378722901,-47.88374275741537,7,842.4200000000001
brasilia,DF,-15.755013607004077,-47.89147743340465,4,294.69
brasilia,DF,-15.754820612456417,-47.89825021466995,7,685.1800000000001
brasilia,DF,-15.754761952027645,-47.88123323177536,2,78.05
brasilia,DF,-15.754187959068918,-47.88893574964103,4,576.0600000000001
brasilia,DF,-15.75291303038017,-47.88488502914179,3,324.70000000000005
brasilia,DF,-15.751752690236298,-47.89295960849136,3,563.5
brasilia,DF,-15.751234623347077,-47.88967273759191,3,84.85
brasilia,DF,-15.75046199006069,-47.89649347350026,4,396.55
brasilia,DF,-15.750112952659899,-47.88575348876364,3,294.6
brasilia,DF,-15.74972997671513,-47.92717447281999,6,586.69
brasilia,DF,-15.748788595031932,-47.89358954249143,2,298.9
brasilia,DF,-15.748238528117113,-47.882895121477326,1,44.99
brasilia,DF,-15.747830613470377,-47.890560500248306,4,2047.4099999999999
brasilia,DF,-15.747798917387597,-47.88476687608139,1,319.0
brasilia,DF,-15.74718871062609,-47.925360867220036,1,849.0
brasilia,DF,-15.746321463335166,-47.88748863239277,4,977.79
brasilia,DF,-15.745605517370517,-47.8920414132894,2,134.9
brasilia,DF,-15.745499125961473,-47.89486592426569,4,709.63
brasilia,DF,-15.744120683997922,-47.84540335166106,5,362.99
brasilia,DF,-15.743387244652988,-47.887974517292676,2,70.78999999999999
brasilia,DF,-15.742645728252759,-47.8955730598163,3,516.6
brasilia,DF,-15.741595057094202,-47.89278076210348,4,357.15
brasilia,DF,-15.740512311101293,-47.88881091127362,1,516.9
brasilia,DF,-15.739510684713226,-47.88640972075857,3,307.8
brasilia,DF,-15.739487572189853,-47.89679067368496,4,170.6
brasilia,DF,-15.739482811357679,-47.89941620534654,6,755.5
brasilia,DF,-15.738616102285897,-47.880548061445324,4,592.28
brasilia,DF,-15.738457006482582,-47.89413323303607,8,944.58
brasilia,DF,-15.73796289591139,-47.865656392528976,5,1073.21
brasilia,DF,-15.737440587400302,-47.889863624274355,4,598.0
brasilia,DF,-15.737372581372847,-47.88698538453592,2,318.8
brasilia,DF,-15.727567777218658,-47.8811107486624,3,464.89
brasilia,DF,-15.726397652720784,-47.867599498822976,10,759.6800000000001
brasilia,DF,-15.717313805160966,-47.906416137733224,1,42.9
brasilia,DF,-15.714994030460831,-47.88577810310309,19,3085.3
brasilia,DF,-15.704508686910335,-47.824642889212086,2,219.7
brasilia,DF,-15.696767496662838,-48.15513091150767,1,6.9
brasilia,DF,-15.692184012582125,-48.16690111145468,3,379.7
brasilia,DF,-15.688610298832678,-47.82493559065583,14,2606.42
brasilia,DF,-15.677782700718986,-48.195984112805256,1,559.0
brasilia,DF,-15.671696383482969,-48.20144256659082,3,266.88
brasilia,DF,-15.67044853931117,-47.81596285510468,3,188.51999999999998
brasilia,DF,-15.667346604838848,-48.20107219114135,4,1004.79
brasilia,DF,-15.666351618048655,-47.82437983473188,6,508.2
brasilia,DF,-15.663246115641746,-48.19865045716361,1,49.9
brasilia,DF,-15.66275468739991,-47.86039218894382,14,2101.81
brasilia,DF,-15.660124828427874,-48.1933298411551,1,118.0
brasilia,DF,-15.657509558105156,-47.79665767797435,12,1235.47
brasilia,DF,-15.657448058889154,-47.8095103858827,3,828.6999999999999
brasilia,DF,-15.653689265668646,-47.68391334992834,1,84.4
brasilia,DF,-15.652489685381557,-47.80106302787043,5,724.74
brasilia,DF,-15.65088368524391,-47.64451132567621,5,306.38
brasilia,DF,-15.650778165759364,-47.80831029994169,2,473.95
brasilia,DF,-15.650453161860282,-47.79202152308245,3,447.45
brasilia,DF,-15.647895924262103,-47.77783595391179,1,139.0
brasilia,DF,-15.646595997075122,-47.82378905088257,6,480.5799999999999
brasilia,DF,-15.646588340146687,-47.79945936803707,1,40.5
brasilia,DF,-15.646059000000005,-47.78604899999999,1,229.99
brasilia,DF,-15.645184770034566,-48.17963744688566,5,444.59000000000003
brasilia,DF,-15.645092735698789,-47.79841429471472,6,702.59
brasilia,DF,-15.644593447880188,-47.78652725300457,5,434.78999999999996
brasilia,DF,-15.641499015652723,-47.805969968978935,4,343.89
brasilia,DF,-15.640895381740807,-47.81604202656759,1,69.0
brasilia,DF,-15.633883334253095,-47.81584492541541,3,311.79
brasilia,DF,-15.630511017582624,-47.668708048503426,7,991.23
brasilia,DF,-15.625478252566007,-48.64078714428,10,862.38
brasilia,DF,-15.62492861451137,-47.64717420955245,5,953.4300000000001
brasilia,DF,-15.619425760720544,-47.638053531125074,1,159.0
brasilia,DF,-15.616808054352168,-47.64705344526199,8,1173.58
brasilia,DF,-15.613376458566085,-47.636348152092744,3,79.69
brasilia,DF,-15.606237036866709,-47.65110500843902,5,674.79
brasilia,DF,-15.57796552252159,-48.00730195946881,2,319.98
brasilia,DF,-14.616069374297906,-53.15859124208869,3,190.9
brasilia de minas,MG,-16.215706428560953,-44.433944447941585,9,671.74
brasopolis,MG,-22.478535643061456,-45.6179413188178,1,99.99
brauna,SP,-21.504276023714116,-50.32234439497585,5,400.79
braunas,MG,-19.20869666709772,-42.97641519891935,1,89.9
brazabrantes,GO,-16.43241381438336,-49.387132091166634,2,53.5
brazopolis,MG,-22.478535643061456,-45.6179413188178,6,856.13
brejetuba,ES,-20.14768728208619,-41.29158581823656,1,128.89
brejo,MA,-3.6796750053374514,-42.753229897613146,1,99.99
brejo bonito,MG,-21.8513394321701,-50.71456121963189,1,139.9
brejo da madre de deus,PE,-8.11975896574784,-36.34744143794997,4,410.8
brejo do cruz,PB,-6.347542647198111,-37.4999982744409,1,1160.0
brejo dos santos,PB,-6.376879978247281,-37.825443446792654,1,89.99
brejo grande,SE,-10.43007145626256,-36.46656089630383,1,249.0
brejo santo,CE,-7.48940318775888,-38.98429194756268,10,1529.8600000000001
brejoes,BA,-13.100003439556863,-39.80915359448122,1,124.9
brejolandia,BA,-12.484797099889365,-43.961172580152045,1,13.98
breu branco,PA,-3.7749690156536695,-49.564171450996284,3,481.74
breves,PA,-1.6827641076623434,-50.47971983783625,1,609.0
britania,GO,-15.243476632392776,-51.164330801417705,1,89.99
brodowski,SP,-20.988926911431513,-47.654618703557226,9,935.54
brotas,SP,-22.282154968038324,-48.12510155957027,12,1073.08
brotas de macaubas,BA,-12.007079224288079,-42.6197670573623,1,168.0
brumadinho,MG,-20.13944080447951,-44.17686088474677,26,2258.23
brumado,BA,-14.205460464439602,-41.671112056820846,21,2628.85
brusque,SC,-27.156977691539332,-48.93385852967603,2,220.3
brusque,SC,-27.152345395819406,-48.89663456880289,1,87.9
brusque,SC,-27.14779223406619,-48.957917977996665,6,903.41
brusque,SC,-27.121052540706184,-48.911976159442005,12,1621.95
brusque,SC,-27.10967259774645,-48.92661183682271,12,2396.1099999999997
brusque,SC,-27.105724111171032,-48.93331822533233,8,1052.55
brusque,SC,-27.085078646516095,-48.917755702492265,7,1052.28
brusque,SC,-27.076616866728674,-48.89319473283283,7,618.53
brusque,SC,-27.07408785652341,-48.862525126566055,3,289.82
brusque,SC,-27.067730484113444,-48.90591292826643,2,178.7
bueno brandao,MG,-22.44265419909015,-46.34877574535731,4,172.02
buenopolis,MG,-17.874671637787852,-44.170437276665034,4,1231.38
buenos aires,PE,-7.7244413749003495,-35.327301071340315,2,247.9
buerarema,BA,-14.95780133672066,-39.30342647544837,3,1051.8
bugre,MG,-19.429537697924797,-42.25735678929433,1,187.9
buique,PE,-8.62060978721165,-37.14944718709074,1,235.0
buri,SP,-23.799252900703568,-48.60001796917145,10,938.3199999999999
buritama,SP,-21.067287508771535,-50.14440187114213,9,1024.24
buriti,MA,-3.944243935492534,-42.914429901916115,1,151.79
buriti alegre,GO,-18.13450400303502,-49.04126187425261,1,29.99
buriti do tocantins,TO,-5.321205248711932,-48.21111239878048,1,59.9
buriti dos lopes,PI,-3.1774929264642595,-41.869414966186056,2,268.9
buriticupu,MA,-4.316757277478371,-46.45803913868449,4,585.78
buritirama,BA,-10.715085941727198,-43.6342828669913,2,251.9
buritis,MG,-15.62721446009139,-46.42632889398506,13,1740.5700000000002
buritis,RO,-10.207044126109722,-63.831088871403665,2,240.98
buritizal,SP,-20.19351660532341,-47.70999403830061,2,66.99
buritizeiro,MG,-17.364555680535215,-44.984647236468014,8,2611.19
butia,RS,-30.11987672785401,-51.96254104620899,6,1112.69
caarapo,MS,-22.63266113161192,-54.82403489196627,4,1310.49
cabaceiras do paraguacu,BA,-12.5618254818023,-39.18153999621979,1,31.9
cabeceira grande,MG,-16.055668176736315,-47.143652358670614,3,265.89
cabeceiras,GO,-15.80524926175744,-46.93058467081313,1,14.9
cabedelo,PB,-7.045361229648126,-34.842098200986676,5,858.95
cabedelo,PB,-7.0076761310839,-34.918928757338264,1,30.0
cabixi,RO,-13.486852444177552,-60.53788286186566,1,149.9
cabo de santo agostinho,PE,-8.301868561277852,-35.025851716877916,6,629.5
cabo de santo agostinho,PE,-8.297839317356011,-35.04086988207598,1,65.0
cabo de santo agostinho,PE,-8.29066566168043,-35.039558913387296,1,29.99
cabo de santo agostinho,PE,-8.283903239951698,-35.02450558036527,4,642.78
cabo de santo agostinho,PE,-8.280863233446633,-35.02960961209838,3,106.88
cabo de santo agostinho,PE,-8.277071013269676,-35.00626824664251,2,629.0
cabo de santo agostinho,PE,-8.239763893945032,-34.985254322114336,4,774.8
cabo frio,RJ,-22.89397728801661,-42.03330014650005,19,3531.1400000000003
cabo frio,RJ,-22.89397515944693,-42.0444758026044,17,2358.29
cabo frio,RJ,-22.88391841315306,-42.02556816273157,5,1025.3
cabo frio,RJ,-22.880927748818326,-42.03732021337319,9,1192.98
cabo frio,RJ,-22.88050053092918,-42.01962444343114,12,1217.99
cabo frio,RJ,-22.878735324884175,-42.044685833003996,8,964.85
cabo frio,RJ,-22.87791746428932,-42.0106295872261,8,719.83
cabo frio,RJ,-22.864302522261205,-42.026913439712146,8,775.3
cabo frio,RJ,-22.85835543832897,-42.00788906967743,3,311.9
cabo frio,RJ,-22.850698806412893,-42.005000566817465,2,201.79000000000002
cabo frio,RJ,-22.84842225037652,-42.04269685300313,1,179.7
cabo frio,RJ,-22.84416513205862,-42.03141356178735,4,206.8
cabo frio,RJ,-22.833161110090632,-42.02483254070004,7,1707.47
cabo frio,RJ,-22.821259956263006,-41.995753434759294,1,84.9
cabo frio,RJ,-22.750238201407825,-42.01159127461132,1,84.9
cabo frio,RJ,-22.6802414339606,-42.00826524871421,4,904.59
cabo frio,RJ,-22.652414462523907,-42.00600609818576,2,89.99000000000001
cabo frio,RJ,-22.640052989499004,-42.00547415944752,1,58.9
cabo frio,RJ,-22.626445525702376,-42.00644874597795,1,399.9
cabo verde,MG,-21.47382328040176,-46.39609170165559,3,458.78999999999996
cabralia paulista,SP,-22.456542606976473,-49.33753259362305,4,207.29
cabreuva,SP,-23.272925280139958,-47.0846305931781,6,720.6
cabrobo,PE,-8.506721376676866,-39.309094429333996,6,921.79
cacador,SC,-26.791031353295455,-50.97891645085958,1,129.0
cacador,SC,-26.788654105095265,-50.993360060398096,4,617.77
cacador,SC,-26.786115432112734,-51.0214389199046,2,97.9
cacador,SC,-26.78121250880777,-50.987222782077446,2,449.9
cacador,SC,-26.778194551827706,-51.01186246927614,24,2343.59
cacador,SC,-26.775704753869576,-51.02952456825458,4,269.78
cacador,SC,-26.76583234842951,-51.01721273141485,3,661.44
cacapava,SP,-23.13882462895721,-45.72152564292944,2,559.7
cacapava,SP,-23.125016228981334,-45.71406705773996,8,1240.55
cacapava,SP,-23.11406169684072,-45.70061198906473,1,597.9
cacapava,SP,-23.109777967694743,-45.7205368736088,10,699.52
cacapava,SP,-23.106785313341348,-45.71364416682641,9,847.84
cacapava,SP,-23.10463140520373,-45.70609492602987,8,1398.68
cacapava,SP,-23.104114819584026,-45.67752010997833,4,941.66
cacapava,SP,-23.103135690537695,-45.70022942265547,5,584.89
cacapava,SP,-23.093824983470043,-45.701705202111555,15,2184.59
cacapava,SP,-23.093176807225497,-45.71105364946358,5,614.89
cacapava,SP,-23.08772711862367,-45.6901028027442,1,78.0
cacapava,SP,-23.070654425737228,-45.71787013886854,4,179.85000000000002
cacapava do sul,RS,-30.513795368962732,-53.48920920234293,5,859.99
cacaulandia,RO,-10.33854518042262,-62.907643074084675,1,72.9
cacequi,RS,-29.883498364402605,-54.82633070054312,3,286.99
caceres,MT,-16.06438232943728,-57.68804700926159,25,4750.1900000000005
cachoeira,BA,-12.596261024659881,-38.96863572581739,4,479.79
cachoeira alta,GO,-18.73111677835222,-50.95508760157414,6,451.76
cachoeira da prata,MG,-19.52424896323175,-44.4518578727129,2,169.8
cachoeira de minas,MG,-22.355813970805112,-45.78233456696949,6,454.5
cachoeira de pajeu,MG,-15.962509184455818,-41.488403233691365,3,428.8
cachoeira do brumado,MG,-20.39476345719793,-43.27792861411475,1,195.9
cachoeira do campo,MG,-20.339073957512912,-43.681674337912284,2,828.99
cachoeira do sul,RS,-30.046329279337854,-52.89077375267584,10,2458.54
cachoeira do sul,RS,-30.04166839423788,-52.895493636142135,7,777.55
cachoeira do sul,RS,-30.03434176845379,-52.900995048574636,6,572.5899999999999
cachoeira do sul,RS,-30.023143547065175,-52.91233224127847,4,470.76
cachoeira do sul,RS,-30.01102781312712,-52.90338145288066,3,200.88
cachoeira dourada,GO,-18.493615761637802,-49.49093381055509,2,148.9
cachoeira dourada,MG,-18.531781647695585,-49.49432301857276,1,119.9
cachoeira paulista,SP,-22.665773825235462,-45.00905168465506,25,3292.0
cachoeiras de macacu,RJ,-22.602306948260036,-42.76142622840878,1,99.0
cachoeiras de macacu,RJ,-22.470849051492323,-42.657121037845286,19,1819.26
cachoeirinha,RS,-29.957013274941534,-51.1022960764485,6,734.69
cachoeirinha,RS,-29.95269333551591,-51.09779064077645,8,2152.48
cachoeirinha,RS,-29.946476648213793,-51.08007687738528,9,759.78
cachoeirinha,RS,-29.942723408932107,-51.09650357868583,4,215.6
cachoeirinha,RS,-29.941081316868793,-51.10745666222594,11,1700.17
cachoeirinha,RS,-29.935968027119923,-51.08834941199757,3,150.8
cachoeirinha,RS,-29.92825496252196,-51.08079127086063,7,1235.99
cachoeirinha,RS,-29.91603037624623,-51.07581248061897,4,269.97
cachoeirinha,RS,-29.912722324461413,-51.08481400591595,5,364.3
cachoeirinha,RS,-29.911601781929566,-51.0751486507188,2,59.89
cachoeirinha,RS,-29.904950693956568,-51.07030394103,6,632.69
cachoeirinha,RS,-29.887194793276596,-51.090847199098995,2,159.89
cachoeirinha,RS,-29.483965451867405,-50.802359212051314,5,861.0
cachoeiro de itapemirim,ES,-20.8586495211639,-41.11688197001606,7,537.18
cachoeiro de itapemirim,ES,-20.855268653361247,-41.10871046055536,9,824.91
cachoeiro de itapemirim,ES,-20.852955062636017,-41.11820666366201,11,2121.59
cachoeiro de itapemirim,ES,-20.850773092296375,-41.105805462083765,11,1660.74
cachoeiro de itapemirim,ES,-20.84937768298942,-41.12932748549339,3,400.6
cachoeiro de itapemirim,ES,-20.84888395295811,-41.153055030844754,2,161.39
cachoeiro de itapemirim,ES,-20.847459653832125,-41.12005826115421,17,2693.93
cachoeiro de itapemirim,ES,-20.847164397952103,-41.1548455256115,6,929.9
cachoeiro de itapemirim,ES,-20.847148750817716,-41.112945633419415,1,125.99
cachoeiro de itapemirim,ES,-20.84711789220178,-41.13974718071966,2,64.55
cachoeiro de itapemirim,ES,-20.845737443853274,-41.14443509503575,3,191.88000000000002
cachoeiro de itapemirim,ES,-20.844729856199752,-41.11075004879964,9,1317.57
cachoeiro de itapemirim,ES,-20.84407162366201,-41.15350989073693,3,685.9
cachoeiro de itapemirim,ES,-20.84405138213383,-41.13971836504003,7,583.62
cachoeiro de itapemirim,ES,-20.84252698545739,-41.11888795503526,11,1023.22
cachoeiro de itapemirim,ES,-20.841775751043066,-41.129023788285465,4,677.26
cachoeiro de itapemirim,ES,-20.837240420336308,-41.11713803072733,6,559.6
cachoeiro de itapemirim,ES,-20.83232137438696,-41.157260281263376,9,1311.8
cacoal,RO,-11.442768731822959,-61.4502731631457,1,161.5
cacoal,RO,-11.438347500417402,-61.42997245588644,1,113.3
cacoal,RO,-11.437732827982007,-61.44341041380719,1,45.0
cacoal,RO,-11.435230663271089,-61.4334765172429,1,130.0
cacoal,RO,-11.43103084321798,-61.44441104439506,2,225.9
cacoal,RO,-11.428528754795733,-61.459464459317125,2,555.97
cacoal,RO,-11.42706295303259,-61.46786241449919,2,130.0
cacoal,RO,-11.425465424546386,-61.471927642122296,1,339.9
caconde,SP,-21.528683722343338,-46.64505089436829,10,1628.19
cacu,GO,-18.56664910423138,-51.135007457286655,8,982.6800000000001
cacule,BA,-14.501217587397077,-42.22314067996513,3,529.78
caem,BA,-11.115152636765668,-40.39174854621037,1,57.9
caetanopolis,MG,-19.303656393400818,-44.40952697159709,8,664.5699999999999
caete,MG,-19.8849004292492,-43.66495294562986,27,2482.9700000000003
caetes,PE,-8.774425478355141,-36.62489739458794,1,122.9
caetite,BA,-14.064001196267634,-42.4875876306961,10,1892.3
cafeara,PR,-22.790333812014378,-51.71560039329486,2,233.0
cafelandia,PR,-24.622059600596177,-53.32239831564487,11,1645.11
cafelandia,SP,-21.80320059939524,-49.602212692890134,8,729.2
caiana,MG,-20.69789948474924,-41.922451276616826,3,235.9
caiaponia,GO,-16.956804802062678,-51.8135556258415,4,352.78
caibate,RS,-28.29002552855853,-54.63990114817956,1,319.9
caibi,SC,-27.074346228038745,-53.24935701690006,3,132.05
caicara do norte,RN,-5.063372966196423,-36.05112829734299,1,1099.0
caico,RN,-6.4641497837997495,-37.093593888778884,10,2723.2
caieiras,SP,-23.392741159708013,-46.71361570056671,1,139.99
caieiras,SP,-23.391473636369223,-46.730686704069186,4,288.3
caieiras,SP,-23.391267946796557,-46.71286809323583,1,78.0
caieiras,SP,-23.39116944489374,-46.71614479616648,4,352.69
caieiras,SP,-23.3908648121337,-46.71850647800803,1,79.9
caieiras,SP,-23.385476711773816,-46.738659485667704,1,49.0
caieiras,SP,-23.38132680560381,-46.719014207969344,13,995.0
caieiras,SP,-23.377367017269155,-46.70976945451867,1,29.99
caieiras,SP,-23.37630526271187,-46.7506963138948,4,2641.89
caieiras,SP,-23.3742327444972,-46.70236873677641,1,559.0
caieiras,SP,-23.373657058798624,-46.677183149211245,2,172.9
caieiras,SP,-23.36294511334581,-46.74096686271875,19,1976.05
caieiras,SP,-23.357716094647408,-46.7332369986947,6,1070.77
caieiras,SP,-23.352872773131907,-46.74820205424277,14,1087.82
caieiras,SP,-23.347997208115444,-46.75846892525245,5,811.77
caieiras,SP,-23.346146853727817,-46.75190153723834,3,165.39
caieiras,SP,-23.343064913776036,-46.746437113972576,9,1129.8700000000001
caieiras,SP,-23.337534926971806,-46.75629218018843,4,784.8
caieiras,SP,-23.33480311433315,-46.75257958155971,3,194.8
cairu,BA,-13.484783183416193,-39.02506035910309,1,58.99
caiua,SP,-21.831717676862205,-51.99009570480748,2,146.0
cajamar,SP,-23.41736792674435,-46.82550160128406,4,155.4
cajamar,SP,-23.413763984807687,-46.82992271471498,16,2003.6999999999998
cajamar,SP,-23.41218422471149,-46.845135263019195,7,985.57
cajamar,SP,-23.406857959687006,-46.8611543371692,20,2462.27
cajamar,SP,-23.389937474145782,-46.863140641149464,2,109.49
cajamar,SP,-23.37393210304467,-46.863654135539,4,258.13
cajamar,SP,-23.37087914790087,-46.847968328958586,14,1217.16
cajamar,SP,-23.363343229176014,-46.85510973417021,6,421.19000000000005
cajamar,SP,-23.361274239915176,-46.84780101479083,1,47.9
cajamar,SP,-23.352215741814835,-46.8256991012963,2,198.66
cajamar,SP,-23.340394903904894,-46.844019193421666,8,483.08
cajamar,SP,-23.34023461327358,-46.830139519037004,6,414.19
cajamar,SP,-23.334961146536642,-46.83119094546432,5,723.65
cajamar,SP,-23.285529940917318,-46.87367058745331,1,186.0
cajapio,MA,-2.8762657761064014,-44.672934084080396,1,89.99
cajari,MA,-3.321816931557347,-45.01488892761193,1,289.0
cajati,SP,-24.72819885032075,-48.1128044045457,16,1821.3200000000002
cajazeiras,PB,-6.887745156328404,-38.55894250887899,11,1818.16
cajobi,SP,-20.877875377557153,-48.81096248940023,8,1018.4300000000001
cajueiro,AL,-9.398762700999793,-36.146956946374715,1,99.9
cajuri,MG,-20.788628855033426,-42.79602770750053,1,53.9
cajuru,SP,-21.27443256482517,-47.30547622191414,9,643.76
calcado,PE,-8.74221182227642,-36.33608799281209,1,199.0
caldas,MG,-21.91385284576575,-46.39241187788379,5,489.7
caldas brandao,PB,-7.161965454299922,-35.34996167963895,1,139.0
caldas do jorro,BA,-11.027780139903946,-38.791894904061046,1,370.0
caldas novas,GO,-17.73942377072625,-48.6198526311481,36,5301.63
caldeirao grande,BA,-11.107533220644429,-40.0704726890732,2,224.9
caldeirao grande do piaui,PI,-7.33222919962967,-40.63667015643963,1,110.0
california,PR,-23.665523235370998,-51.35659668422704,2,103.8
california da barra,RJ,-21.51765512409707,-43.85246285090664,6,871.97
calmon,SC,-26.602931196443897,-51.099089272478885,1,49.9
camacan,BA,-15.414350130540774,-39.49559371209775,6,1134.67
camacari,BA,-12.829740573799095,-38.2649856931729,1,754.0
camacari,BA,-12.717755816030104,-38.32788051157564,7,1010.87
camacari,BA,-12.713291330371904,-38.31363248271131,5,463.88
camacari,BA,-12.711948722389192,-38.32099080048962,2,139.7
camacari,BA,-12.710369065948328,-38.31686944558229,4,287.0
camacari,BA,-12.709892510372757,-38.33350774344262,3,205.4
camacari,BA,-12.7032569529374,-38.333687001410524,7,1125.4
camacari,BA,-12.701935856389667,-38.32433257166733,12,617.3199999999999
camacari,BA,-12.694580767237262,-38.322714695397714,4,295.69
camacari,BA,-12.694261704089486,-38.33311598442922,10,1951.6
camacari,BA,-12.690129946039994,-38.33171727933863,2,90.49
camacari,BA,-12.665028428734352,-38.30595662717039,3,298.89
camacho,MG,-20.62674426960462,-45.15581132546862,1,59.99
camamu,BA,-13.949892230855664,-39.11166935758069,8,1411.82
camanducaia,MG,-22.75549974414299,-46.14001332890425,9,2180.67
camapua,MS,-19.534726911066016,-54.0424060575388,6,621.29
camaqua,RS,-30.85406360352143,-51.8085350874549,12,1693.85
camaragibe,PE,-8.027754876417697,-35.00146633319281,2,115.22
camaragibe,PE,-8.026658240636213,-34.991744986520914,4,524.89
camaragibe,PE,-8.025704237815438,-34.9813359242102,4,224.55
camaragibe,PE,-8.018498173347496,-34.991321894146395,3,103.09
camaragibe,PE,-8.015102646633885,-34.97090707321031,5,536.3100000000001
camaragibe,PE,-8.014777380978769,-34.991371865429336,8,606.76
camaragibe,PE,-8.013411882352397,-35.00163447290659,2,144.9
camaragibe,PE,-8.008344156828846,-34.985285804257316,1,79.0
camaragibe,PE,-7.977534635859073,-35.00450164230363,1,117.48
camaragibe,PE,-7.9571435979955165,-35.00979604606584,1,19.9
camaragibe,PE,-7.948808380673423,-35.021630304393824,2,152.98
cambara,PR,-23.041547067984553,-50.07527867843522,9,803.1700000000001
cambara do sul,RS,-29.053500891544406,-50.14571173383808,1,372.0
cambe,PR,-23.307691548280737,-51.22668998124704,2,120.80000000000001
cambe,PR,-23.305229487149774,-51.21943769138161,1,49.7
cambe,PR,-23.296597652115654,-51.23994476035826,3,724.9
cambe,PR,-23.289125956311928,-51.242969722915745,6,750.8
cambe,PR,-23.28594398187703,-51.273639723710424,1,50.0
cambe,PR,-23.285752877634124,-51.263677849842736,3,336.8
cambe,PR,-23.27983623436763,-51.28352361017777,4,195.38
cambe,PR,-23.27363606364073,-51.25545635003408,3,262.39
cambe,PR,-23.273274563659697,-51.28164233309258,4,1439.9
cambiasca,RJ,-21.714719999999943,-41.92499999999996,1,22.99
cambira,PR,-23.60488886544814,-51.57907045278063,2,432.0
camboriu,SC,-27.037778589412564,-48.63873300256118,1,129.99
camboriu,SC,-27.034464740271666,-48.65110999089564,2,32.910000000000004
camboriu,SC,-27.0308488566622,-48.662081804969176,8,1332.2
camboriu,SC,-27.02362385481353,-48.64826262904155,9,916.15
camboriu,SC,-27.001829320433647,-48.65806133873695,7,646.9399999999999
cambuci,RJ,-21.574416861817856,-41.911663806863615,8,2042.79
cambui,MG,-22.61187390884463,-46.058156568941314,22,3133.7400000000002
cambuquira,MG,-21.85432094379683,-45.29722726782118,5,340.76
cameta,PA,-2.2506345490931,-49.49773502092509,4,392.8
camocim,CE,-2.9042495798412467,-40.846325303002686,8,1686.29
camocim de sao felix,PE,-8.35995575158674,-35.76212882375621,2,362.9
campanario,MG,-18.24000322829645,-41.72805532246127,2,278.7
campanha,MG,-21.834793738633515,-45.40188042460609,7,598.79
campestre,MG,-21.71111120484129,-46.24660902434687,3,321.70000000000005
campestre da serra,RS,-28.78856158381966,-51.09526360192388,2,1348.99
campestre do maranhao,MA,-6.207448028884075,-47.304531237876944,2,249.89
campina da lagoa,PR,-24.59241160657905,-52.80415320094136,2,519.7
campina das missoes,RS,-27.986799762328445,-54.84099998542986,2,155.8
campina do monte alegre,SP,-23.57677904095924,-48.446210632219476,2,237.9
campina grande,PB,-7.269665548704375,-35.92247453776104,1,99.9
campina grande,PB,-7.259828499568576,-35.90795349578872,3,124.8
campina grande,PB,-7.254647552821171,-35.8808650885552,1,1380.0
campina grande,PB,-7.250838954784539,-35.92196026902124,2,68.89
campina grande,PB,-7.249322876715524,-35.899495955616075,6,1365.9
campina grande,PB,-7.248690226778614,-35.91161978828012,2,188.0
campina grande,PB,-7.242654004144222,-35.921386202832984,1,35.9
campina grande,PB,-7.24165430568302,-35.92787825311108,2,178.9
campina grande,PB,-7.239732578370142,-35.878940748373566,8,1798.8
campina grande,PB,-7.239387292120763,-35.894350587508924,2,993.99
campina grande,PB,-7.234276883817106,-35.90222547065862,4,1422.8899999999999
campina grande,PB,-7.230078719902844,-35.92526143528737,3,958.8
campina grande,PB,-7.227950443398683,-35.86967213102924,5,2104.49
campina grande,PB,-7.223875427633246,-35.914943350557124,4,977.96
campina grande,PB,-7.223322010807521,-35.90369567780545,7,848.14
campina grande,PB,-7.21946865312162,-35.89009882278153,5,646.7
campina grande,PB,-7.217805719389645,-35.909642982038264,1,289.9
campina grande,PB,-7.216352227994898,-35.869551856369704,3,632.99
campina grande,PB,-7.209296481826258,-35.88307818102055,3,2527.9
campina grande,PB,-7.208664515674982,-35.92392155667366,2,340.8
campina grande,PB,-7.208491848634334,-35.87446841449939,2,424.89
campina grande do sul,PR,-25.342398065900387,-49.086042958361304,9,1062.57
campina verde,MG,-19.53430181412056,-49.50209456509559,10,659.48
campinacu,GO,-13.805494461607296,-48.56666977907482,1,179.9
campinapolis,MT,-14.443594117719892,-52.832899541395136,3,324.86
campinas,SP,-23.02493387065307,-47.11602451997855,6,340.73
campinas,SP,-22.97774492891905,-47.1041530696193,20,2501.52
campinas,SP,-22.97510045616461,-47.142925230302296,40,5728.79
campinas,SP,-22.97413138758236,-47.12644955885273,39,5518.26
campinas,SP,-22.972177127739343,-47.16411864221615,10,1436.56
campinas,SP,-22.959176341060605,-47.08841447100673,8,950.47
campinas,SP,-22.951786190276994,-47.183933068148264,22,2632.56
campinas,SP,-22.94823833181119,-47.08004442285132,25,4733.79
campinas,SP,-22.94626727954731,-47.05049823985393,26,2862.5499999999997
campinas,SP,-22.942673177094182,-47.15320354544112,20,1669.08
campinas,SP,-22.942010639011677,-47.042321116234056,37,5045.33
campinas,SP,-22.94038299392597,-47.09526288732753,61,6701.88
campinas,SP,-22.93942997754596,-47.05945875329188,56,6821.79
campinas,SP,-22.934709833532807,-47.020690121451175,4,307.65
campinas,SP,-22.934052783934792,-47.04149327512879,8,895.6800000000001
campinas,SP,-22.933999074895695,-47.0330400441391,27,4237.9
campinas,SP,-22.931980169327545,-47.11184149169854,65,7197.42
campinas,SP,-22.924969862053615,-47.07428354596362,18,1669.82
campinas,SP,-22.919745626083735,-47.08545006284698,14,1099.8600000000001
campinas,SP,-22.919581236170725,-47.05723143749277,26,2605.02
campinas,SP,-22.919473410802443,-47.06863500383827,14,1385.08
campinas,SP,-22.91425500946327,-47.038841221159934,8,1605.95
campinas,SP,-22.9140200060427,-47.01353540823247,5,542.15
campinas,SP,-22.912451674236532,-47.04911549910744,22,3544.84
campinas,SP,-22.91163569455388,-47.0747633444191,29,4512.37
campinas,SP,-22.91127562068369,-47.11467894844891,22,1733.3
campinas,SP,-22.90936912513257,-47.09076806719007,9,2740.29
campinas,SP,-22.907875061471042,-47.085034848366966,7,954.84
campinas,SP,-22.906134398331158,-47.0634557594334,10,934.27
campinas,SP,-22.905002116394094,-47.059643520983876,3,215.12
campinas,SP,-22.90493675256665,-47.0970847230203,26,2845.42
campinas,SP,-22.90437708368826,-47.05895209128777,28,2663.37
campinas,SP,-22.904213692481406,-47.05654899637804,29,3793.67
campinas,SP,-22.900296724955908,-47.000376207127,19,3458.27
campinas,SP,-22.898535319255775,-47.067913012524386,16,2193.2
campinas,SP,-22.89838731739939,-47.051640547454824,25,3240.92
campinas,SP,-22.89500060780138,-47.034835548930815,36,3901.9
campinas,SP,-22.89384803253408,-47.06133702244195,16,2247.49
campinas,SP,-22.892119186598126,-47.05458135882981,23,4407.22
campinas,SP,-22.89205755456594,-47.08244278411783,63,6686.09
campinas,SP,-22.88922927868442,-47.1085156313,9,706.8
campinas,SP,-22.888413155714876,-46.98442198157682,9,862.77
campinas,SP,-22.887802678045407,-47.03827277348356,16,3985.4700000000003
campinas,SP,-22.88744258227838,-47.14091707601181,9,1282.78
campinas,SP,-22.885998814164026,-46.97339319793575,5,336.68
campinas,SP,-22.88460270536805,-47.06730188388008,29,3053.67
campinas,SP,-22.88170855771708,-47.050464266947195,23,2090.14
campinas,SP,-22.88166297959637,-47.126000666911445,8,805.88
campinas,SP,-22.88036748952471,-47.06080143054911,4,386.69
campinas,SP,-22.87782250112632,-47.04251003049261,4,592.7
campinas,SP,-22.877397525375304,-47.02946851223153,25,5868.16
campinas,SP,-22.872983576567275,-46.95984920765624,1,149.9
campinas,SP,-22.863075231369574,-47.14998118893472,19,1600.45
campinas,SP,-22.862234836097517,-46.976608256546086,7,941.27
campinas,SP,-22.859827954098073,-47.03822923832903,20,3737.49
campinas,SP,-22.85798998347003,-47.05305088047734,76,11855.0
campinas,SP,-22.85740792114335,-47.067493234800466,9,791.38
campinas,SP,-22.852838896649487,-47.075697471660256,28,2529.87
campinas,SP,-22.847124527138718,-47.13988679860964,10,738.75
campinas,SP,-22.846425889636095,-47.02476795983293,9,1184.84
campinas,SP,-22.841108341963047,-47.10388889500998,15,1630.55
campinas,SP,-22.823420763935182,-47.08719295680403,39,5797.69
campinas,SP,-22.820556839802265,-47.05109826059328,4,498.69
campinas,SP,-22.816656860200855,-47.071274052071395,31,5353.570000000001
campinas,SP,-22.81624790075628,-47.022836518501535,23,3832.1
campinas,SP,-22.791069250515495,-47.08099870691227,31,5392.26
campinas,SP,-22.75370081032649,-47.014534541869814,1,89.9
campinas do sul,RS,-27.71786642064481,-52.62398227507844,6,1398.89
campinorte,GO,-14.312747501518935,-49.15368762101759,7,1244.69
campo alegre,AL,-9.784323077256696,-36.349940688236316,2,919.1
campo alegre,SC,-26.172144046688267,-49.33601244876342,2,178.9
campo alegre de goias,GO,-17.63440177971588,-47.77658894586532,2,175.89000000000001
campo alegre de lourdes,BA,-9.512360481214106,-43.023321604946226,1,99.99
campo alegre de minas,MG,-19.099162775692967,-41.03380534053093,1,119.0
campo alegre do fidalgo,PI,-8.377891550634898,-41.835686326509794,1,194.98
campo azul,MG,-16.505728294096443,-44.811677797827386,1,79.9
campo belo,MG,-20.893764714167883,-45.27561311477834,21,1836.34
campo bom,RS,-29.67704500881413,-51.060403440177396,35,4264.8099999999995
campo do brito,SE,-10.750394350095682,-37.49323013983066,1,76.8
campo do meio,MG,-21.109499455456902,-45.8298343383836,4,251.69
campo do tenente,PR,-25.98558970418453,-49.67827341565766,1,55.9
campo ere,SC,-26.39536028245974,-53.080448080969894,7,560.6
campo florido,MG,-19.76253702549459,-48.574697713634805,1,59.8
campo formoso,BA,-10.504091563927071,-40.32610420270958,10,3419.13
campo grande,MS,-20.552840192478797,-54.650656384734226,1,14.39
campo grande,MS,-20.550804031175538,-54.621512565234674,2,258.6
campo grande,MS,-20.550450462820645,-54.66279587786044,1,214.0
campo grande,MS,-20.54606265502141,-54.606953912363906,1,149.0
campo grande,MS,-20.538041412075724,-54.6706496745699,2,279.0
campo grande,MS,-20.530876955099334,-54.63804071957777,4,3297.2799999999997
campo grande,MS,-20.529280997516114,-54.60913660720891,3,273.79
campo grande,MS,-20.526799635799197,-54.66690693778404,2,729.9
campo grande,MS,-20.52456333037959,-54.64428675878551,4,378.3
campo grande,MS,-20.524113754182228,-54.65704136836586,1,47.9
campo grande,MS,-20.523907605684585,-54.59022210920706,2,56.8
campo grande,MS,-20.51923699700729,-54.649461389297734,2,149.89000000000001
campo grande,MS,-20.518073278396322,-54.68419059805111,1,40.9
campo grande,MS,-20.51542718999842,-54.613751452250156,7,533.5
campo grande,MS,-20.51452874165759,-54.57101014292044,1,220.64
campo grande,MS,-20.513282515123688,-54.662381024886955,4,492.04999999999995
campo grande,MS,-20.50941895253068,-54.59724622190089,8,737.09
campo grande,MS,-20.503973689534877,-54.63145440756429,3,176.7
campo grande,MS,-20.500058430359516,-54.58520628491053,12,1149.68
campo grande,MS,-20.49946811138982,-54.64751284644465,2,228.9
campo grande,MS,-20.497861949719834,-54.6561169532162,4,332.98
campo grande,MS,-20.497550918835543,-54.68074428694083,4,737.9
campo grande,MS,-20.48953585964395,-54.62200869199452,3,298.8
campo grande,MS,-20.48668614567905,-54.60647980107663,5,577.39
campo grande,MS,-20.486367758092843,-54.59315702990547,15,2770.55
campo grande,MS,-20.484609606356642,-54.57057199717388,4,7269.89
campo grande,MS,-20.483661593703594,-54.66599110473054,4,647.8
campo grande,MS,-20.483338732520945,-54.638943233359775,5,401.3
campo grande,MS,-20.483293379345607,-54.552746232581754,3,354.89
campo grande,MS,-20.47791574581992,-54.744221587487836,1,89.0
campo grande,MS,-20.477707649463674,-54.64954316039999,7,812.36
campo grande,MS,-20.473539671490766,-54.578142898923126,11,2302.47
campo grande,MS,-20.473275776855303,-54.60938795111062,12,1331.62
campo grande,MS,-20.47289510099868,-54.625700499783306,8,2542.4
campo grande,MS,-20.472149456812723,-54.548597648992995,6,461.3
campo grande,MS,-20.47125723802697,-54.56254374100773,2,374.89
campo grande,MS,-20.469976766540103,-54.5966601782642,4,411.79
campo grande,MS,-20.466162344896553,-54.70197187609452,2,165.0
campo grande,MS,-20.462851386084587,-54.691033888564334,2,165.39000000000001
campo grande,MS,-20.461904893239883,-54.57946276298305,11,1883.99
campo grande,MS,-20.461116910037777,-54.54178790593922,3,254.79000000000002
campo grande,MS,-20.459926314581118,-54.61173109941503,18,4086.64
campo grande,MS,-20.458253768528138,-54.59772469153679,7,2711.5499999999997
campo grande,MS,-20.458191658788422,-54.6245117112982,3,379.69
campo grande,MS,-20.4569046815221,-54.64678802096931,4,327.88
campo grande,MS,-20.453390367929032,-54.63802140675385,4,270.39
campo grande,MS,-20.45295428868718,-54.58744900816364,5,213.26
campo grande,MS,-20.45288920638686,-54.66419738378802,4,447.87
campo grande,MS,-20.452048027255106,-54.62897406709354,2,69.89
campo grande,MS,-20.451700071088812,-54.5717860713157,4,1268.02
campo grande,MS,-20.448047106254716,-54.671822342752414,4,1748.89
campo grande,MS,-20.44381746416129,-54.609106628949824,13,2378.2400000000002
campo grande,MS,-20.442721075745045,-54.59303684571323,3,648.6
campo grande,MS,-20.441781015109182,-54.655910560286465,9,838.23
campo grande,MS,-20.44147431474535,-54.666864909217786,1,69.9
campo grande,MS,-20.4379114973018,-54.5744618473099,9,979.23
campo grande,MS,-20.435419798725388,-54.560835227583674,4,176.70000000000002
campo grande,MS,-20.43232199650956,-54.672139206007905,1,127.0
campo grande,MS,-20.431567994511017,-54.60791125416596,5,677.79
campo grande,MS,-20.430625933609814,-54.58344332205463,3,203.79
campo grande,MS,-20.42985739935358,-54.62314561530564,4,1013.8
campo grande,MS,-20.429049798654113,-54.654225862129515,3,346.42
campo grande,MS,-20.423159710618485,-54.564019573272304,5,1883.02
campo grande,MS,-20.422784819908138,-54.573002167419595,1,44.9
campo grande,MS,-20.422015615501945,-54.6034334307678,1,148.9
campo grande,MS,-20.42197122703154,-54.62943212233706,5,746.89
campo grande,MS,-20.421713641839236,-54.603070137545636,2,290.0
campo grande,MS,-20.41931427760709,-54.590601669060995,3,341.5
campo grande,MS,-20.418618356586176,-54.64144207353953,1,27.9
campo grande,MS,-20.417613011176748,-54.66241809915853,2,165.99
campo grande,MS,-20.390883343235682,-54.56954055626567,3,265.99
campo grande do piaui,PI,-7.147809345645576,-41.04434498937297,1,155.99
campo largo,PR,-25.491478617113714,-49.529695931146904,1,79.0
campo largo,PR,-25.472311300959117,-49.538963646217745,9,698.58
campo largo,PR,-25.46434177212552,-49.555524081905006,8,1472.7
campo largo,PR,-25.461508679817932,-49.42276071835314,3,283.96000000000004
campo largo,PR,-25.460543394917316,-49.52696341332561,6,347.1
campo largo,PR,-25.453481389268706,-49.51131950259274,1,39.9
campo largo,PR,-25.451028949732272,-49.55878492662089,3,338.9
campo largo,PR,-25.447504451400416,-49.441282702447324,1,56.99
campo largo,PR,-25.447380406242782,-49.53071140162284,4,532.86
campo limpo paulista,SP,-23.235143032966782,-46.76930413223988,6,523.08
campo limpo paulista,SP,-23.22310017153819,-46.79620853748901,9,1064.63
campo limpo paulista,SP,-23.221051455728016,-46.72617243788746,1,219.9
campo limpo paulista,SP,-23.211746332732215,-46.762875138051314,18,2005.35
campo limpo paulista,SP,-23.208291363688424,-46.78662802308945,4,200.47
campo limpo paulista,SP,-23.20128136696906,-46.781863782593305,8,701.01
campo limpo paulista,SP,-23.180521251100593,-46.764132070563335,1,59.0
campo magro,PR,-25.375606922660335,-49.38601129666979,1,39.8
campo maior,PI,-4.830288661012602,-42.16987422607917,7,993.66
campo mourao,PR,-24.05387579103656,-52.41469113156011,3,241.8
campo mourao,PR,-24.04942753807217,-52.37656854858303,7,767.16
campo mourao,PR,-24.048584867245136,-52.39984846663028,2,73.9
campo mourao,PR,-24.043010320742578,-52.38609136128861,12,986.84
campo mourao,PR,-24.041218925892235,-52.37165410839558,8,2176.36
campo mourao,PR,-24.034078488679658,-52.375641325826784,12,1259.98
campo mourao,PR,-24.02478033056311,-52.372058203123444,3,251.99
campo mourao,PR,-24.021226614509946,-52.36079738645991,1,36.9
campo mourao,PR,-24.016690072276415,-52.35317561140305,8,1464.5900000000001
campo novo,RS,-27.677040247147954,-53.80714061237942,2,539.79
campo novo do parecis,MT,-13.72672691576459,-57.90834821580805,15,4915.79
campo verde,MT,-15.55075630136651,-55.17606019140091,10,781.38
campos altos,MG,-19.69675757095511,-46.169855128235056,5,373.68
campos belos,GO,-13.03716354927162,-46.769693978198795,7,788.0699999999999
campos borges,RS,-28.886237588991257,-53.00127999192428,3,825.89
campos de julio,MT,-13.723170179440894,-59.25834528253074,6,934.8
campos do jordao,SP,-22.736719290555136,-45.58642608881505,25,3201.1
campos dos goytacazes,RJ,-21.834529795294912,-41.413800055377,7,594.6600000000001
campos dos goytacazes,RJ,-21.803761982979147,-41.302089143920995,13,973.08
campos dos goytacazes,RJ,-21.79490261917679,-41.28808473280227,5,232.55
campos dos goytacazes,RJ,-21.78310012212437,-41.324123840149454,4,493.79
campos dos goytacazes,RJ,-21.780357363243496,-41.327267718602805,10,3317.84
campos dos goytacazes,RJ,-21.7786485588144,-41.297014253086715,15,1186.75
campos dos goytacazes,RJ,-21.776692297411827,-41.31277925515022,6,1631.98
campos dos goytacazes,RJ,-21.77456585875411,-41.32326867758519,14,1112.04
campos dos goytacazes,RJ,-21.770417633475063,-41.30565249497783,10,2065.61
campos dos goytacazes,RJ,-21.76559214791652,-41.28202082268612,5,358.75
campos dos goytacazes,RJ,-21.762775347060227,-41.30963269524094,14,1266.23
campos dos goytacazes,RJ,-21.76228712736818,-41.33987997931834,29,4498.7
campos dos goytacazes,RJ,-21.761750429724565,-41.322672359078055,13,1852.77
campos dos goytacazes,RJ,-21.75650602388157,-41.33204541278835,37,6220.99
campos dos goytacazes,RJ,-21.749563309373716,-41.34030196878794,12,1700.07
campos dos goytacazes,RJ,-21.747611779956188,-41.34512104896509,6,1156.8
campos dos goytacazes,RJ,-21.742667868834737,-41.31314052741214,9,1474.3600000000001
campos dos goytacazes,RJ,-21.74231062666481,-41.35658546786811,6,716.49
campos dos goytacazes,RJ,-21.733997772715973,-41.31566567511366,2,41.88
campos dos goytacazes,RJ,-21.728136997569354,-41.33195418171894,3,207.79000000000002
campos dos goytacazes,RJ,-21.727600198273002,-41.30591214558143,8,796.08
campos dos goytacazes,RJ,-21.721527370533842,-41.322142755170525,3,369.38
campos dos goytacazes,RJ,-21.705046634166308,-41.30577407928481,1,144.99
campos gerais,MG,-21.23678866810368,-45.75998487562615,4,457.16
campos novos,SC,-27.399055235300438,-51.22556495735034,14,1929.69
campos sales,CE,-7.07508607869851,-40.37356961584002,4,1543.9
campos verdes,GO,-14.261393536187512,-49.656981872122394,1,385.6
camutanga,PE,-7.408333948577803,-35.27303670858118,3,295.8
canaa,MG,-20.687087445335333,-42.62021405801984,1,54.99
canaa dos carajas,PA,-6.525210475145853,-49.872794593454344,9,1565.93
cananeia,SP,-25.009292746688903,-47.93195710361432,8,727.66
canapi,AL,-9.115906531545123,-37.60678416721471,1,230.0
canapolis,BA,-13.07598150697971,-44.2019611327694,1,13.65
canapolis,MG,-18.72350346707715,-49.199277900732596,5,525.8
canarana,BA,-11.716138289868587,-41.76715907046423,1,107.9
canarana,MT,-13.542298711925335,-52.27151765494582,10,1103.73
canavieiras,BA,-15.673596172003467,-38.949304954144246,6,799.8
candeal,BA,-11.807405855467286,-39.11979421469924,1,144.99
candeias,BA,-12.893005364384829,-38.75671830024681,1,14.4
candeias,BA,-12.85540598925911,-38.71642450470942,2,110.19
candeias,BA,-12.673022321359927,-38.53929141642132,3,441.79999999999995
candeias,BA,-12.671492643954242,-38.544469854282106,5,495.79
candeias,BA,-12.667386658936152,-38.53707882231345,1,29.0
candeias,MG,-20.771279225466223,-45.27427943740059,9,788.39
candeias do jamari,RO,-8.822748971584446,-63.64934899789282,1,279.0
candelaria,RS,-29.67044597567735,-52.78911852703207,4,573.39
candido de abreu,PR,-24.575841758798763,-51.332828082493094,4,360.8
candido godoi,RS,-27.949297688349883,-54.75222141272683,1,900.0
candido mendes,MA,-1.488876071178884,-45.73064413627023,1,239.8
candido mota,SP,-22.751128893730357,-50.38672852848477,16,1573.29
candido rodrigues,SP,-21.324486290283634,-48.63223957233123,4,81.78999999999999
candido sales,BA,-15.477954485009848,-41.24571428220992,3,396.78999999999996
candiota,RS,-31.50150939820098,-53.69073915188292,4,802.7
candoi,PR,-25.560542872996994,-52.03598040524518,1,43.0
canela,RS,-29.36052251726866,-50.81028933199042,17,2418.63
canelinha,SC,-27.265701646122324,-48.76801763692695,4,933.94
cangucu,RS,-31.395632570425594,-52.67708329253571,12,1310.18
canhotinho,PE,-8.878666516371505,-36.197745294632774,2,367.0
caninde,CE,-4.3559287899539,-39.314376212285076,5,565.39
caninde de sao francisco,SE,-9.673731489227313,-37.8002195110143,2,250.8
canitar,SP,-23.00534114145481,-49.78339218605728,2,287.25
canoas,RS,-29.95548445525428,-51.163232493292185,7,993.57
canoas,RS,-29.9547733095964,-51.18588572359675,14,2070.42
canoas,RS,-29.949839227216543,-51.16849385835352,12,1724.3700000000001
canoas,RS,-29.93731412377801,-51.16997494701149,8,730.62
canoas,RS,-29.926896860482543,-51.14643922499816,1,28.99
canoas,RS,-29.925210672252355,-51.195190396991414,1,12.9
canoas,RS,-29.924146120759737,-51.16163459086898,11,1562.49
canoas,RS,-29.922777578535726,-51.199224214750956,14,2725.25
canoas,RS,-29.920151677486682,-51.183673506193884,1,24.9
canoas,RS,-29.919402974839496,-51.14505892899358,10,1388.39
canoas,RS,-29.917004803844417,-51.1717653177083,18,1783.21
canoas,RS,-29.916961604485003,-51.179846893413064,7,1791.67
canoas,RS,-29.91622996554467,-51.18816017725101,26,3614.23
canoas,RS,-29.913725142520825,-51.12647042390521,3,187.03
canoas,RS,-29.912212709998045,-51.14386568255196,2,359.89
canoas,RS,-29.90754952498647,-51.223026617983514,5,938.39
canoas,RS,-29.90527812680538,-51.14139868543693,6,1289.76
canoas,RS,-29.903850560910488,-51.18536886017075,4,319.69
canoas,RS,-29.90190348656491,-51.21251453274884,10,872.17
canoas,RS,-29.898660103882328,-51.16289525746852,18,1632.49
canoas,RS,-29.89696957610515,-51.14666015161824,10,1010.98
canoas,RS,-29.885329953059237,-51.17823714857105,11,750.94
canoas,RS,-29.882484469905727,-51.154210485777114,6,657.79
canoinhas,SC,-26.17842967715644,-50.39172922868355,27,4583.01
cansancao,BA,-10.669392366727326,-39.49764755503931,7,766.96
cantagalo,MG,-18.53054293112112,-42.622874862626375,2,232.95
cantagalo,PR,-25.37598783146171,-52.123015917383825,2,114.99
cantagalo,RJ,-21.974364253989346,-42.354217759630906,17,1981.48
cantanhede,MA,-3.635163252640832,-44.37799275723666,1,689.0
canto do buriti,PI,-8.110065701117279,-42.94675725045038,1,599.5
canudos,BA,-9.899970940826488,-39.03349393874104,1,174.9
capanema,PA,-1.1916261874127105,-47.177708366089185,3,475.97999999999996
capanema,PR,-25.668572737132873,-53.80378605276697,9,602.59
capao bonito,SP,-24.013846719177685,-48.340816188016944,5,496.67
capao bonito,SP,-24.011747952815657,-48.35048094956012,4,190.09
capao bonito,SP,-24.006582500015245,-48.33766452391587,3,455.23
capao bonito,SP,-24.004657807086666,-48.350226407137065,14,1826.07
capao bonito,SP,-23.99161452595917,-48.3486097667683,1,58.99
capao bonito,SP,-23.98075956187818,-48.345030562295946,1,51.92
capao da canoa,RS,-29.7331750608532,-50.007224042358075,38,4692.09
capao da porteira,RS,-30.092809899462708,-50.694388328298245,2,157.0
capao do cipo,RS,-28.94347136908528,-54.5633241554672,3,260.0
capao do leao,RS,-31.766412277634785,-52.46130780177023,4,1072.25
caparao,MG,-20.52392468730391,-41.90630806664008,1,49.9
capela,SE,-10.504290565975927,-37.053739781815864,3,580.9399999999999
capela de santana,RS,-29.681261639690145,-51.3212336075838,2,352.0
capela do alto,SP,-23.477943216104887,-47.73925651476333,3,833.99
capela do alto alegre,BA,-11.671553500430177,-39.835957422492854,1,39.99
capela nova,MG,-20.925626456194642,-43.620797706959266,1,89.77
capelinha,MG,-17.696081081658534,-42.51645734650035,19,2562.96
capetinga,MG,-20.621099796616186,-47.05516573685892,2,198.9
capim branco,MG,-19.55004677480242,-44.13373619864855,2,152.78
capim grosso,BA,-11.378158125172405,-40.011743516584225,5,547.89
capinopolis,MG,-18.683263859461753,-49.5699386935884,11,1042.18
capinzal,SC,-27.3518641191639,-51.60580689056575,10,1220.55
capinzal do norte,MA,-4.717117343720794,-44.32668695525109,2,395.0
capistrano,CE,-4.467730528888049,-38.90132461090233,1,35.0
capitao,RS,-29.270551732285227,-51.98834367295233,1,107.8
capitao andrade,MG,-19.071183051265177,-41.8632453890104,1,199.0
capitao eneas,MG,-16.543430516882903,-43.74625376661165,1,65.6
capitao leonidas marques,PR,-25.486282685599935,-53.60248109064926,5,407.78
capitao poco,PA,-1.7539664397020396,-47.06706007654771,3,405.38
capitolio,MG,-20.61655651835597,-46.04625014233613,5,386.89
capivari,SP,-22.997483794858958,-47.505725105505064,32,4663.71
capivari de baixo,SC,-28.443636588435936,-48.95654041508624,5,876.89
capivari do sul,RS,-30.143817941020927,-50.51140179879618,1,159.0
capoeiras,PE,-8.73865456084915,-36.627217324784084,1,143.0
caputira,MG,-20.172671360072147,-42.271083557003195,2,454.28
caracol,MS,-21.989173413934324,-57.01148678614192,1,94.0
caraguatatuba,SP,-23.70982015879929,-45.440673750140895,4,549.99
caraguatatuba,SP,-23.69765729670045,-45.444103062845926,4,240.43
caraguatatuba,SP,-23.68604017784386,-45.436779331088815,6,353.57
caraguatatuba,SP,-23.684927767588466,-45.44318995498896,4,915.0899999999999
caraguatatuba,SP,-23.67398268920312,-45.443431675164,2,305.69
caraguatatuba,SP,-23.666200132168953,-45.436960616857974,5,376.7
caraguatatuba,SP,-23.658199664459282,-45.438700765763734,1,61.8
caraguatatuba,SP,-23.63759173027465,-45.43653965834331,4,516.8
caraguatatuba,SP,-23.635063933488105,-45.42502182165966,9,1180.26
caraguatatuba,SP,-23.629055643177534,-45.43371185336911,5,725.3100000000001
caraguatatuba,SP,-23.62293340839172,-45.38516861685006,4,1147.72
caraguatatuba,SP,-23.622808936233554,-45.41413597858686,14,1607.46
caraguatatuba,SP,-23.62113045883141,-45.39902993702429,8,881.97
caraguatatuba,SP,-23.613610820929747,-45.42767671982126,3,879.5
caraguatatuba,SP,-23.613170985761695,-45.3929749437433,1,76.9
caraguatatuba,SP,-23.604520431800804,-45.357386158227364,2,193.9
caraguatatuba,SP,-23.593375747337287,-45.3368484316056,1,128.5
caraguatatuba,SP,-23.58116600992012,-45.33489099090811,6,1461.67
carai,MG,-17.18743056986159,-41.697403090797735,6,481.87
caraiba,PE,-7.805111757090515,-37.793539344355686,2,416.89
caraibas,BA,-14.697586059449323,-41.26588690904662,1,235.9
carajas,PA,-12.521263887473877,-48.4034936003218,4,483.22
carambei,PR,-24.947470174914745,-50.119247011504996,3,390.8
carandai,MG,-20.949993970927927,-43.804410139087594,11,1143.5
carangola,MG,-20.73251603191775,-42.029943765152545,25,4281.27
carapebus,RJ,-22.19068358078699,-41.65744656238283,5,696.97
carapicuiba,SP,-23.579756621576472,-46.82535845686454,3,182.52
carapicuiba,SP,-23.57474238733909,-46.85594356819911,3,246.22000000000003
carapicuiba,SP,-23.57251800195737,-46.819952770036906,16,1894.0
carapicuiba,SP,-23.569093979337847,-46.863630001979836,2,279.2
carapicuiba,SP,-23.5685297561331,-46.83315253960562,4,230.29000000000002
carapicuiba,SP,-23.567831549808915,-46.83861440222617,3,196.78
carapicuiba,SP,-23.567386494897924,-46.82425029116428,5,359.96999999999997
carapicuiba,SP,-23.56563035019019,-46.842298249595984,3,329.69
carapicuiba,SP,-23.559794693537793,-46.860229514006384,3,166.99
carapicuiba,SP,-23.55972473866013,-46.8315412294552,12,717.63
carapicuiba,SP,-23.55888637666549,-46.83912930429312,1,20.0
carapicuiba,SP,-23.556801901688537,-46.84622468228894,9,939.87
carapicuiba,SP,-23.555518450847483,-46.82833863237436,22,1246.6599999999999
carapicuiba,SP,-23.55482232096379,-46.83375866718952,5,300.36
carapicuiba,SP,-23.554275981049827,-46.841445544172025,9,981.72
carapicuiba,SP,-23.55294610347221,-46.85082344930689,24,3032.62
carapicuiba,SP,-23.55134994036523,-46.83514188734528,1,53.9
carapicuiba,SP,-23.549784784833392,-46.83915708999162,8,604.1800000000001
carapicuiba,SP,-23.54880596717767,-46.83024045323436,5,511.15
carapicuiba,SP,-23.5458043750033,-46.83882324744325,11,695.44
carapicuiba,SP,-23.544478988480577,-46.832078943734395,1,54.9
carapicuiba,SP,-23.543667433541465,-46.8286834945617,3,115.9
carapicuiba,SP,-23.542057866239563,-46.84312392349166,11,783.6800000000001
carapicuiba,SP,-23.54191207813006,-46.83721005347436,4,1602.19
carapicuiba,SP,-23.54029496150103,-46.85298992497374,16,1942.34
carapicuiba,SP,-23.538935427257904,-46.82179198435172,6,324.9
carapicuiba,SP,-23.538497860152063,-46.830558473741036,9,698.0
carapicuiba,SP,-23.533123037772267,-46.82395403227514,2,115.97999999999999
carapicuiba,SP,-23.53257175129283,-46.84282293121949,18,2084.8
carapicuiba,SP,-23.53232609074777,-46.85022450586513,17,1369.76
carapicuiba,SP,-23.530930038394203,-46.85832902076941,4,366.76
carapicuiba,SP,-23.530162272062586,-46.829344623192675,8,1217.38
carapicuiba,SP,-23.530075823734474,-46.833395988872084,9,1437.56
carapicuiba,SP,-23.529470987131226,-46.85397994153203,6,515.67
carapicuiba,SP,-23.529281307265126,-46.828480358215806,6,535.3000000000001
carapicuiba,SP,-23.529082475108467,-46.82595598954184,9,710.35
carapicuiba,SP,-23.52630642240271,-46.84569408911503,10,912.11
carapicuiba,SP,-23.525173181187785,-46.841547676095296,6,972.6
carapicuiba,SP,-23.5250455421384,-46.8569542466829,2,170.89
carapicuiba,SP,-23.5245563672734,-46.83627481512415,2,86.89
carapicuiba,SP,-23.520892321810788,-46.84578284021309,9,1136.36
carapicuiba,SP,-23.51545395083798,-46.83908951459393,9,1626.34
caratinga,MG,-19.787035607141227,-42.1378858141528,54,8847.630000000001
caratinga,MG,-19.782151109636132,-42.129340399483,5,442.78
caratinga,MG,-19.774231315019133,-42.13679571685722,3,399.85
caraubas,RN,-5.789537103693543,-37.558568833481395,3,1059.29
caravelas,BA,-17.70676566862526,-39.310128808959114,3,356.4
carazinho,RS,-28.29124464593789,-52.79025576343903,23,2030.93
carbonita,MG,-17.535583399039044,-43.01602044169739,4,755.87
cardoso,SP,-20.080941806166795,-49.91269317703499,6,944.8100000000001
cardoso moreira,RJ,-21.492932392812843,-41.615142419292205,6,500.02
careacu,MG,-21.879894097287,-45.85647968875423,2,116.13
cariacica,ES,-20.36360185674505,-40.37462539065324,5,598.69
cariacica,ES,-20.353042258450234,-40.372988366327554,10,1147.63
cariacica,ES,-20.349877466729343,-40.384015917980015,11,1584.39
cariacica,ES,-20.348482491643868,-40.39424798988471,4,447.39
cariacica,ES,-20.347321676920753,-40.395441964690995,8,745.76
cariacica,ES,-20.341070998897518,-40.36444150559455,8,1098.35
cariacica,ES,-20.340521299600123,-40.384897987448205,15,2746.63
cariacica,ES,-20.3359255734059,-40.389954070877536,6,437.45
cariacica,ES,-20.334678650207326,-40.400490658235114,6,514.89
cariacica,ES,-20.33013337723304,-40.39043058407728,9,750.57
cariacica,ES,-20.328601609899742,-40.36941562385166,9,1639.17
cariacica,ES,-20.32247630196992,-40.37762777086689,5,482.64
cariacica,ES,-20.317000803364834,-40.372320098134026,6,457.86
cariacica,ES,-20.31255045087857,-40.40000069420851,2,144.9
cariacica,ES,-20.30941650802182,-40.391153337968845,7,1342.8899999999999
cariacica,ES,-20.306453087890876,-40.37093583403476,9,983.5699999999999
cariacica,ES,-20.29248104532088,-40.384031424765176,4,519.97
cariacica,ES,-20.278512891406116,-40.41167522341207,8,619.05
cariacica,ES,-20.26440960781892,-40.389537508293095,3,124.88
caridade,CE,-4.233374064303069,-39.200350540483456,1,99.9
carinhanha,BA,-14.29469780358296,-43.770479430033916,2,348.9
carire,CE,-3.9489521807486305,-40.4753495714187,3,144.79
cariri do tocantins,TO,-11.905019372781869,-49.16622321648179,2,270.89
caririacu,CE,-7.040575407082821,-39.28804882710206,2,454.0
carius,CE,-6.536160491677898,-39.496274061135104,3,477.88
carlinda,MT,-9.966516824949288,-55.82367240407808,2,204.9
carlopolis,PR,-23.427714647791582,-49.71815635045273,6,755.4
carlos barbosa,RS,-29.298071742278164,-51.50260091138184,19,2554.79
carlos chagas,MG,-17.656998028766992,-40.871312653284875,2,124.80000000000001
carmesia,MG,-19.086575734805603,-43.140982703708296,1,241.1
carmo,RJ,-21.932343210229536,-42.607432292496306,12,1415.19
carmo da cachoeira,MG,-21.461008557533102,-45.22054433595689,4,319.44
carmo da mata,MG,-20.55966811821635,-44.86917286484877,6,459.7
carmo de minas,MG,-22.12124328966364,-45.124733823993424,3,643.96
carmo do cajuru,MG,-20.282776843212414,-44.831468417027196,10,1638.44
carmo do paranaiba,MG,-18.99834541822861,-46.30935828069332,16,4008.64
carmo do rio claro,MG,-20.971610978511645,-46.12132992617943,9,1642.42
carmo do rio verde,GO,-15.356895077264507,-49.70235518936493,2,169.89
carmolandia,TO,-7.035135193916087,-48.396199949532765,1,129.0
carmopolis,SE,-10.648336110402456,-36.987631225713095,2,87.31
carmopolis de minas,MG,-20.539189819213494,-44.636222574200794,5,1629.78
carnaiba do sertao,BA,-9.589271582271095,-40.425445511064936,1,54.98
carnauba dos dantas,RN,-6.556878225755052,-36.59251248151928,1,129.99
carnaubais,RN,-5.337733879077279,-36.83630689504175,2,339.0
carnaubal,CE,-4.16476401942149,-40.938723359086154,2,214.89000000000001
carneirinho,MG,-19.71155629339138,-50.721427419246695,3,294.5
carolina,MA,-7.331741136185456,-47.46865088345743,2,429.79999999999995
carpina,PE,-7.849688282918519,-35.258967978114676,4,394.33
carpina,PE,-7.84940404718066,-35.252186176926465,1,99.7
carpina,PE,-7.845872969859305,-35.263928710856156,3,1491.73
carpina,PE,-7.844272764671797,-35.24648589012492,1,113.0
carpina,PE,-7.843488148155741,-35.23456051286603,1,96.0
carrancas,MG,-21.489134819324796,-44.642577579390846,3,134.79
caruaru,PE,-8.308666219294135,-35.97501430517225,1,55.0
caruaru,PE,-8.29747728094624,-35.98157464228574,2,178.9
caruaru,PE,-8.296675837449685,-35.97335383907711,5,760.79
caruaru,PE,-8.295836772214743,-35.96599970245236,2,206.89999999999998
caruaru,PE,-8.293888021975265,-35.96155160867292,1,364.0
caruaru,PE,-8.288588754226438,-35.97783672667771,2,404.88
caruaru,PE,-8.287606780171743,-35.95590223017341,5,1199.6399999999999
caruaru,PE,-8.287521026162796,-35.99232743688187,4,362.86
caruaru,PE,-8.285687286216563,-35.966465993202384,2,419.7
caruaru,PE,-8.285133447365824,-35.97077216910167,6,1110.49
caruaru,PE,-8.28378252088246,-35.99557453512202,3,139.29
caruaru,PE,-8.279229035980027,-35.960129141906016,2,93.8
caruaru,PE,-8.278465616631596,-35.97166866004679,3,696.8199999999999
caruaru,PE,-8.278462795512608,-35.93408693207028,2,403.79999999999995
caruaru,PE,-8.27824076790267,-35.97848431685717,2,225.0
caruaru,PE,-8.273851478093919,-35.988449866413646,2,245.63
caruaru,PE,-8.26979588703109,-35.97535579092357,8,986.34
caruaru,PE,-8.26662699210679,-35.9537091063402,1,150.0
caruaru,PE,-8.263533512362494,-35.96628264066717,9,1231.88
carutapera,MA,-1.204072657270092,-46.02104434904004,2,174.9
carvalhopolis,MG,-21.77850220955143,-45.8428254252045,3,240.32999999999998
casa branca,SP,-21.789190389997472,-47.07232828087684,13,1261.58
casa nova,BA,-9.177388079834074,-40.98130297583368,6,1126.19
casca,RS,-28.56573083286525,-51.974619453032226,7,1326.27
cascalho rico,MG,-18.605312312450106,-47.88337089557223,1,69.0
cascavel,CE,-4.132849103486437,-38.24159314064651,5,1035.6599999999999
cascavel,PR,-24.986482985801874,-53.49319710647036,2,235.9
cascavel,PR,-24.98170955426231,-53.460925720348435,7,1786.27
cascavel,PR,-24.977531834712284,-53.446044448658775,14,889.01
cascavel,PR,-24.96853003431213,-53.406368703897705,5,1091.5
cascavel,PR,-24.96646635994288,-53.46672976531582,11,1267.57
cascavel,PR,-24.964546191150223,-53.48488921803757,6,755.7
cascavel,PR,-24.96014088515584,-53.50597433521193,5,359.38
cascavel,PR,-24.95918428429227,-53.462644000056976,15,1702.54
cascavel,PR,-24.951755468655858,-53.425171814982875,6,497.6
cascavel,PR,-24.95138329734197,-53.46685083806428,21,5443.04
cascavel,PR,-24.951322591743594,-53.5153396797506,1,60.45
cascavel,PR,-24.949359133795447,-53.447920001105146,16,4460.07
cascavel,PR,-24.944714386631645,-53.49030618847979,14,1366.44
cascavel,PR,-24.94227484519452,-53.41014083567158,4,576.46
cascavel,PR,-24.94065572152961,-53.46979998589768,5,902.33
cascavel,PR,-24.93683432443724,-53.451615089068994,6,565.57
cascavel,PR,-24.93406854509024,-53.42368146577138,2,369.79999999999995
cascavel,PR,-24.92049263267537,-53.428060679540316,5,751.7
cascavel,PR,-24.913593795849142,-53.450806963006166,1,194.49
caseiros,RS,-28.270965774313773,-51.69684129876076,1,109.9
casimiro de abreu,RJ,-22.486125097013733,-42.19317094379996,20,3458.33
cassia,MG,-20.582930704896818,-46.9221356375289,6,278.29
cassia dos coqueiros,SP,-21.281131700398976,-47.16825995372357,1,74.9
cassilandia,MS,-19.10865503041217,-51.75750386596614,5,1524.5
castanhal,PA,-1.3014768825716183,-47.936455131040226,2,359.0
castanhal,PA,-1.2991414016707559,-47.93207077840323,3,666.4
castanhal,PA,-1.2986602992387681,-47.89825256590644,5,494.77
castanhal,PA,-1.295787649798597,-47.91375640973846,4,516.88
castanhal,PA,-1.2894513423396972,-47.937839920645544,3,316.79
castanhal,PA,-1.2849813710764535,-47.92708937518956,4,1274.78
castanheira,MT,-11.137907474880812,-58.61019611625611,3,128.98000000000002
castanheiras,RO,-11.428080744522138,-61.95102518259382,1,42.9
castelandia,GO,-18.08907764015331,-50.2215933853613,5,554.98
castelo,ES,-20.6053563781088,-41.20519636049413,18,1600.8
castelo do piaui,PI,-5.319299883533075,-41.5509639057129,2,422.6
castilho,SP,-20.866847159290902,-51.49176549174563,10,2822.21
castro,PR,-24.806893427540267,-50.00061681236041,3,1074.7
castro,PR,-24.804245585094424,-49.990526522671594,6,751.1
castro,PR,-24.79443571070047,-50.01041065274203,3,473.89
castro,PR,-24.79287620819997,-49.99313307387233,9,471.51
castro,PR,-24.775695297014877,-50.00739531367073,1,75.99
castro alves,BA,-12.76647898695337,-39.42239071000821,2,58.9
cataguases,MG,-21.411572345416307,-42.679764495184884,2,342.89
cataguases,MG,-21.39750160339178,-42.70084352872553,7,927.19
cataguases,MG,-21.388054142415164,-42.69050462211028,7,650.96
cataguases,MG,-21.382655116417972,-42.70358535785255,8,963.28
cataguases,MG,-21.377740328873497,-42.690080353549966,8,1590.55
catalao,GO,-18.218536467079847,-47.939191356875064,2,459.0
catalao,GO,-18.179141998482006,-47.94601353330414,6,410.86
catalao,GO,-18.17115514193975,-47.946778226291684,8,2191.29
catalao,GO,-18.17027006186615,-47.92250284045789,1,39.9
catalao,GO,-18.169931469626952,-47.93551228168942,1,151.8
catalao,GO,-18.166661695922556,-47.95474969456433,1,59.9
catalao,GO,-18.164887078871,-47.95835916060115,7,1247.37
catalao,GO,-18.16240090997074,-47.92291830676111,1,41.9
catalao,GO,-18.161833892625175,-47.95285266377076,2,229.8
catalao,GO,-18.14509006313943,-47.92575830388157,4,522.22
catanduva,SP,-21.17846380764809,-48.99948275767014,1,109.9
catanduva,SP,-21.1541427150983,-48.971333540869644,2,89.9
catanduva,SP,-21.14338895195698,-48.995313956819665,3,369.9
catanduva,SP,-21.143217739306056,-48.947187654780215,8,854.1800000000001
catanduva,SP,-21.141358026695467,-48.97534937731129,11,1590.3400000000001
catanduva,SP,-21.13761925131724,-48.9814079458166,11,1648.77
catanduva,SP,-21.1326115703225,-48.95877121445766,10,2999.56
catanduva,SP,-21.12894493607704,-49.017168616382435,4,215.0
catanduva,SP,-21.128726159505174,-48.99295367914728,6,831.79
catanduva,SP,-21.12384851479828,-48.951292084394325,7,246.69
catanduva,SP,-21.12241501822202,-48.96331895137841,1,53.4
catanduva,SP,-21.12102843224972,-48.97081828471117,8,671.4
catanduvas,SC,-27.07029248252711,-51.65997041262784,6,690.79
catarina,CE,-6.13321403407986,-39.87786568296309,3,204.98
catas altas,MG,-20.07559272673594,-43.4075666503638,5,1052.85
catende,PE,-8.66542534670664,-35.726036765833456,7,1630.1799999999998
catigua,SP,-21.05239268704112,-49.05981951184296,6,668.57
catole do rocha,PB,-6.354803150332728,-37.721572491346556,6,3742.59
catu,BA,-12.363840993783475,-38.38186888846312,10,1486.97
catu de abrantes,BA,-12.84995914015199,-38.27847949097082,2,1135.99
catuipe,RS,-28.252632357679378,-54.013478403772936,4,539.8
caturama,BA,-13.33127591278641,-42.293528970394576,1,19.99
caucaia,CE,-3.78088430675568,-38.65808525110107,1,33.9
caucaia,CE,-3.7734590423400096,-38.6265652999156,3,463.88
caucaia,CE,-3.7667659956037407,-38.65536409195577,3,273.77
caucaia,CE,-3.766377203810672,-38.64864314964521,2,297.0
caucaia,CE,-3.7609334596445025,-38.62342942744764,5,403.55
caucaia,CE,-3.756639802072311,-38.61845111659876,1,49.0
caucaia,CE,-3.755693039997342,-38.613961350534574,2,323.99
caucaia,CE,-3.7489661027411043,-38.684533528582556,2,383.79999999999995
caucaia,CE,-3.740051342515584,-38.64465838237318,1,680.0
caucaia,CE,-3.7386204345220335,-38.60979229377179,4,375.96000000000004
caucaia,CE,-3.7306749942476953,-38.6989070348178,1,84.99
caucaia,CE,-3.7287871117196976,-38.648823338850725,1,124.99
caucaia,CE,-3.728488244124334,-38.65922549216721,1,49.9
caucaia,CE,-3.7274418938843517,-38.66270705437661,2,724.2
caucaia,CE,-3.7144727553081807,-38.64655928038609,1,144.94
caucaia,CE,-3.700795108689544,-38.66338721612401,1,29.99
caucaia,CE,-3.6969166604073815,-38.596096217271835,1,719.0
caucaia,CE,-3.6635261992528894,-38.6837553960604,1,14.9
caucaia,CE,-3.6625623793904127,-38.79813222013788,1,389.9
caucaia,CE,-3.657418898446298,-38.695404727252836,1,289.0
cavalcante,GO,-13.794652877169758,-47.45838362864478,2,158.99
caxambu,MG,-21.98080481713224,-44.93169566840273,16,1700.73
caxambu do sul,SC,-27.157052787302774,-52.88536980002553,1,19.5
caxias,MA,-4.880359628629927,-43.35336581900541,3,602.99
caxias,MA,-4.8720584198332535,-43.35529172651559,5,497.89
caxias,MA,-4.871409019623875,-43.34503479959538,2,343.99
caxias,MA,-4.866526843587077,-43.34752639015425,3,137.89
caxias,MA,-4.859830717688976,-43.353213217026195,1,54.9
caxias,MA,-4.853858466222003,-43.357040464820464,1,82.99
caxias,MA,-4.837761985081908,-43.35598293034556,1,69.9
caxias do sul,RS,-29.227559055629417,-51.16047249023911,2,131.97
caxias do sul,RS,-29.21329060763857,-51.27779535860995,2,215.8
caxias do sul,RS,-29.19996891812462,-51.200254781557284,10,1496.48
caxias do sul,RS,-29.1954433860579,-51.16706068825971,3,282.49
caxias do sul,RS,-29.190856266477073,-51.23023949816572,11,1114.3899999999999
caxias do sul,RS,-29.190671210121483,-51.18729485057533,2,133.99
caxias do sul,RS,-29.183424823050334,-51.166798729369184,1,229.99
caxias do sul,RS,-29.17999734148762,-51.18968606199082,7,1568.96
caxias do sul,RS,-29.178216467446862,-51.14868438613908,4,384.59999999999997
caxias do sul,RS,-29.178155075210128,-51.19737569611372,2,118.9
caxias do sul,RS,-29.1778826946857,-51.18989649562979,5,700.95
caxias do sul,RS,-29.17782368522574,-51.17328050719071,5,866.6899999999999
caxias do sul,RS,-29.173683520686257,-51.18183383155813,7,2868.69
caxias do sul,RS,-29.173299048379477,-51.15178971474723,4,547.79
caxias do sul,RS,-29.172669488726473,-51.21072933509023,8,4272.6900000000005
caxias do sul,RS,-29.172077814708842,-51.17274551601364,15,2575.2200000000003
caxias do sul,RS,-29.170771745747388,-51.23096209702349,5,493.8
caxias do sul,RS,-29.170436903929584,-51.14030210868933,2,71.89
caxias do sul,RS,-29.17005761185787,-51.186218008064294,6,1022.89
caxias do sul,RS,-29.16744881112399,-51.15483116731139,5,454.6
caxias do sul,RS,-29.1663138115949,-51.17831394250232,29,3175.76
caxias do sul,RS,-29.16288449162156,-51.203806450975556,1,94.9
caxias do sul,RS,-29.16019444958931,-51.18925939305335,7,648.59
caxias do sul,RS,-29.157500417407068,-51.155025962108525,1,105.0
caxias do sul,RS,-29.154301135579644,-51.17401980745931,4,1386.45
caxias do sul,RS,-29.15423771128097,-51.21728830593434,5,2267.12
caxias do sul,RS,-29.153966713587522,-51.16480661035684,6,1011.59
caxias do sul,RS,-29.15362198901412,-51.16335809642718,5,303.5
caxias do sul,RS,-29.1512278417182,-51.181577947854414,5,650.0500000000001
caxias do sul,RS,-29.15106168550321,-51.142925156171486,3,362.99
caxias do sul,RS,-29.14802694882467,-51.20192077793556,15,1917.3300000000002
caxias do sul,RS,-29.14273829433757,-51.18215900057975,2,259.89
caxias do sul,RS,-29.139547953886982,-51.14015570707872,1,98.8
caxias do sul,RS,-29.13855910271096,-51.19707305108417,2,368.99
caxias do sul,RS,-29.13506310013978,-51.17879476477555,3,255.42000000000002
caxias do sul,RS,-29.12900635067728,-51.12098175013883,5,1324.6
caxias do sul,RS,-29.12785896923402,-51.11993692444017,3,969.9
caxias do sul,RS,-29.12726123734296,-51.17453458697446,5,364.48
caxias do sul,RS,-29.12061739957863,-51.182188553613486,5,353.68
caxias do sul,RS,-29.11603845005783,-51.12563480510615,6,411.37
caxias do sul,RS,-29.097309899999978,-51.128263849999975,1,150.0
caxingo,PI,-3.42026003871809,-41.89405656910353,1,29.0
ceara-mirim,RN,-5.637682235371914,-35.42298981325486,2,305.46000000000004
cedral,MA,-1.999265836243856,-44.53586993015966,3,1164.9
cedral,SP,-20.904113556822836,-49.26857484683174,6,458.34000000000003
cedro,CE,-6.6046656923026275,-39.06183259002377,1,249.9
cedro de sao joao,SE,-10.25140701608446,-36.882810437497355,3,1999.99
cedro do abaete,MG,-19.147111404098304,-45.714540087226354,1,42.99
ceilandia,DF,-15.805426631769938,-48.14380920781731,1,49.9
celina,ES,-19.851581656301253,-40.57072169300674,2,174.9
celso ramos,SC,-27.63320205167086,-51.337239601534826,2,1136.79
centenario,TO,-8.958467204057293,-47.33711355000809,1,134.99
centenario do sul,PR,-22.82140872173288,-51.59497707396103,4,369.13
central,BA,-11.136698466979883,-42.106664284671474,1,119.5
central de santa helena,MG,-18.276242309677663,-42.997849388042006,1,139.9
centralina,MG,-18.585274922169962,-49.20061955483061,1,29.99
centro novo do maranhao,MA,-2.1758484000120535,-46.1677816777443,1,299.99
cerejeiras,RO,-13.19266482518763,-60.823111122927415,1,117.99
ceres,GO,-15.303639303509014,-49.60722003897494,7,1905.47
cerqueira cesar,SP,-23.034100418770535,-49.16234455805434,18,3701.52
cerquilho,SP,-23.166261903785394,-47.746688703504226,29,3182.61
cerrito,RS,-31.851459616119794,-52.809165309348714,1,59.9
cerro azul,PR,-24.828137537248153,-49.263724610399606,4,182.18
cerro grande,RS,-27.608345624559224,-53.166188436745145,1,52.9
cerro grande do sul,RS,-30.5950876526286,-51.75234557238621,2,184.0
cerro largo,RS,-28.146638263140144,-54.737891661226996,7,712.87
cerro negro,SC,-27.796757499873838,-50.87310645895104,1,118.0
cesario lange,SP,-23.22615684992226,-47.955079500499465,13,1966.5
ceu azul,PR,-25.147087829716437,-53.85009652876607,7,382.56
cezarina,GO,-16.979258470150114,-49.77081598750628,1,13.49
cha de alegria,PE,-7.997070277791265,-35.21069703695403,1,79.99
cha grande,PE,-8.240181645927851,-35.4616923663824,1,164.89
chacara,MG,-21.677323573632474,-43.22019644542632,2,175.7
chale,MG,-20.044837844618513,-41.69154550334606,2,116.4
chapada,RS,-28.061001781776675,-53.06614906485781,4,1463.19
chapada do norte,MG,-17.095485036819124,-42.53427732623978,2,373.9
chapada dos guimaraes,MT,-15.419296978383095,-55.72530668635377,4,754.8
chapada gaucha,MG,-15.313791149450699,-45.60962495919047,2,115.8
chapada gaucha,MG,-15.300072201769467,-45.62600729656672,2,275.89
chapadao do ceu,GO,-18.39733282966265,-52.662564788057274,8,1108.57
chapadao do lageado,SC,-27.589692033684216,-49.55069677396388,1,272.70000000000005
chapadao do sul,MS,-18.798215592177247,-52.62904866109048,14,1569.79
chapadinha,MA,-3.7407619665087135,-43.36051089473439,3,113.88
chapeco,SC,-27.138940195088274,-52.59715571025354,1,75.0
chapeco,SC,-27.122325927079167,-52.624271547014025,3,276.8
chapeco,SC,-27.116158768923977,-52.61603462419912,2,268.1
chapeco,SC,-27.11449604227134,-52.60281233605121,10,2682.06
chapeco,SC,-27.1030385797433,-52.62044254719734,10,1287.93
chapeco,SC,-27.09944773836892,-52.610097129674116,33,5078.89
chapeco,SC,-27.098309117328334,-52.67127859485439,9,698.8
chapeco,SC,-27.09543989582476,-52.632071202754624,11,1504.6399999999999
chapeco,SC,-27.09265085524762,-52.59359260209265,2,499.0
chapeco,SC,-27.079120251966835,-52.6317830055054,6,898.6899999999999
chapeco,SC,-27.078138868778755,-52.615663162397055,11,1427.53
chapeco,SC,-27.060817859099703,-52.63552876787947,3,408.67
charqueada,SP,-22.511338452260038,-47.77588446279597,10,1122.67
charqueadas,RS,-29.96270532877309,-51.618642688658596,17,1721.41
charrua,RS,-27.95372179010726,-52.02551148985606,1,125.0
chaval,CE,-3.036271797499818,-41.2425001741348,1,150.0
chavantes,SP,-23.03943812541669,-49.70813951359056,12,926.52
chaveslandia,MG,-19.04329047203457,-50.48805214021181,2,233.79000000000002
chiapetta,RS,-27.91880318858005,-53.940581538542354,1,129.99
chopinzinho,PR,-25.854746637852458,-52.52992836467901,4,142.38
chorozinho,CE,-4.30979584870399,-38.492865173226576,1,359.0
chorrocho,BA,-8.952778233808264,-39.08019965983603,1,49.9
chui,RS,-33.68994828174511,-53.46018295240874,5,818.6999999999999
cianorte,PR,-23.674233347581144,-52.62180074616915,3,435.8
cianorte,PR,-23.671871850725815,-52.63383655528629,1,79.99
cianorte,PR,-23.671725834050427,-52.60875344592714,2,759.0
cianorte,PR,-23.664447576004196,-52.59634307435398,5,730.49
cianorte,PR,-23.657923694543378,-52.58993043586271,1,45.0
cianorte,PR,-23.656347955157923,-52.62853973025549,2,86.89
cianorte,PR,-23.65598596315669,-52.609666035383164,22,2374.52
cianorte,PR,-23.65087860465648,-52.6287036175087,1,29.99
cianorte,PR,-23.646316538567838,-52.61537676886291,2,321.99
cicero dantas,BA,-10.593072091897264,-38.384992888434375,9,2974.15
cidade gaucha,PR,-23.382615855671663,-52.94086174613472,5,798.39
cidade ocidental,GO,-16.107461728840136,-47.95177522153215,1,13.69
cidade ocidental,GO,-16.09487203149937,-47.91548368987648,5,409.69
cidade ocidental,GO,-16.08274499999993,-47.93224123899995,2,282.0
cidelandia,MA,-5.173429220943391,-47.78618987724099,1,375.96
cidreira,RS,-30.181172662096813,-50.21367392192425,5,656.12
cipo,BA,-11.100453613828883,-38.51620756277988,1,179.0
ciriaco,RS,-28.343766191334545,-51.874689271327355,1,229.0
claraval,MG,-20.401546767101205,-47.28560867100957,1,171.0
claro dos pocoes,MG,-17.04383628389522,-44.206084191117945,1,99.99
claudia,MT,-11.504137772643933,-54.87562640424402,4,302.68
claudio,MG,-20.437204870235007,-44.76203405975947,20,2867.07
clementina,SP,-21.56018491317655,-50.445800319817664,4,397.54
clevelandia,PR,-26.407480196966088,-52.356924498560545,3,138.5
coaraci,BA,-14.635923437679327,-39.55472475607647,4,1201.8799999999999
coari,AM,-4.09374263540589,-63.14117324221792,1,1190.65
cocais,MG,-19.859866222327437,-43.45074764371449,1,259.0
cocal,PI,-3.4703792660724604,-41.55482822863676,7,896.77
cocal do sul,SC,-28.59886945254106,-49.32524103807989,4,2015.29
cocalinho,MT,-14.39272352478302,-51.002328273511665,4,418.87
cocalzinho de goias,GO,-15.763160003628366,-48.74471250222526,1,149.9
cocos,BA,-14.180373776936616,-44.535339897426226,1,49.99
codo,MA,-4.461757206996403,-43.8915996078408,7,2224.82
coelho neto,MA,-4.254609679921668,-43.01504612856668,3,314.9
coimbra,MG,-20.858008685826494,-42.801683564272906,1,38.9
coite do noia,AL,-9.636905726170337,-36.579648529187374,1,89.9
colatina,ES,-19.54634145050433,-40.6231462797084,2,146.8
colatina,ES,-19.54551718490543,-40.63413418662913,9,804.74
colatina,ES,-19.541956559715967,-40.643276730201244,1,24.99
colatina,ES,-19.540749440929556,-40.62883793487709,3,295.79
colatina,ES,-19.539302049854438,-40.625950773820364,15,1933.45
colatina,ES,-19.52664430508559,-40.662431856344476,5,567.31
colatina,ES,-19.52371016348674,-40.639323209262486,8,679.62
colatina,ES,-19.521177544995183,-40.64688425353667,3,249.29
colatina,ES,-19.520241810565054,-40.6847366419452,4,638.27
colatina,ES,-19.510822013878876,-40.63310196328869,13,1526.26
colider,MT,-10.804773825870669,-55.45771049615255,8,2161.73
colina,SP,-20.71615282762481,-48.53525462335842,9,608.68
colinas,MA,-6.030384554755735,-44.24723556894166,3,1128.87
colinas,RS,-29.388253629228064,-51.86899308717813,1,32.99
colinas do tocantins,TO,-8.057911121232678,-48.47981127603573,3,510.5
colmeia,TO,-8.741731814113678,-48.75320312015688,2,105.0
colniza,MT,-9.447975813043975,-59.269433561058136,3,718.97
colombia,SP,-20.180862628870056,-48.687257113900706,5,377.72
colombo,PR,-25.382570909889097,-49.168777163521916,4,362.9
colombo,PR,-25.376300774349726,-49.182382289020936,3,127.33
colombo,PR,-25.36870869064594,-49.143901454536994,3,290.46999999999997
colombo,PR,-25.36747499672606,-49.184199131513296,14,1443.23
colombo,PR,-25.363734182713866,-49.19199132492246,5,941.29
colombo,PR,-25.36227912467757,-49.20419578319537,3,146.8
colombo,PR,-25.357611147391896,-49.16301410727877,5,318.29
colombo,PR,-25.3523888773218,-49.190055110724536,3,162.79
colombo,PR,-25.347457401819998,-49.22194220493234,8,1690.56
colombo,PR,-25.345410673395673,-49.210015682285245,2,71.9
colombo,PR,-25.341577095815627,-49.18388080526201,2,258.65
colombo,PR,-25.33017432230493,-49.14948338931647,2,104.99000000000001
colombo,PR,-25.322037435281374,-49.23037206645086,1,93.9
colombo,PR,-25.292742401226562,-49.22278311923789,5,1373.8
colonia castrolanda,PR,-23.702852723394397,-46.401558774842776,3,824.03
colonia jordaozinho,PR,-25.53495725335863,-51.50634312648354,2,843.4
colonia leopoldina,AL,-8.918939545163434,-35.72990569030661,2,477.98
colonia vitoria,PR,-25.272807023543834,-50.07009121273323,5,294.90999999999997
colorado,PR,-22.837653869064955,-51.973422045406195,6,1022.78
colorado,RS,-28.521722576479718,-52.99280330386694,3,202.70000000000002
colorado do oeste,RO,-13.12224107650638,-60.54217610290954,3,199.88
coluna,MG,-18.232094722880394,-42.839864768666565,3,297.88
combinado,TO,-12.81540480809511,-46.550130269666916,1,29.0
comendador levy gasparian,RJ,-22.03394176340095,-43.212766283950224,7,603.6899999999999
comercinho,MG,-16.29716678761857,-41.79417306527858,1,129.0
comodoro,MT,-13.658483691777999,-59.78450051842194,7,2245.02
conceicao,PB,-7.557047449051584,-38.50657896460069,2,114.49
conceicao da aparecida,MG,-21.09647363693938,-46.20443258590877,5,866.0799999999999
conceicao da barra,ES,-18.576966446050704,-39.73757518671529,3,306.87
conceicao da feira,BA,-12.488128486464861,-38.993034165846794,2,603.99
conceicao da ibitipoca,MG,-16.975562820475375,-41.42995619322306,1,39.99
conceicao das alagoas,MG,-19.921240470897423,-48.37549416612301,3,1542.4
conceicao das pedras,MG,-22.157943002604156,-45.45206425290832,4,313.59000000000003
conceicao de macabu,RJ,-22.088070810882773,-41.86732114889866,12,1626.47
conceicao do almeida,BA,-12.778657206588948,-39.167317707766905,1,99.0
conceicao do araguaia,PA,-8.258828967969176,-49.29806443493768,7,1143.8899999999999
conceicao do caninde,PI,-7.903116545431383,-41.56501653036158,1,155.44
conceicao do castelo,ES,-20.361225210844665,-41.24983376040059,5,507.83000000000004
conceicao do coite,BA,-11.570269199721736,-39.279427445135184,9,997.89
conceicao do jacuipe,BA,-12.319657049080448,-38.77452250724569,3,177.89
conceicao do mato dentro,MG,-19.02370672710774,-43.423730654730775,12,1317.91
conceicao do para,MG,-19.750693613679953,-44.89692898215243,3,694.99
conceicao do rio verde,MG,-21.88247079465772,-45.08737826639442,5,825.89
conceicao do tocantins,TO,-12.207735128344126,-47.29849504126553,3,367.97
conceicao dos ouros,MG,-22.413907561211314,-45.79647035713199,4,632.78
conchal,SP,-22.338398569332117,-47.1683209783616,19,2075.2400000000002
conchas,SP,-23.019107243424635,-48.01092517102232,8,1064.45
concordia,SC,-27.24414434922448,-52.0236060965395,4,645.4
concordia,SC,-27.242713353432748,-51.95350321923911,2,288.98
concordia,SC,-27.24215921586008,-52.03123875625257,4,379.77
concordia,SC,-27.2376045266406,-52.03977413832643,2,134.59
concordia,SC,-27.230908625136014,-52.0454811035106,5,1540.8
concordia,SC,-27.2307414273828,-52.02442356124777,14,1313.58
concordia,SC,-27.230575611226463,-51.99829194247439,5,296.5
concordia,SC,-27.22108969877591,-52.03899884790244,4,459.25
concordia,SC,-27.21992557329001,-52.02327989668862,6,394.82
concordia,SC,-27.19024224888888,-51.93892681726039,1,49.9
concordia do para,PA,-1.9960058047852822,-47.944717019838095,3,929.78
condado,PE,-7.587710043104442,-35.10230029118218,4,944.8
conde,BA,-11.815526915377394,-37.61785465375689,2,819.0
condeuba,BA,-14.89994608455309,-41.96984407904907,1,56.99
condor,RS,-28.20732212632177,-53.484839056818565,4,216.8
confins,MG,-19.63356602459755,-43.985429700271446,1,389.0
confresa,MT,-10.63429415830214,-51.576750870961995,7,1065.6499999999999
congonhal,MG,-21.865404185877193,-45.65082349975035,4,455.84000000000003
congonhas,MG,-20.509894537367913,-43.86168754730868,30,2938.61
congonhinhas,PR,-23.553522043896585,-50.54992367333536,2,285.70000000000005
conquista,MG,-19.932894734007487,-47.55206053235132,6,453.88
conquista d'oeste,MT,-14.551121886390101,-59.53240343967293,1,89.99
conrado,RJ,-22.546568160435157,-43.57884543837606,1,104.9
conselheiro lafaiete,MG,-20.676186411834813,-43.78803174837335,1,72.0
conselheiro lafaiete,MG,-20.673537120585376,-43.777590834611686,2,219.20000000000002
conselheiro lafaiete,MG,-20.67047193155296,-43.797410327835046,1,149.65
conselheiro lafaiete,MG,-20.659212123529404,-43.80692696277707,1,96.8
conselheiro lafaiete,MG,-20.65784177366289,-43.77659493151107,5,545.97
conselheiro lafaiete,MG,-20.655803964613018,-43.77785932514872,70,7832.14
conselheiro lafaiete,MG,-20.65342074575615,-43.797692453243,1,99.8
conselheiro mairinck,PR,-23.623575885991006,-50.1692756320779,1,67.0
conselheiro pena,MG,-19.167555289682102,-41.47180218430566,15,2000.56
conservatoria,RJ,-22.28640235708559,-43.92036819601698,4,864.09
constantina,RS,-27.73224275334704,-52.995015986814785,1,330.0
contagem,MG,-19.976605604211162,-44.036676881918176,4,122.46000000000001
contagem,MG,-19.971406261537712,-44.06392641227721,3,146.2
contagem,MG,-19.970340650292773,-44.03581407359182,3,264.8
contagem,MG,-19.967878760000016,-44.054695953243275,18,2239.5499999999997
contagem,MG,-19.965568485009374,-44.02425085330766,6,441.27
contagem,MG,-19.96264364770031,-44.03740931505506,8,461.96999999999997
contagem,MG,-19.962196568129173,-44.01728274737205,2,174.0
contagem,MG,-19.95608602662571,-44.05212106582628,11,999.22
contagem,MG,-19.954716106653933,-44.0389637446662,16,2936.7799999999997
contagem,MG,-19.952073783668197,-44.0449255042054,4,337.3
contagem,MG,-19.950609107128013,-44.0282172158007,12,1181.6200000000001
contagem,MG,-19.94732845763311,-44.05782869450705,20,6118.74
contagem,MG,-19.941628099202305,-44.04185858702217,11,1614.8400000000001
contagem,MG,-19.939283906547246,-44.05144900305219,17,1450.76
contagem,MG,-19.938768933234908,-44.03834169825095,7,1048.49
contagem,MG,-19.933045489213495,-44.07764439803627,7,314.13
contagem,MG,-19.93209970255219,-44.053376268627574,14,1330.17
contagem,MG,-19.930430460793904,-44.070712216455945,11,687.46
contagem,MG,-19.928561584176094,-44.035622697401806,5,309.65
contagem,MG,-19.928464284112355,-44.112134297510266,7,1158.15
contagem,MG,-19.92804207952199,-44.11644937786632,7,475.69
contagem,MG,-19.92627884198057,-44.03543593580628,7,901.0
contagem,MG,-19.925479584610706,-44.08570752938618,15,1071.71
contagem,MG,-19.92358211078726,-44.09184616947446,11,1200.3200000000002
contagem,MG,-19.921701340784104,-44.090280787053686,1,129.99
contagem,MG,-19.920569470900052,-44.02640958503362,3,236.32999999999998
contagem,MG,-19.919400218838444,-44.05299395885341,4,157.79
contagem,MG,-19.91512881453888,-44.0718254242026,9,1171.48
contagem,MG,-19.914058298019203,-44.10375002587348,8,754.3
contagem,MG,-19.91151911104034,-44.0428536968531,9,1988.45
contagem,MG,-19.911495501326844,-44.07416254433933,9,581.97
contagem,MG,-19.911310483619456,-44.08482415053406,8,903.1
contagem,MG,-19.908046499230537,-44.09702007463228,12,1642.98
contagem,MG,-19.90161400532783,-44.076549818172744,5,703.4
contagem,MG,-19.89916748496856,-44.0858439479927,4,729.69
contagem,MG,-19.894029624407654,-44.04224404676389,14,1453.04
contagem,MG,-19.89318094361755,-44.027523122420256,13,1425.77
contagem,MG,-19.89277675052137,-44.066499936656804,2,172.8
contagem,MG,-19.89223167254045,-44.09554224071947,4,662.39
contagem,MG,-19.89126991830715,-44.055546126895166,1,74.99
contagem,MG,-19.885369169490954,-44.04744140682533,9,1082.4099999999999
contagem,MG,-19.88406937050345,-44.02242139461153,11,1035.78
contagem,MG,-19.882788075372158,-44.035649801996115,7,959.38
contagem,MG,-19.881292159150203,-44.056707819150695,7,919.89
contagem,MG,-19.867252389950057,-44.029978433938886,6,394.59000000000003
contagem,MG,-19.864315096110055,-44.116921241685205,2,131.87
contagem,MG,-19.863283944312315,-44.03919478557518,7,755.4200000000001
contagem,MG,-19.852039473713482,-44.02084308019937,4,425.35
contagem,MG,-19.848731547720213,-44.03841654314856,4,294.1
contagem,MG,-19.847573166848647,-44.02943024506621,14,1434.32
contagem,MG,-19.831906204860392,-44.1449682043005,13,1383.17
contenda,PR,-25.679134708289812,-49.53535670561776,1,89.9
coqueiro baixo,RS,-29.18047999999994,-52.089344249999954,2,86.99
coqueiros do sul,RS,-28.118553226627522,-52.78245270110114,1,25.73
coracao de jesus,MG,-16.660334572677282,-44.34611615056336,3,123.9
coracao de maria,BA,-12.229142870679011,-38.75779408975453,1,279.9
corbelia,PR,-24.79557436269287,-53.29792404486486,3,733.8
cordeiro,RJ,-22.027256822202872,-42.36626102797319,24,2604.86
cordeiropolis,SP,-22.481763564480133,-47.459958340316014,15,1260.05
cordeiros,BA,-15.039252005168535,-41.93432529834638,1,322.75
coreau,CE,-3.565085492206122,-40.66259663868692,1,29.99
coremas,PB,-7.01825757043902,-37.944255498102386,3,284.69000000000005
corguinho,MS,-19.816403912349053,-54.884712080029566,2,225.41
coribe,BA,-13.825204329206679,-44.453887836460595,8,654.97
corinto,MG,-18.365786615134013,-44.454401934788834,11,1362.8600000000001
cornelio procopio,PR,-23.181161077296654,-50.64960783251922,24,2234.17
coroaci,MG,-18.62002742371327,-42.28266785890231,2,338.9
coroados,SP,-21.355518005626834,-50.284634723537536,2,209.9
coroata,MA,-4.129401649445521,-44.12654958605843,9,873.48
coromandel,MG,-18.47627421500296,-47.19682128916466,25,2403.93
coronel domingos soares,PR,-26.22369095050902,-52.0300007182353,1,89.0
coronel fabriciano,MG,-19.512078547306896,-42.61008583361945,14,1286.3700000000001
coronel fabriciano,MG,-19.506713154390685,-42.628614039650095,25,2817.34
coronel fabriciano,MG,-19.476415520491376,-42.64225856031755,1,45.49
coronel freitas,SC,-26.906928051000563,-52.70313049471359,1,79.99
coronel joao pessoa,RN,-6.265689093152236,-38.44126594152204,1,89.9
coronel joao sa,BA,-10.286244573272963,-37.9266780366109,3,587.99
coronel macedo,SP,-23.630610844696953,-49.31318912407182,2,92.9
coronel martins,SC,-26.51197406846876,-52.66907658962485,2,121.30000000000001
coronel murta,MG,-16.61347117209926,-42.182577574266176,1,219.8
coronel pacheco,MG,-21.593698960032746,-43.27374596923992,1,99.9
coronel sapucaia,MS,-23.271444714392516,-55.530243298699155,1,89.9
coronel vivida,PR,-25.984865711694923,-52.567600711297544,11,856.87
corrego danta,MG,-19.82452943769596,-45.90600533483145,1,25.4
corrego fundo,MG,-20.448179580998403,-45.55714376473549,1,129.0
correia pinto,SC,-27.584160958831593,-50.36622459794297,11,1454.23
corrente,PI,-10.423992727693284,-45.16533523829482,4,1489.9
correntes,PE,-9.130222956872599,-36.328720148830016,1,169.9
correntina,BA,-13.350611559127506,-44.64903451731074,2,130.99
cortes,PE,-8.473513304864595,-35.543168848857185,2,249.89000000000001
corumba,MS,-19.03537246820829,-57.65132433419462,4,1058.8799999999999
corumba,MS,-19.0205240759944,-57.65645899221794,2,464.0
corumba,MS,-19.019785003979162,-57.641782772611414,1,79.9
corumba,MS,-19.01337461855665,-57.63673839583467,2,134.98
corumba,MS,-19.011686553159592,-57.6560293402479,4,614.59
corumba,MS,-19.00475722446256,-57.66881574663381,2,628.98
corumba,MS,-19.00349139262501,-57.63551764687359,3,519.5899999999999
corumba,MS,-19.00325088083508,-57.6496945516797,1,189.99
corumba,MS,-19.00313929535638,-57.651680573271875,2,101.55
corumba,MS,-19.002878899031444,-57.6439573351087,3,551.84
corumba,MS,-19.002500027240774,-57.66048831385217,1,235.98
corumba,MS,-19.001945178502705,-57.64774895026873,1,19.9
corumba,MS,-19.001679466992762,-57.65484892441477,1,99.99
corumba de goias,GO,-15.925016419272495,-48.80934800591796,2,126.99
corumbaiba,GO,-18.142259580605526,-48.563532333024504,4,176.8
corumbatai,SP,-22.228275512140172,-47.62297285810801,2,49.59
corumbatai do sul,PR,-24.101029121105753,-52.11709725331264,1,27.49
corupa,SC,-26.431977472068905,-49.2476145658104,4,434.65
coruripe,AL,-10.12551530808525,-36.174913695847614,3,1222.3
cosmopolis,SP,-22.641854186411003,-47.189385100712386,33,4406.87
cosmopolis,SP,-22.638667316308418,-47.17961468937986,6,577.59
cosmopolis,SP,-22.636759627776613,-47.198047865991676,7,1422.46
cosmopolis,SP,-22.630271664119405,-47.18872883250237,4,261.98
cosmorama,SP,-20.480037106637017,-49.77624322252799,6,973.98
costa marques,RO,-12.350703254975741,-64.20543446596382,2,1534.9
costa rica,MS,-18.540974232449358,-53.13274009236252,12,1043.66
cotegipe,BA,-11.986619531975505,-44.25769307175943,1,84.99
cotia,SP,-23.72122990442298,-47.02534688953767,2,178.9
cotia,SP,-23.68628989264536,-47.029220513855115,8,975.6700000000001
cotia,SP,-23.673541060239575,-47.02341828095835,8,396.45000000000005
cotia,SP,-23.67239952554784,-46.988723007736766,2,162.98000000000002
cotia,SP,-23.65899128544237,-47.05328447469846,6,926.77
cotia,SP,-23.64253061821997,-46.97681432250169,2,121.9
cotia,SP,-23.637971923510133,-46.951189599283836,4,334.59000000000003
cotia,SP,-23.628427408330086,-46.87058604050327,6,1458.69
cotia,SP,-23.623451442288538,-46.937038249924825,17,2491.25
cotia,SP,-23.622203763319067,-46.964784543754895,7,828.54
cotia,SP,-23.610531150486434,-46.847494208231964,3,359.65
cotia,SP,-23.61014126737447,-46.87663381694338,13,1305.43
cotia,SP,-23.6094999322282,-46.93280761412862,38,3561.5099999999998
cotia,SP,-23.609451894779582,-46.917533310850175,6,277.84000000000003
cotia,SP,-23.607718189069402,-46.89997506974344,16,1942.91
cotia,SP,-23.606018265096544,-46.83919409326327,16,3133.28
cotia,SP,-23.5994748775545,-46.87258800613098,4,285.3
cotia,SP,-23.59848072217747,-46.83224194829915,17,3280.87
cotia,SP,-23.596732343602298,-46.911993699686796,12,687.7
cotia,SP,-23.594335929948887,-46.834256985354145,12,1248.4
cotia,SP,-23.592544968052138,-46.84708371808514,5,959.6899999999999
cotia,SP,-23.59001189264184,-46.87036516149258,3,708.79
cotia,SP,-23.589480822902832,-46.89609707079858,15,1519.8600000000001
cotia,SP,-23.581605441552544,-46.92940423734071,7,1135.52
cotia,SP,-23.578531639769785,-46.87426299033071,3,209.3
cotia,SP,-23.57776646677478,-46.91702634391638,9,912.05
cotipora,RS,-28.992884100689835,-51.697536286334795,1,112.0
cotriguacu,MT,-9.895299564591497,-58.566910518143544,2,167.66
couto de magalhaes,TO,-8.365862033997303,-49.16831059122928,2,194.89
coxilha,RS,-28.126926574906292,-52.29683663059865,2,115.9
coxim,MS,-18.50726515886232,-54.74875310212911,11,1598.75
crateus,CE,-5.178977553905794,-40.6676722014273,9,2407.76
crato,CE,-7.254818987153357,-39.42351738935106,3,412.59000000000003
crato,CE,-7.244204223095365,-39.43156600757292,1,349.99
crato,CE,-7.2393915630758805,-39.407922154549595,1,299.99
crato,CE,-7.237091763896688,-39.39557541823201,1,65.0
crato,CE,-7.232359390471552,-39.410112819486976,4,1054.6100000000001
crato,CE,-7.23123345908835,-39.41929140957831,4,534.89
crato,CE,-7.228197847808331,-39.39807407938012,3,309.79
crato,CE,-7.225617863469952,-39.37620035078957,1,73.8
cravinhos,SP,-21.339319962321323,-47.737352556997614,24,2363.95
cravolandia,BA,-13.3584118622779,-39.81355286628127,1,139.9
criciuma,SC,-28.766177640519835,-49.35338887442253,2,169.99
criciuma,SC,-28.71741741436881,-49.355317992733184,2,318.2
criciuma,SC,-28.69848957656705,-49.4039972199575,4,1038.55
criciuma,SC,-28.696275082116316,-49.42946297633529,3,356.9
criciuma,SC,-28.695105316357164,-49.3733839166374,10,1926.68
criciuma,SC,-28.692031154564724,-49.347625795621795,7,1357.39
criciuma,SC,-28.691211473754187,-49.387054719568205,9,1149.82
criciuma,SC,-28.6829348182401,-49.370217581025436,11,3119.12
criciuma,SC,-28.68143173392353,-49.388098958895974,6,641.59
criciuma,SC,-28.678033689593565,-49.338835280840435,5,527.5
criciuma,SC,-28.676778989638027,-49.36943092657391,14,1601.25
criciuma,SC,-28.673850306069166,-49.41584884014353,6,634.77
criciuma,SC,-28.671922083134465,-49.360946931159525,6,470.63
criciuma,SC,-28.666517236245237,-49.383644285019926,2,128.0
criciuma,SC,-28.660751114339995,-49.42416144506126,3,234.79
criciuma,SC,-28.64503806015001,-49.43478751998691,1,49.9
crisolita,MG,-17.260138977246726,-41.00688275905593,2,103.9
crisopolis,BA,-11.510350367865279,-38.15147738090929,3,185.70000000000002
crissiumal,RS,-27.497914952684063,-54.09978360464795,2,1589.0
cristais,MG,-20.875296630804296,-45.51623716422217,3,208.7
cristais paulista,SP,-20.40795415206762,-47.417913133000404,4,543.78
cristal,RS,-31.001294698133822,-52.0480061154984,3,533.0
cristalandia,TO,-10.602957751524896,-49.19543707598355,3,948.69
cristalia,MG,-16.719068093902173,-42.865027431634786,3,418.7
cristalina,GO,-16.769915526637476,-47.6107232623567,8,2112.65
cristiano otoni,MG,-20.827198141281883,-43.80888135798147,2,210.2
cristina,MG,-22.21042987201982,-45.2646508788708,7,1009.42
cristinapolis,SE,-11.477031075456559,-37.755925805326065,1,77.9
cristopolis,BA,-12.23446807165592,-44.4100200325766,2,63.41
crixas,GO,-14.540576551279157,-49.96901725828049,8,893.6800000000001
croata,CE,-4.406674141230664,-40.90113462857332,1,58.99
crominia,GO,-17.28903223581148,-49.37533402471243,1,45.9
crucilandia,MG,-20.39323753647629,-44.33834277493451,1,17.0
cruz,CE,-2.910768029629216,-40.19592023640867,7,1480.58
cruz alta,RS,-28.651170415689872,-53.588791683657384,2,78.99000000000001
cruz alta,RS,-28.6500516244744,-53.61643454856416,3,129.8
cruz alta,RS,-28.645113066800086,-53.58606907231931,5,281.59000000000003
cruz alta,RS,-28.64310602745524,-53.60738746615864,12,1121.98
cruz alta,RS,-28.634963758598047,-53.604379111376296,5,307.78
cruz alta,RS,-28.633640085853184,-53.6218210763569,3,921.97
cruz das almas,BA,-12.670246382541524,-39.10327746739888,18,2007.24
cruz machado,PR,-26.016487433661432,-51.34558778466129,3,441.77
cruzalia,SP,-22.743475625478546,-50.78786138581714,3,292.4
cruzeiro,SP,-22.585714522615266,-44.96826742540546,4,298.9
cruzeiro,SP,-22.584151267556344,-44.97634865146402,7,1080.58
cruzeiro,SP,-22.57977108892484,-44.95308633578923,1,122.0
cruzeiro,SP,-22.57911350767951,-44.98280490003963,2,108.88000000000001
cruzeiro,SP,-22.578126240918923,-44.96154905740904,7,1165.89
cruzeiro,SP,-22.574433964535988,-44.9699439571695,6,359.25
cruzeiro,SP,-22.56819591425783,-44.95975159898781,6,342.68
cruzeiro,SP,-22.565331214040913,-44.94479332512876,3,382.96000000000004
cruzeiro,SP,-22.563420602868664,-44.96790211457945,3,249.88
cruzeiro,SP,-22.561885153067195,-44.93815162787493,2,186.89000000000001
cruzeiro,SP,-22.56115136720201,-44.95953380184062,8,699.1800000000001
cruzeiro,SP,-22.558900388151827,-44.944464266925706,7,1112.4099999999999
cruzeiro da fortaleza,MG,-18.95333412728917,-46.67378428948234,2,114.9
cruzeiro do iguacu,PR,-25.600927226899742,-53.12348312867223,1,129.99
cruzeiro do oeste,PR,-23.802145643807762,-53.029694743706514,7,825.39
cruzeiro do sul,AC,-7.626199615821539,-72.6688805413531,3,957.79
cruzeiro do sul,RS,-29.512296357983153,-51.99220089198725,3,2235.9
cruzilia,MG,-21.839318825546265,-44.81059555541973,4,377.9
cubatao,SP,-23.933647491746992,-46.43022081878949,3,489.81
cubatao,SP,-23.93096161562972,-46.400202583661105,5,367.5
cubatao,SP,-23.927947743741854,-46.40974227350017,15,1400.8
cubatao,SP,-23.920805354426566,-46.40774656265185,3,252.89000000000001
cubatao,SP,-23.920094542440566,-46.42652765076223,6,644.1
cubatao,SP,-23.91247945234129,-46.464091820911676,2,124.80000000000001
cubatao,SP,-23.903016322350112,-46.424809776427686,4,338.32
cubatao,SP,-23.89913257562389,-46.43352506701299,1,29.8
cubatao,SP,-23.89517936542375,-46.42385612048428,11,721.5500000000001
cubatao,SP,-23.894811578963388,-46.42776500504658,5,408.3
cubatao,SP,-23.889904428156523,-46.42906587668357,2,263.49
cubatao,SP,-23.886268435253385,-46.424086992835605,2,88.78999999999999
cubatao,SP,-23.886093552425496,-46.44993710026694,2,169.95
cubatao,SP,-23.88021442880335,-46.41727266494471,16,1592.63
cubatao,SP,-23.87442495936004,-46.4467034808632,1,48.4
cubati,PB,-6.863480404602719,-36.354930085119705,2,135.89000000000001
cuiaba,MT,-15.66596144327091,-56.042666389467705,1,23.99
cuiaba,MT,-15.66015569626835,-56.051496811618414,1,109.9
cuiaba,MT,-15.649900120536138,-55.98928235988869,4,554.79
cuiaba,MT,-15.641929451397562,-56.02735471558299,3,869.79
cuiaba,MT,-15.634843014273727,-56.05881079448375,5,372.99
cuiaba,MT,-15.632648582532909,-55.95550907372626,4,588.6
cuiaba,MT,-15.625490473495285,-56.04405158814675,1,116.6
cuiaba,MT,-15.625454665555047,-56.016316047636586,3,406.89
cuiaba,MT,-15.62363815852432,-56.022160725351526,2,135.89
cuiaba,MT,-15.623571577637769,-56.05522715836861,3,316.1
cuiaba,MT,-15.622065354545791,-56.073964469805944,5,979.27
cuiaba,MT,-15.618567916954829,-56.020173117559565,1,179.0
cuiaba,MT,-15.617234435832986,-56.07769308038796,12,1647.05
cuiaba,MT,-15.61405274984755,-56.12723749390275,2,153.0
cuiaba,MT,-15.612178745599111,-56.046684764068644,14,2761.37
cuiaba,MT,-15.610295118999874,-56.070464867980576,2,198.89000000000001
cuiaba,MT,-15.608747432436557,-56.086287763025894,8,757.6600000000001
cuiaba,MT,-15.60856177518243,-56.099467077839705,7,675.87
cuiaba,MT,-15.607627383914501,-56.033978783807946,11,1825.36
cuiaba,MT,-15.606545965805902,-56.121602985193704,8,1094.3600000000001
cuiaba,MT,-15.606150072016039,-56.06975613360841,6,854.49
cuiaba,MT,-15.604920232017415,-56.0457044192312,1,137.8
cuiaba,MT,-15.602881623512896,-56.10286061701278,5,893.6
cuiaba,MT,-15.602082513264953,-56.08316320716816,7,613.6
cuiaba,MT,-15.597978722839214,-56.107130975569625,4,776.1
cuiaba,MT,-15.595760181118354,-56.126166654314936,5,536.47
cuiaba,MT,-15.5952018735381,-56.03848489013498,1,18.2
cuiaba,MT,-15.592378789994097,-56.093282626575146,6,1765.79
cuiaba,MT,-15.591816537495369,-56.08289556846968,5,346.06
cuiaba,MT,-15.590278289558322,-56.10220538732394,10,601.28
cuiaba,MT,-15.588320030897627,-56.06835682701735,27,7137.65
cuiaba,MT,-15.585559682836344,-56.1077320188563,21,2790.96
cuiaba,MT,-15.58402134061031,-56.052601614435325,6,919.87
cuiaba,MT,-15.580544508017576,-56.114325369760614,4,1679.89
cuiaba,MT,-15.576748178629297,-56.02284311315735,8,599.25
cuiaba,MT,-15.566053992679109,-56.084865406476574,16,3340.27
cuiaba,MT,-15.555762534401156,-56.056150436748254,6,608.59
cuiaba,MT,-15.549336419771551,-56.095239409750214,8,791.6
cuite,PB,-6.484892406850372,-36.151772926378925,3,678.89
cujubim,RO,-9.361950110987792,-62.58354994761002,1,89.9
cumari,GO,-18.26475442537532,-48.149793546319394,2,199.9
cumaru,PE,-8.010752115238366,-35.6985165051966,2,330.99
cunha,SP,-23.07086402487931,-44.9555940657993,14,2845.12
cunha pora,SC,-26.891057004363645,-53.17166652110003,5,645.4200000000001
cupira,PE,-8.610039861901058,-35.95290294383694,1,39.9
curaca,BA,-8.973255974200578,-39.8851449228775,3,308.9
curitiba,PR,-25.587572235495845,-49.33053548025755,8,604.49
curitiba,PR,-25.568391782779834,-49.33587029234282,2,109.99000000000001
curitiba,PR,-25.56690418746557,-49.30911494692522,7,805.99
curitiba,PR,-25.56657530691302,-49.29082189438952,4,216.6
curitiba,PR,-25.561809605240065,-49.3250641099301,4,533.79
curitiba,PR,-25.561713581369546,-49.2808171144202,2,349.98
curitiba,PR,-25.557030050899815,-49.25379726261538,7,2404.44
curitiba,PR,-25.54819843193852,-49.26600514643192,7,619.34
curitiba,PR,-25.540845338415973,-49.25533776953136,8,599.4
curitiba,PR,-25.54055177687508,-49.33432433759197,10,2191.9700000000003
curitiba,PR,-25.539419304830496,-49.278123419246675,9,373.09
curitiba,PR,-25.538316019905263,-49.29333825774169,5,319.5
curitiba,PR,-25.53727433451963,-49.24021401147149,1,334.9
curitiba,PR,-25.533676278018874,-49.24781722021691,4,173.69
curitiba,PR,-25.532443548837268,-49.26485050867498,7,433.48
curitiba,PR,-25.528423545694107,-49.27549000055633,4,367.8
curitiba,PR,-25.52833362277842,-49.28873469667294,10,3548.86
curitiba,PR,-25.527873946750756,-49.24112497530738,7,706.6800000000001
curitiba,PR,-25.517958758362617,-49.241322268367675,16,2124.82
curitiba,PR,-25.517906274199433,-49.280643213215164,9,764.77
curitiba,PR,-25.51785360669225,-49.301100560454636,8,1107.19
curitiba,PR,-25.517200416852475,-49.264433478949705,13,1867.28
curitiba,PR,-25.51602050875532,-49.32413785458695,10,1100.66
curitiba,PR,-25.51367322597389,-49.25560607832762,6,274.0
curitiba,PR,-25.50862287827932,-49.226688173955225,11,1801.8400000000001
curitiba,PR,-25.50794253156171,-49.32467957443914,2,249.98
curitiba,PR,-25.5070141831112,-49.2759629794623,21,3435.34
curitiba,PR,-25.505590790036372,-49.32505855449901,1,144.5
curitiba,PR,-25.50491463300755,-49.30003383657739,17,1802.95
curitiba,PR,-25.504228283498684,-49.30942578859704,2,198.9
curitiba,PR,-25.50251900304163,-49.290853752963606,19,2471.06
curitiba,PR,-25.501030850103422,-49.33313993830728,5,474.89
curitiba,PR,-25.497681848526923,-49.31739470448253,3,342.71
curitiba,PR,-25.49760047427048,-49.26640249620495,9,1046.76
curitiba,PR,-25.496893465578342,-49.24972624126247,17,2235.49
curitiba,PR,-25.496536487339643,-49.34796123069205,7,945.05
curitiba,PR,-25.495181962254442,-49.220452866492025,8,387.66
curitiba,PR,-25.49249476953316,-49.23598691501028,10,1336.59
curitiba,PR,-25.490559269496057,-49.30202735573883,26,3084.25
curitiba,PR,-25.489784860457988,-49.28777755263101,14,1908.05
curitiba,PR,-25.48933940885059,-49.30383679400927,14,2882.67
curitiba,PR,-25.48678362877712,-49.217558003508486,15,1493.37
curitiba,PR,-25.485979304308458,-49.20203260555279,7,935.59
curitiba,PR,-25.485607348079526,-49.328361414874635,7,498.18
curitiba,PR,-25.483878697680183,-49.272408707514224,11,1927.8
curitiba,PR,-25.483655349646348,-49.20993791702487,6,435.62
curitiba,PR,-25.483030814887616,-49.25480361170287,15,3984.29
curitiba,PR,-25.482206654666104,-49.3524267635249,3,506.39
curitiba,PR,-25.4811560727919,-49.23120920834911,8,1987.5900000000001
curitiba,PR,-25.480181998926017,-49.34449549226664,4,594.55
curitiba,PR,-25.47926849511713,-49.279852063631864,8,597.55
curitiba,PR,-25.478717171898126,-49.246115918287956,6,2149.01
curitiba,PR,-25.478571579823345,-49.26959282398755,12,1032.96
curitiba,PR,-25.476488477709093,-49.32116194845888,7,317.07
curitiba,PR,-25.47508625546335,-49.336398765478386,5,3315.9
curitiba,PR,-25.47375856280309,-49.203484864748276,5,532.02
curitiba,PR,-25.47109228118367,-49.19449260278104,4,511.08
curitiba,PR,-25.469973555313803,-49.30737230197126,20,2423.3
curitiba,PR,-25.469955086957718,-49.289821060375864,17,2735.58
curitiba,PR,-25.46829300619944,-49.242819262372365,12,1511.73
curitiba,PR,-25.466933727604204,-49.22156689032487,6,1035.13
curitiba,PR,-25.466865303807502,-49.20735939336572,7,916.46
curitiba,PR,-25.461728859390917,-49.23992036516672,7,534.7
curitiba,PR,-25.461270596046425,-49.33676425400148,8,2021.78
curitiba,PR,-25.461016473603145,-49.23106387131832,9,853.01
curitiba,PR,-25.460704580502057,-49.323931959419916,8,713.67
curitiba,PR,-25.460581186381443,-49.29436386681011,31,3414.7400000000002
curitiba,PR,-25.46036691903785,-49.19678771208675,1,191.0
curitiba,PR,-25.458880971712055,-49.28489400818676,29,3843.37
curitiba,PR,-25.457666569768076,-49.21739574951016,8,1042.14
curitiba,PR,-25.457664354011886,-49.20575389383196,7,1689.1000000000001
curitiba,PR,-25.456933882855157,-49.30945498395365,7,916.4300000000001
curitiba,PR,-25.45634962561849,-49.26500692384355,15,1148.94
curitiba,PR,-25.454782183988435,-49.3498653688691,13,1755.3400000000001
curitiba,PR,-25.450606401415982,-49.217449817280134,1,19.99
curitiba,PR,-25.449427853955715,-49.20678835968132,6,600.78
curitiba,PR,-25.448990860825592,-49.288609857292485,43,5450.34
curitiba,PR,-25.448218911049324,-49.25429722345311,5,1883.87
curitiba,PR,-25.44579626219406,-49.22385136195064,3,252.98000000000002
curitiba,PR,-25.445517303190538,-49.36584289871635,1,61.5
curitiba,PR,-25.444532403869694,-49.329172989634834,10,1485.34
curitiba,PR,-25.444158697354233,-49.29671489662178,10,890.04
curitiba,PR,-25.443619109810157,-49.27685485993967,38,5602.0
curitiba,PR,-25.441786531480876,-49.311076015365074,11,861.1800000000001
curitiba,PR,-25.44157136040363,-49.26687451387347,17,2108.55
curitiba,PR,-25.440487711584133,-49.24440387666875,10,2511.08
curitiba,PR,-25.439849104802004,-49.352662543830256,14,2960.73
curitiba,PR,-25.437577798221543,-49.281917193320346,18,2850.66
curitiba,PR,-25.43724984091199,-49.21243592752114,14,3695.79
curitiba,PR,-25.43719609261135,-49.332558792175945,21,3090.9300000000003
curitiba,PR,-25.435988026002338,-49.242692326351865,33,3421.09
curitiba,PR,-25.434402408881812,-49.22670350471233,6,822.1800000000001
curitiba,PR,-25.433759382431624,-49.297768497845375,39,4272.91
curitiba,PR,-25.4336481653212,-49.26917337587714,13,1906.62
curitiba,PR,-25.431322500860055,-49.27921885397559,11,1324.98
curitiba,PR,-25.430144074286282,-49.28531986744621,12,1562.44
curitiba,PR,-25.43004408399644,-49.27125731457771,19,4321.04
curitiba,PR,-25.429632416666802,-49.26131687338103,34,3793.89
curitiba,PR,-25.428323460810248,-49.2998179022527,6,446.29999999999995
curitiba,PR,-25.427581196815353,-49.23444994917492,10,1152.46
curitiba,PR,-25.425730165257566,-49.253916412231625,11,1204.3899999999999
curitiba,PR,-25.42485201549881,-49.3259362401493,3,200.86
curitiba,PR,-25.422299749332037,-49.358725643239765,6,609.04
curitiba,PR,-25.421977539487497,-49.27871218867796,5,431.59000000000003
curitiba,PR,-25.42095848118938,-49.34741002841012,5,278.53
curitiba,PR,-25.418049427772548,-49.24877341863133,9,1878.8
curitiba,PR,-25.417945903851354,-49.20678980584239,21,2969.41
curitiba,PR,-25.41703885144277,-49.26076000637535,35,2305.4300000000003
curitiba,PR,-25.416681874785514,-49.33623045442169,10,1285.95
curitiba,PR,-25.41640443441281,-49.26781099812906,17,2054.05
curitiba,PR,-25.416399052821397,-49.29134397540305,4,242.69
curitiba,PR,-25.41455369871481,-49.3143601532815,3,342.89
curitiba,PR,-25.414543906885598,-49.229875625526795,6,610.99
curitiba,PR,-25.412063650373128,-49.356386853675026,5,351.2
curitiba,PR,-25.410680952192088,-49.27718603221489,7,1017.78
curitiba,PR,-25.4087077058625,-49.295210255268394,3,128.89
curitiba,PR,-25.406298196877035,-49.26049870142464,16,5432.84
curitiba,PR,-25.405785334416088,-49.25264477086643,18,4409.53
curitiba,PR,-25.40455664878175,-49.34546729400173,9,709.38
curitiba,PR,-25.403143863860652,-49.32382325594642,6,739.53
curitiba,PR,-25.401757949533316,-49.20601254689088,12,953.86
curitiba,PR,-25.399872090209215,-49.24086872435965,15,2038.6
curitiba,PR,-25.396575894552832,-49.2657624456495,15,2012.5
curitiba,PR,-25.396559786668547,-49.29638310677665,5,641.3800000000001
curitiba,PR,-25.39614569339962,-49.32247266987599,6,667.24
curitiba,PR,-25.3956844749767,-49.22994864226332,5,464.73
curitiba,PR,-25.394747235498823,-49.34443757980698,9,1301.6
curitiba,PR,-25.39388953858399,-49.25079721106641,9,1156.19
curitiba,PR,-25.392913497502246,-49.278741231338714,6,1478.68
curitiba,PR,-25.39222454874473,-49.21712218006659,13,1957.39
curitiba,PR,-25.389755516121053,-49.28999175306088,2,188.84
curitiba,PR,-25.38905602605743,-49.193960455910094,2,1575.24
curitiba,PR,-25.386123525611527,-49.26405529364062,4,543.6
curitiba,PR,-25.38598499193811,-49.24450850596206,18,2089.61
curitiba,PR,-25.38487293030204,-49.19757414728183,1,70.0
curitiba,PR,-25.38315509684729,-49.2214765665517,10,1060.45
curitiba,PR,-25.382203592735532,-49.2922552580894,2,61.73
curitiba,PR,-25.38112017187803,-49.33014689439231,13,2806.81
curitiba,PR,-25.37860169525331,-49.27700666451326,5,1584.08
curitiba,PR,-25.376941287989233,-49.235294868640665,17,1092.56
curitiba,PR,-25.376907431943994,-49.213421413017585,7,631.17
curitiba,PR,-25.37491858715452,-49.258476677726215,4,459.57
curitiba,PR,-25.373430766248106,-49.245523145646565,5,304.0
curitiba,PR,-25.366232816434103,-49.26840872617114,11,929.45
curitiba,PR,-25.361830924773393,-49.230141715263045,3,549.53
curitiba,PR,-25.3566166821464,-49.256218880535755,4,580.29
curitibanos,SC,-27.290948728745207,-50.577361136441255,20,2878.94
curiuva,PR,-24.038144994253823,-50.45694394555731,4,295.70000000000005
currais novos,RN,-6.259324714082862,-36.518752632087725,7,1448.19
curral de cima,PB,-6.718979212776461,-35.26602567205188,1,199.0
curralinho,PA,-1.813813529228985,-49.79649724588802,1,188.76
curuca,PA,-0.7338251857113621,-47.853523548405455,3,524.7
cururupu,MA,-1.8274935813426987,-44.8703003618969,3,629.26
curvelandia,MT,-15.612737718346427,-57.91708197566089,1,189.0
curvelo,MG,-18.76341842229983,-44.433156771319794,42,5248.01
custodia,PE,-8.089040071950775,-37.64423184729449,5,584.88
damianopolis,GO,-14.558825045092368,-46.175249736965654,2,33.64
dario meira,BA,-14.432570124936387,-39.904578538190265,2,138.99
datas,MG,-18.44727257487323,-43.6588713705723,1,780.0
david canabarro,RS,-28.38912938983304,-51.84383599037798,2,167.88
delfim moreira,MG,-22.506465902168443,-45.27704785019872,1,24.9
delfinopolis,MG,-20.35314672721178,-46.84294115960025,3,233.59
delmiro gouveia,AL,-9.382493141218601,-38.01055015095292,4,1125.8
demerval lobao,PI,-5.358004775824459,-42.676658416077125,1,15.0
denise,MT,-14.728321754761755,-57.04935061906149,2,507.0
deodapolis,MS,-22.251682541511787,-54.16017129885406,2,76.8
deputado irapuan pinheiro,CE,-5.879736632121809,-39.25783253964072,2,169.98000000000002
descalvado,SP,-21.908634153727803,-47.6195840295051,13,1231.74
descoberto,MG,-21.460459659501712,-42.96366943556601,3,206.98000000000002
desembargador otoni,MG,-17.69660993683053,-43.33178079572376,1,169.99
desterro,PB,-7.289328572200058,-37.08906656945403,1,559.0
desterro de entre rios,MG,-20.658745791585076,-44.32897013371234,1,39.9
desterro do melo,MG,-21.148926512528384,-43.51364099878391,1,24.9
dezesseis de novembro,RS,-28.224737142759942,-55.050531492753265,1,79.9
diadema,SP,-23.72584838470672,-46.621347285188705,5,724.6
diadema,SP,-23.72158413382707,-46.61906436172911,3,196.69
diadema,SP,-23.718924070489482,-46.612105906778126,2,80.3
diadema,SP,-23.7178761215656,-46.61689252670497,4,422.79
diadema,SP,-23.706676831947785,-46.60862798351371,2,135.99
diadema,SP,-23.705515019214765,-46.611480223044126,6,699.49
diadema,SP,-23.703000438520434,-46.62159647392933,7,1002.6999999999999
diadema,SP,-23.702465412990726,-46.596051578023875,10,669.89
diadema,SP,-23.70039585614809,-46.597954546759006,2,102.38999999999999
diadema,SP,-23.699893541943798,-46.62342624723545,1,44.95
diadema,SP,-23.696727674576167,-46.61690818671133,16,3056.01
diadema,SP,-23.6952322756869,-46.597599302951416,13,942.4300000000001
diadema,SP,-23.695093827731007,-46.61223976767646,5,389.79
diadema,SP,-23.692185910720834,-46.59867493483721,2,127.30000000000001
diadema,SP,-23.691342167014263,-46.62898847868135,40,3992.9900000000002
diadema,SP,-23.689612630008703,-46.61559771019247,10,1088.18
diadema,SP,-23.689282735863,-46.61971483359875,19,1756.66
diadema,SP,-23.689006218373414,-46.590933120828744,16,1739.72
diadema,SP,-23.683536618616532,-46.58651864788763,25,4222.13
diadema,SP,-23.682696659983698,-46.598732277794575,1,43.0
diadema,SP,-23.681661597834157,-46.62333330778583,21,1708.3700000000001
diadema,SP,-23.68118390492665,-46.62999141490973,7,566.33
diadema,SP,-23.67978713159592,-46.61283983168333,7,589.95
diadema,SP,-23.678007352881654,-46.602978251015216,17,1478.42
diadema,SP,-23.670748715932554,-46.6167119322868,13,1261.14
diadema,SP,-23.669053626639506,-46.603719967761094,6,556.7
diadema,SP,-23.666661956738846,-46.622739469527986,11,788.6800000000001
diadema,SP,-23.665255092750805,-46.61635840709584,5,452.39
diamante d'oeste,PR,-24.942648190021544,-54.103996701861185,1,289.9
diamante do norte,PR,-22.65891497732938,-52.86448993041049,5,391.25
diamantina,MG,-18.240347942725787,-43.6005078626568,27,2424.28
diamantino,MT,-14.377597702807694,-56.458624453656256,7,386.49
dianopolis,TO,-11.627033763785315,-46.8215469964229,7,822.95
dias d avila,BA,-12.613381623293343,-38.30107302440003,1,45.0
dias d'avila,BA,-12.613381623293343,-38.30107302440003,23,2468.45
diogo de vasconcelos,MG,-20.486371372252332,-43.19857046850785,2,191.62
dionisio,MG,-19.837960160174493,-42.76514775422936,2,118.80000000000001
dionisio cerqueira,SC,-26.258502080968704,-53.63606883082187,3,428.0
diorama,GO,-16.234017407589523,-51.25809525639148,2,196.87
divinesia,MG,-20.989541350921062,-43.005234673615774,1,249.9
divino,MG,-20.610108566038743,-42.146371443505956,13,1208.59
divino das laranjeiras,MG,-18.862878662368132,-41.516575297356084,1,35.9
divino de sao lourenco,ES,-20.611673656847113,-41.69466502754654,1,103.97
divinolandia,SP,-21.661406822890473,-46.73662296127121,7,1370.68
divinolandia de minas,MG,-18.79752831788695,-42.606563575139056,5,219.59
divinopolis,MG,-20.16210914638635,-44.90191602362891,26,18061.03
divinopolis,MG,-20.151715287637664,-44.87504091189422,3,480.99
divinopolis,MG,-20.140359687801332,-44.884079632219006,81,13920.05
divinopolis,MG,-20.129694827268008,-44.89107243262476,22,2470.9
divinopolis de goias,GO,-13.286608875471481,-46.41396413522938,1,79.0
divinopolis do tocantins,TO,-9.800885904257983,-49.215057616062104,1,120.99
divisa alegre,MG,-15.725920378278673,-41.3414846034514,2,190.99
divisa nova,MG,-21.509980632593987,-46.195791142464834,1,689.9
dobrada,SP,-21.518612546651045,-48.392202600489014,2,437.5
dois corregos,SP,-22.368024597233408,-48.386261979222404,11,1233.69
dois irmaos,RS,-29.587186092324195,-51.091214293917815,17,3398.76
dois irmaos do buriti,MS,-20.684669625806336,-55.28103656834089,3,826.9
dois riachos,AL,-9.387081056889096,-37.08918597630651,1,104.99
dois vizinhos,PR,-25.748854265422125,-53.06008829226007,27,2311.92
dom aquino,MT,-15.809248226897083,-54.92192291932214,3,449.79999999999995
dom basilio,BA,-13.776497629443725,-41.76903531040035,3,100.28
dom cavati,MG,-19.378011858969515,-42.10845895356205,1,74.99
dom eliseu,PA,-4.289137525194669,-47.568081009372996,5,343.87
dom feliciano,RS,-30.70391254628606,-52.10802162884412,5,452.05
dom joaquim,MG,-18.95971600067106,-43.25516285495802,1,149.0
dom macedo costa,BA,-12.906137934124084,-39.192076256892555,1,55.9
dom pedrito,RS,-30.979123341411878,-54.66997677388248,10,1461.93
dom pedro,MA,-5.03688290010167,-44.43795301877852,3,333.77
dom silverio,MG,-20.16425237315996,-42.968428198957966,4,392.24
dom vicoso,MG,-22.25087122494672,-45.1572687540962,2,272.3
domingos martins,ES,-20.35420704341062,-40.703285268955995,9,1188.3
dona emma,SC,-26.98701260775066,-49.72814449754168,1,30.21
dona euzebia,MG,-21.316713780337267,-42.813063003025135,2,316.89
dona francisca,RS,-29.62388934309431,-53.35653800003954,2,258.7
dores de campos,MG,-21.109897644968864,-44.02336767935939,8,1308.1399999999999
dores do indaia,MG,-19.466534517809865,-45.6005195139431,7,744.57
dores do rio preto,ES,-20.68276666465529,-41.842745745044915,4,411.76
dormentes,PE,-8.44617819121274,-40.76792402168036,2,946.8
douradina,PR,-23.38303233769734,-53.2914549929298,1,99.9
dourado,SP,-22.111603906846536,-48.314428984681655,8,920.4300000000001
dourados,MS,-22.254278595015318,-54.81174167970846,5,791.27
dourados,MS,-22.245674086315823,-54.809386528894606,3,822.1899999999999
dourados,MS,-22.239702841511658,-54.754449929199986,1,100.4
dourados,MS,-22.23678607602293,-54.7863407564892,6,967.73
dourados,MS,-22.23364880879934,-54.80374658634333,2,85.8
dourados,MS,-22.23113294696884,-54.80790654476937,2,449.9
dourados,MS,-22.229622377486447,-54.83963523011653,4,1271.8
dourados,MS,-22.229167486262845,-54.827031253958936,2,204.4
dourados,MS,-22.22761602653864,-54.76398895060281,1,129.8
dourados,MS,-22.22703448542546,-54.81972350699056,1,139.9
dourados,MS,-22.22660334667479,-54.81154945942508,1,169.99
dourados,MS,-22.226198002951012,-54.803985513540496,1,47.49
dourados,MS,-22.22570680692646,-54.81323714917031,2,43.89
dourados,MS,-22.223550418296536,-54.81411231813864,2,186.98
dourados,MS,-22.22190902409986,-54.791194933457994,5,705.6
dourados,MS,-22.21897790645835,-54.76793035844067,4,450.59999999999997
dourados,MS,-22.21870381651743,-54.8130240006792,3,194.69
dourados,MS,-22.215327311805318,-54.83513016636889,9,1587.48
dourados,MS,-22.21467186660031,-54.853950083004506,1,31.2
dourados,MS,-22.21454318095158,-54.78725984860317,1,13.65
dourados,MS,-22.2114275489271,-54.807585756504274,7,454.95
doutor camargo,PR,-23.554679682240632,-52.21848836159882,1,211.05
doutor ulysses,PR,-24.57013737226684,-49.41848964973485,1,122.0
doverlandia,GO,-16.727849161235895,-52.32081038589062,2,277.91999999999996
dracena,SP,-21.48639335970809,-51.533744143993836,27,4538.05
duartina,SP,-22.41517885946494,-49.40622014595326,10,1252.67
duas barras,RJ,-22.05306144446236,-42.51879810630607,1,14.89
duere,TO,-11.341387440445823,-49.2668578885991,1,115.9
dumont,SP,-21.23981310767113,-47.97706610477948,3,289.70000000000005
duque de caxias,RJ,-22.79583417251553,-43.291526151554045,1,259.0
duque de caxias,RJ,-22.79046925687479,-43.31481452785819,3,434.3
duque de caxias,RJ,-22.78540692093292,-43.301837011358415,2,128.78
duque de caxias,RJ,-22.78456265700059,-43.3231360919681,5,335.63
duque de caxias,RJ,-22.780222493712095,-43.31660541678868,9,951.1700000000001
duque de caxias,RJ,-22.78016279197431,-43.30430364671711,15,2836.55
duque de caxias,RJ,-22.778944166984587,-43.308623507384866,5,623.55
duque de caxias,RJ,-22.774125027079158,-43.29092658055662,3,403.9
duque de caxias,RJ,-22.7735214191938,-43.311396817507145,1,89.99
duque de caxias,RJ,-22.76405759011258,-43.30041310063685,12,1637.94
duque de caxias,RJ,-22.761267896992525,-43.29298558604593,2,88.97
duque de caxias,RJ,-22.759685746162333,-43.29297061113347,3,295.64
duque de caxias,RJ,-22.7574077930847,-43.28687072573676,9,1005.27
duque de caxias,RJ,-22.75739662652191,-43.28166913009442,4,608.69
duque de caxias,RJ,-22.755338688692213,-43.308531682770784,14,1404.55
duque de caxias,RJ,-22.754121943948885,-43.28647151207924,2,139.79
duque de caxias,RJ,-22.753574853365865,-43.305893071458286,1,49.9
duque de caxias,RJ,-22.753304486524154,-43.29699642294105,3,264.8
duque de caxias,RJ,-22.749595823587462,-43.316204756652816,4,839.89
duque de caxias,RJ,-22.74090063654044,-43.31546716030017,9,552.3
duque de caxias,RJ,-22.735919924749762,-43.3119360459995,1,299.99
duque de caxias,RJ,-22.73578083363829,-43.31812761723224,4,484.63
duque de caxias,RJ,-22.72351123290818,-43.32148642883789,6,1793.04
duque de caxias,RJ,-22.722818281793867,-43.3139157796674,6,404.28
duque de caxias,RJ,-22.70350739511343,-43.29957916081139,4,912.05
duque de caxias,RJ,-22.70286437220505,-43.316000177534626,3,527.9
duque de caxias,RJ,-22.696323342560508,-43.271184575072574,3,251.88
duque de caxias,RJ,-22.689741624685315,-43.2826886930124,1,29.9
duque de caxias,RJ,-22.689731933072384,-43.26636955304457,6,748.4300000000001
duque de caxias,RJ,-22.685430142678285,-43.246655392379644,4,353.45000000000005
duque de caxias,RJ,-22.683563816603137,-43.29906896652288,1,227.9
duque de caxias,RJ,-22.683322481003053,-43.25395359470418,2,118.99000000000001
duque de caxias,RJ,-22.682590790490554,-43.27404135699872,4,199.72
duque de caxias,RJ,-22.676473601000435,-43.257020025423316,9,1436.97
duque de caxias,RJ,-22.6749107167218,-43.27620037015547,8,2626.2599999999998
duque de caxias,RJ,-22.67066808633434,-43.26255563331919,3,649.9
duque de caxias,RJ,-22.659524930411084,-43.296332311051046,2,154.9
duque de caxias,RJ,-22.654106039654454,-43.277992730628625,3,234.85000000000002
duque de caxias,RJ,-22.65362737697551,-43.27588967098969,3,414.8
duque de caxias,RJ,-22.652696249418973,-43.2761256498613,5,531.85
duque de caxias,RJ,-22.649550626444306,-43.230341289921746,1,149.99
duque de caxias,RJ,-22.645633194906285,-43.28709135535513,9,854.27
duque de caxias,RJ,-22.645303761933242,-43.26203372616665,6,316.48
duque de caxias,RJ,-22.64520106741496,-43.23736687845677,4,279.78
duque de caxias,RJ,-22.644539050348147,-43.27860193918141,9,663.6899999999999
duque de caxias,RJ,-22.63887775891837,-43.22692540844416,3,389.8
duque de caxias,RJ,-22.638767280531916,-43.2218184372897,4,668.7
duque de caxias,RJ,-22.63746113941411,-43.22617580587021,5,422.38
duque de caxias,RJ,-22.63517083859032,-43.24735328154284,2,689.2
duque de caxias,RJ,-22.62425914893622,-43.21652128956865,1,319.0
duque de caxias,RJ,-22.623874594466177,-43.23981472381287,1,19.0
duque de caxias,RJ,-22.612060153892074,-43.28185276890751,2,96.0
duque de caxias,RJ,-22.60728606434383,-43.298574737764866,13,1324.26
duque de caxias,RJ,-22.59128608480469,-43.312298090959736,4,1164.39
duque de caxias,RJ,-22.571208,-43.31268449999998,1,59.99
durande,MG,-20.20171885054973,-41.79970423914201,2,117.49000000000001
echapora,SP,-22.4299509636415,-50.20543406742506,2,787.47
ecoporanga,ES,-18.36881608995012,-40.82597415326898,8,881.9200000000001
edeia,GO,-17.339193802235137,-49.92900396484839,4,472.9
eldorado,MS,-23.783778881693415,-54.28119913569414,1,25.9
eldorado,SP,-24.52279882421583,-48.10802251113439,5,504.77000000000004
eldorado do sul,RS,-30.015733809082768,-51.32857728642114,15,1853.48
elias fausto,SP,-23.040633329662644,-47.37164861406023,5,396.4
eliseu martins,PI,-8.098802867760481,-43.660468421909414,3,318.98
elisiario,SP,-21.169210700818567,-49.10985805938253,1,49.0
elisio medrado,BA,-12.945754382865934,-39.52141988424625,2,79.82
eloi mendes,MG,-21.608502670027345,-45.566466693470225,10,1795.3899999999999
embauba,SP,-20.981733364876824,-48.83640240018734,1,399.0
embu,SP,-23.67670362483807,-46.85115220639558,1,49.9
embu,SP,-23.676360222737404,-46.80488804615912,1,339.8
embu,SP,-23.66987348499738,-46.8020432062854,1,165.99
embu,SP,-23.661827454946174,-46.88083876143693,1,89.9
embu,SP,-23.66008910031581,-46.814481308800794,1,69.9
embu,SP,-23.65863339030434,-46.8011506921449,1,46.0
embu,SP,-23.651345522032177,-46.80516612586434,1,212.0
embu,SP,-23.64710686000422,-46.801268653213,1,38.99
embu,SP,-23.6358166762839,-46.83864679559011,2,445.5
embu,SP,-23.635540497543364,-46.87252389181255,1,59.9
embu das artes,SP,-23.67670362483807,-46.85115220639558,3,259.3
embu das artes,SP,-23.676360222737404,-46.80488804615912,9,683.57
embu das artes,SP,-23.66987348499738,-46.8020432062854,18,4205.01
embu das artes,SP,-23.66729894264731,-46.8114562435308,1,234.0
embu das artes,SP,-23.666998855796393,-46.862325843540766,7,1530.97
embu das artes,SP,-23.66008910031581,-46.814481308800794,12,1378.84
embu das artes,SP,-23.659419268656873,-46.79666929729134,11,1539.27
embu das artes,SP,-23.65863339030434,-46.8011506921449,14,2160.87
embu das artes,SP,-23.656832867428637,-46.844838769572156,1,32.9
embu das artes,SP,-23.65280039493693,-46.8151010315692,8,529.32
embu das artes,SP,-23.651345522032177,-46.80516612586434,11,1304.88
embu das artes,SP,-23.649570539888444,-46.860396831548584,5,454.7
embu das artes,SP,-23.64878072764483,-46.84902416891696,6,576.09
embu das artes,SP,-23.64710686000422,-46.801268653213,13,1572.76
embu das artes,SP,-23.644749748681328,-46.8202382806334,16,1511.8700000000001
embu das artes,SP,-23.644263035153323,-46.850802603574124,4,245.19
embu das artes,SP,-23.641832772599535,-46.89430725008987,4,659.87
embu das artes,SP,-23.6358166762839,-46.83864679559011,1,25.9
embu das artes,SP,-23.634243380431304,-46.82040507622805,1,129.0
embu das artes,SP,-23.634188859515312,-46.850534200346594,1,29.9
embu das artes,SP,-23.62700494903719,-46.82318450408936,11,934.5699999999999
embu-guacu,SP,-23.8351268270498,-46.81408628502836,46,6244.68
emilianopolis,SP,-21.830441063754055,-51.48314002332803,2,169.85000000000002
encantado,RS,-29.236104755527442,-51.8751846997003,11,2807.17
encruzilhada do sul,RS,-30.544711212440724,-52.52372179022532,8,903.99
eneas marques,PR,-25.945284246218932,-53.16149692183006,4,151.68
engenheiro balduino,SP,-20.68326474868028,-49.689783118793244,1,179.6
engenheiro coelho,SP,-22.487817723352375,-47.20455471253452,12,1049.48
engenheiro navarro,MG,-17.28499068109711,-43.949932446206425,1,1997.0
engenheiro passos,RJ,-22.056619499199538,-44.99224961571747,2,250.89000000000001
engenheiro paulo de frontin,RJ,-22.537265002139407,-43.66579922342443,6,449.12
entre folhas,MG,-19.624980498566174,-42.230217164314936,1,84.99
entre rios,BA,-11.945978977641902,-38.0822356466142,6,1103.4
entre rios de minas,MG,-20.67110481067536,-44.06587180143238,7,1503.86
entre rios do oeste,PR,-24.702966464945906,-54.23744799743772,3,93.89
entre-ijuis,RS,-28.363965983081393,-54.268215599799426,3,454.5
epitaciolandia,AC,-11.020952868213916,-68.72939233608,1,92.34
erebango,RS,-27.85525362750013,-52.30090590669332,1,119.99
erechim,RS,-27.658285813518468,-52.26099753147747,2,194.99
erechim,RS,-27.652544864945522,-52.29883390666736,2,139.89
erechim,RS,-27.649776724269245,-52.273264605077244,3,225.9
erechim,RS,-27.641872576498365,-52.29820814515756,4,680.3
erechim,RS,-27.641351553357225,-52.24053030828488,1,99.99
erechim,RS,-27.64041273625704,-52.25464812017383,5,488.85
erechim,RS,-27.63947421665443,-52.287228191170804,4,601.98
erechim,RS,-27.63604581650499,-52.2730491223361,32,3876.7400000000002
erechim,RS,-27.627115136617082,-52.25863983402857,3,112.25
erere,CE,-6.031735490122187,-38.34898110650219,1,188.0
erico cardoso,BA,-13.41924902264324,-42.12973839960764,1,8.09
erval grande,RS,-27.39264336017934,-52.56908602358116,2,395.9
ervalia,MG,-20.84059414010997,-42.655599256881075,7,1076.83
escada,PE,-8.366340905422762,-35.24120297027231,10,2658.4300000000003
esmeralda,RS,-28.056984961059428,-51.189563260380716,1,145.0
esmeraldas,MG,-19.78192824681679,-44.26061412354286,14,1780.97
espera feliz,MG,-20.64823472332548,-41.90925009163093,19,3315.75
esperanca,PB,-7.018672399492173,-35.859303897935085,6,1720.38
esperantina,PI,-3.892214362211174,-42.23397063735173,4,414.65999999999997
esperantina,TO,-5.363920522149012,-48.54211501094385,1,84.44
esperantinopolis,MA,-4.8785892070831185,-44.88337792727722,3,640.61
espigao,SP,-22.19552228481866,-51.3567411304972,2,74.89
espigao alto do iguacu,PR,-25.42405400767098,-52.83424961394049,2,158.9
espigao do oeste,RO,-11.52662041605006,-61.014742629135874,6,706.6800000000001
espinosa,MG,-14.923654164790463,-42.81309249025588,6,2705.09
espirito santo do pinhal,SP,-22.193296313700355,-46.75319181794205,18,2160.02
espirito santo do turvo,SP,-22.69511222848384,-49.430369860135634,2,229.70000000000002
esplanada,BA,-11.797063477493758,-37.947646687658995,5,1660.9
espumoso,RS,-28.730670471052086,-52.844475193036104,7,1210.71
estacao,RS,-27.914101841408094,-52.258782068812856,5,704.1
estancia,SE,-11.259774886615524,-37.43571407810774,9,2594.65
estancia velha,RS,-29.7003034842929,-51.1730092951155,2,153.87
estancia velha,RS,-29.681523300907532,-51.18426367865483,2,224.9
estancia velha,RS,-29.65808249960178,-51.18782140672655,2,163.94
estancia velha,RS,-29.655798861769537,-51.17176185223902,9,1653.9299999999998
estancia velha,RS,-29.6548994867714,-51.16976917497058,3,342.48
estancia velha,RS,-29.643867073730235,-51.16698770774884,1,119.99
esteio,RS,-29.85960004421426,-51.131399923295156,2,65.10000000000001
esteio,RS,-29.858825202140263,-51.15642394732102,1,34.9
esteio,RS,-29.85657197787015,-51.14254294333009,3,449.59000000000003
esteio,RS,-29.85231879597745,-51.17015289010076,8,642.57
esteio,RS,-29.8501922029815,-51.15580277886517,5,416.58000000000004
esteio,RS,-29.845637884068402,-51.18285128398618,4,400.8
esteio,RS,-29.844579288983123,-51.16850734710764,16,4059.1699999999996
estiva,MG,-22.463444083564244,-46.017184408328234,1,10.9
estiva gerbi,SP,-22.274617698782976,-46.952843895583676,7,964.26
estreito,MA,-6.559559478054802,-47.444238726302686,3,305.89
estrela,RS,-29.497658970479993,-51.95838431142123,15,2113.2
estrela d oeste,SP,-20.285484534887296,-50.39756171781864,1,134.9
estrela d'oeste,SP,-20.285484534887296,-50.39756171781864,1,227.07
estrela do indaia,MG,-19.532003193597255,-45.78781267387939,2,112.80000000000001
estrela do norte,SP,-22.489146886502585,-51.6615243346063,3,173.79
estrela do sul,MG,-18.741282890204708,-47.70192478146414,1,89.9
estrela velha,RS,-29.18289731306814,-53.15935202877898,1,14.9
euclides da cunha,BA,-10.506647781847288,-39.01178236135266,5,524.1800000000001
euclides da cunha paulista,SP,-22.570621771379255,-52.3908216193817,2,163.25
eugenio de castro,RS,-28.52758954977506,-54.145959600405654,1,97.0
eugenopolis,MG,-21.097884822557152,-42.18385185406441,5,973.87
eunapolis,BA,-16.38111611568433,-39.57250915307367,3,317.8
eunapolis,BA,-16.37521603869197,-39.58755141159429,16,4773.889999999999
eunapolis,BA,-16.368759030870123,-39.57323815121,4,874.4100000000001
eunapolis,BA,-16.365477061774673,-39.58871454504194,4,145.76999999999998
eunapolis,BA,-16.358347062261505,-39.58705299614972,7,378.75
eunapolis,BA,-16.339031884980415,-39.57806338684691,2,297.99
eusebio,CE,-3.8780846128375694,-38.4586571230597,13,2217.51
ewbank da camara,MG,-21.551070403785488,-43.51210116740571,1,79.99
extrema,MG,-22.855478223289115,-46.31950127100401,39,4473.03
extrema,RO,-11.208614518089908,-61.588629120942116,3,809.9
extremoz,RN,-5.6962590285086545,-35.281779332893365,2,111.78999999999999
fagundes,PB,-7.358715893295886,-35.785397336554574,1,198.9
farol,PR,-24.095231428626477,-52.62324187707923,1,126.99
farroupilha,RS,-29.405237131199158,-51.32578918258864,8,794.6800000000001
farroupilha,RS,-29.27420606561886,-51.326191553417324,1,49.9
farroupilha,RS,-29.228746165664454,-51.36481412247986,1,170.3
farroupilha,RS,-29.2282968417925,-51.34995612529532,5,1321.88
farroupilha,RS,-29.22709040065793,-51.348650787139775,8,573.86
farroupilha,RS,-29.21895520133902,-51.35097219976344,2,133.19
farroupilha,RS,-29.21397637603217,-51.32541501253605,1,110.32
farroupilha,RS,-29.206717627019312,-51.34691905880264,1,58.9
fartura,SP,-23.388650818146584,-49.51065070949627,10,1771.4099999999999
fatima,BA,-10.595309591903002,-38.213006207598376,2,451.9
fatima,TO,-10.758321970842102,-48.90260536728865,1,59.9
fatima do sul,MS,-22.378064313728373,-54.50924004692693,4,1436.29
faxinal,PR,-23.99871143453599,-51.323611356091064,9,848.05
faxinal dos guedes,SC,-26.850256635317304,-52.25917760328908,11,1512.73
faxinalzinho,RS,-27.42176863536326,-52.67502180601173,1,19.9
fazenda nova,GO,-16.181703209247857,-50.78892030375633,4,319.78999999999996
fazenda rio grande,PR,-25.673552839643992,-49.30512972531902,3,281.9
fazenda rio grande,PR,-25.673176669302602,-49.328012016633544,3,296.88
fazenda rio grande,PR,-25.65991043136727,-49.299582691720765,7,900.6700000000001
fazenda rio grande,PR,-25.656913283085345,-49.325423406025216,1,1890.0
fazenda rio grande,PR,-25.64449513561673,-49.30091769165864,10,1052.34
fazenda rio grande,PR,-25.64411708576658,-49.32255004688336,5,233.7
fazenda vilanova,RS,-29.58577995078552,-51.829061985160564,2,157.8
feira de santana,BA,-12.29931496028016,-38.952110261863886,1,159.0
feira de santana,BA,-12.295229294847712,-38.91732055736044,1,102.11
feira de santana,BA,-12.292150872698128,-38.951875099993266,4,217.88
feira de santana,BA,-12.287818041215418,-38.93953639391668,2,268.13
feira de santana,BA,-12.281956784481258,-38.95673880172485,5,620.79
feira de santana,BA,-12.276989668104196,-38.9464877032098,1,129.99
feira de santana,BA,-12.275313565706957,-38.976237357804244,3,329.24
feira de santana,BA,-12.269614124371584,-38.95073040385745,9,1841.4
feira de santana,BA,-12.26782058721177,-38.9721581737795,2,116.9
feira de santana,BA,-12.267646991616061,-38.943436290355535,1,185.0
feira de santana,BA,-12.26696129622116,-38.933105982507236,2,145.89
feira de santana,BA,-12.266584016500337,-38.966900138618854,5,357.78000000000003
feira de santana,BA,-12.265739714909477,-38.95984350821484,5,278.8
feira de santana,BA,-12.262767282840825,-38.98091653565127,7,3135.49
feira de santana,BA,-12.262566397295355,-38.94040710191047,8,2126.35
feira de santana,BA,-12.259411353024435,-38.93219778183058,3,248.99
feira de santana,BA,-12.258128439472081,-38.94443425717696,4,375.79
feira de santana,BA,-12.256296132479383,-38.96074776621953,16,2084.74
feira de santana,BA,-12.253482875966396,-38.951223965847895,7,1011.03
feira de santana,BA,-12.253205687347366,-38.967643931088915,6,490.19
feira de santana,BA,-12.251860169861432,-38.97129339830022,2,75.48
feira de santana,BA,-12.250947973122445,-38.97619599242725,1,6.0
feira de santana,BA,-12.24822298111457,-38.9205404055162,9,1615.45
feira de santana,BA,-12.247603345815257,-38.976215099660564,2,245.72
feira de santana,BA,-12.244608870174844,-38.94374723807972,4,421.64
feira de santana,BA,-12.244274132111304,-38.979613231207175,8,628.6899999999999
feira de santana,BA,-12.241927068682106,-38.95090181287585,3,786.8
feira de santana,BA,-12.241862162633712,-38.9727221480262,1,69.9
feira de santana,BA,-12.240493413396004,-38.95867851919213,5,881.96
feira de santana,BA,-12.23927418376354,-38.96828124106994,1,120.0
feira de santana,BA,-12.23562569070148,-38.925831631864725,2,176.89000000000001
feira de santana,BA,-12.234974464444354,-38.93821517099966,3,306.8
feira de santana,BA,-12.2339250912009,-38.90582465512863,1,30.09
feira de santana,BA,-12.23124485709225,-38.935014705007426,1,56.9
feira de santana,BA,-12.229391090989859,-38.959471423992966,11,1900.1000000000001
feira de santana,BA,-12.22488531608502,-38.94960696532799,5,821.08
feira de santana,BA,-12.22487600196891,-38.9717961855758,6,276.77
feira de santana,BA,-12.222189443335079,-38.98453678046328,2,223.89000000000001
feira de santana,BA,-12.220335209273449,-38.99636584554789,1,158.0
feira de santana,BA,-12.220247559254906,-38.97351052225075,4,468.9
feira de santana,BA,-12.21910281215664,-38.9384004330136,1,59.9
feira de santana,BA,-12.217395171026356,-38.95930838211804,7,2271.57
feira de santana,BA,-12.215384074501927,-38.957263672016154,1,99.9
feira de santana,BA,-12.210154650708011,-38.990266547618916,2,304.99
feira de santana,BA,-12.208452418840974,-38.9627489238465,2,201.99
feira de santana,BA,-12.204286816472047,-38.945165043029476,3,210.3
feira de santana,BA,-12.19426189435672,-38.98818405101609,1,49.0
feira nova,PE,-7.949392726165966,-35.38525575171721,5,480.78
felicio dos santos,MG,-18.078679395852483,-43.24697607970553,1,169.9
felipe guerra,RN,-5.582167743425332,-37.70055965400177,1,122.99
felisburgo,MG,-16.6419634086352,-40.76032202381983,1,99.9
felixlandia,MG,-18.844510659124083,-44.86189781021224,1,75.0
feliz,RS,-29.452704570692116,-51.30223268988188,14,2523.43
feliz deserto,AL,-10.294195260579944,-36.3085517531178,2,309.89
feliz natal,MT,-12.375897314455678,-54.92875189573693,1,259.99
fenix,PR,-23.91581721419887,-51.97921936801934,1,44.99
fernando prestes,SP,-21.267134804144064,-48.686678524301236,6,591.48
fernandopolis,SP,-20.284122537295133,-50.2497039381375,52,7415.16
fernao,SP,-22.360283995020488,-49.52102141266443,1,29.0
ferraz de vasconcelos,SP,-23.56386843020679,-46.36943596268342,2,109.8
ferraz de vasconcelos,SP,-23.561141284596577,-46.36751458230809,2,224.9
ferraz de vasconcelos,SP,-23.560029259302837,-46.35983344250401,1,99.9
ferraz de vasconcelos,SP,-23.559035027237915,-46.370396295565676,2,269.5
ferraz de vasconcelos,SP,-23.558326428560218,-46.38847768504826,3,213.7
ferraz de vasconcelos,SP,-23.556512244298634,-46.38300847247897,8,2855.2200000000003
ferraz de vasconcelos,SP,-23.555663273412023,-46.36048638001305,4,547.76
ferraz de vasconcelos,SP,-23.554080095219565,-46.37439775919687,5,461.89
ferraz de vasconcelos,SP,-23.553694097499303,-46.37892772018167,4,216.91
ferraz de vasconcelos,SP,-23.5526585802395,-46.38934441175048,1,42.9
ferraz de vasconcelos,SP,-23.552432266671623,-46.366659590261115,4,239.06
ferraz de vasconcelos,SP,-23.550282671268967,-46.386127038369594,2,91.8
ferraz de vasconcelos,SP,-23.54853848456369,-46.36050899024497,2,181.97
ferraz de vasconcelos,SP,-23.547591306504795,-46.372874469674905,3,393.9
ferraz de vasconcelos,SP,-23.545704287907817,-46.37913213480587,3,198.79
ferraz de vasconcelos,SP,-23.54481488145259,-46.365856492687755,4,223.43
ferraz de vasconcelos,SP,-23.541647542949857,-46.360971532056595,3,266.7
ferraz de vasconcelos,SP,-23.541286776973788,-46.385425350081846,8,734.58
ferraz de vasconcelos,SP,-23.539895598614905,-46.372433774072356,3,231.89
ferraz de vasconcelos,SP,-23.53947676549785,-46.35846761483803,2,539.39
ferraz de vasconcelos,SP,-23.538897638612585,-46.377952084083034,1,139.9
ferraz de vasconcelos,SP,-23.53622365388216,-46.37575794916318,2,194.48000000000002
ferraz de vasconcelos,SP,-23.535249995085103,-46.371060344596,4,495.66999999999996
ferraz de vasconcelos,SP,-23.532979297096087,-46.391977316940086,4,124.02999999999999
ferraz de vasconcelos,SP,-23.532082650368196,-46.37039656564146,4,370.25
ferraz de vasconcelos,SP,-23.531743948575166,-46.363150365663245,3,200.9
ferraz de vasconcelos,SP,-23.530991120416008,-46.38992139768599,5,213.29
ferraz de vasconcelos,SP,-23.524777642738673,-46.37378298008584,7,4104.5
ferraz de vasconcelos,SP,-23.521333128409307,-46.381492516254916,3,337.89
ferraz de vasconcelos,SP,-23.516847942536753,-46.370962909592414,10,1224.63
ferreiros,PE,-7.448871730182632,-35.2428143293147,1,95.0
ferros,MG,-19.247823639092896,-42.957790689221746,2,119.6
fervedouro,MG,-20.72487631162102,-42.305273280395866,8,965.76
figueira,PR,-23.850046221901376,-50.403015864184475,4,928.78
figueiropolis d'oeste,MT,-15.45059207987621,-58.737465392678395,2,77.98
filadelfia,BA,-10.742273218498525,-40.133475407993544,1,79.9
firminopolis,GO,-16.579554212323874,-50.30572061487165,7,613.49
flor da serra do sul,PR,-26.255804307987933,-53.30585264793609,2,197.10000000000002
flora rica,SP,-21.67684997043302,-51.38098148948543,1,200.0
florai,PR,-23.318809614427238,-52.30525570332454,2,387.39
florania,RN,-6.1248317743116285,-36.81401045099459,1,35.5
floreal,SP,-20.676786336562632,-50.149212613779234,2,192.89000000000001
flores,CE,-5.990887409315429,-38.359393664026335,1,129.9
flores,PE,-7.891366668750168,-37.93022417655467,1,230.70000000000002
flores da cunha,RS,-29.035257065411393,-51.183154546287696,12,1439.45
flores de goias,GO,-14.489043559652542,-46.989502830620346,1,24.99
floresta,PE,-8.597804297170457,-38.56979971118692,6,454.58000000000004
floresta,PR,-23.614374068425708,-52.082794433928086,5,729.79
floresta do araguaia,PA,-7.5595401444756405,-49.697682354193695,1,129.99
florestal,MG,-19.890081655281833,-44.43118104474469,3,299.5
florestopolis,PR,-22.86657256320263,-51.39054299723058,3,492.70000000000005
floriano,PI,-6.787772639331994,-43.0113338295531,1,44.99
floriano,PI,-6.782539305387095,-43.03311802808541,1,99.0
floriano,PI,-6.776733150899384,-43.01649873460373,4,304.26
floriano,PI,-6.772814165913703,-43.00993782191511,1,199.7
floriano,PI,-6.771735084011542,-43.02309333518363,8,1407.18
floriano,PI,-6.764045936317328,-43.01072930155525,3,368.89
florianopolis,SC,-27.78040191272875,-48.521470049040275,3,376.12
florianopolis,SC,-27.725282317240154,-48.506547226524255,8,870.39
florianopolis,SC,-27.724472750239443,-48.54188463055436,8,1240.88
florianopolis,SC,-27.685684731933794,-48.560359427145045,3,346.69000000000005
florianopolis,SC,-27.68168782191656,-48.49077351666238,22,4426.099999999999
florianopolis,SC,-27.681114574588975,-48.50645941049491,5,408.01
florianopolis,SC,-27.653601494994245,-48.53093479474947,10,1599.5900000000001
florianopolis,SC,-27.652608385227843,-48.48245691446093,10,2505.61
florianopolis,SC,-27.61198912014901,-48.54466903061895,1,29.9
florianopolis,SC,-27.608191651960794,-48.4707049019059,17,2881.67
florianopolis,SC,-27.608167074030902,-48.53358715829341,9,1106.88
florianopolis,SC,-27.60765861187083,-48.58099990332238,17,1350.65
florianopolis,SC,-27.606573045395983,-48.592712089751465,17,2413.2400000000002
florianopolis,SC,-27.603831163391323,-48.523562641550996,21,2038.46
florianopolis,SC,-27.60018256233101,-48.50691625507009,17,2566.17
florianopolis,SC,-27.593757745225567,-48.544313757311976,25,3581.61
florianopolis,SC,-27.592883441504366,-48.55247105419271,28,3731.31
florianopolis,SC,-27.59221371184723,-48.59546881743506,18,2296.76
florianopolis,SC,-27.591470778485867,-48.58315671583112,24,2299.97
florianopolis,SC,-27.59114101826739,-48.509176607977736,5,290.28
florianopolis,SC,-27.589867465963366,-48.55115296520953,37,5821.7300000000005
florianopolis,SC,-27.589316882452703,-48.52246814146247,31,3942.83
florianopolis,SC,-27.585486027486755,-48.57989012662318,12,2211.64
florianopolis,SC,-27.584002150271765,-48.501678766329036,41,9301.0
florianopolis,SC,-27.581970840629207,-48.59476151795889,7,1770.52
florianopolis,SC,-27.581084617185542,-48.43113600826772,2,113.78999999999999
florianopolis,SC,-27.577633618626653,-48.53548299095489,25,5507.72
florianopolis,SC,-27.56360122283657,-48.513557604015396,6,554.68
florianopolis,SC,-27.528367115974632,-48.49191371378214,16,2559.52
florianopolis,SC,-27.518376381111747,-48.5162770076532,11,1461.0700000000002
florianopolis,SC,-27.49096197754821,-48.52769628564386,2,53.989999999999995
florianopolis,SC,-27.488658010203363,-48.41497883914833,13,1942.04
florianopolis,SC,-27.476043430878843,-48.46088229183795,6,574.87
florianopolis,SC,-27.44321331479943,-48.49832849239356,10,3304.37
florianopolis,SC,-27.442895407783315,-48.40148110687639,43,5981.18
florianopolis,SC,-27.432685844753685,-48.46585740459028,17,1737.0800000000002
florianopolis,SC,-27.41984238771852,-48.42646639542672,10,980.53
florida,PR,-23.088223660237787,-51.955043357091284,1,69.9
florida paulista,SP,-21.614401792889335,-51.171722502040666,4,353.79
florinia,SP,-22.90210659815283,-50.72704172372592,1,41.5
fonseca,MG,-20.16159337477424,-43.300652944075374,1,89.65
fontoura xavier,RS,-28.982392689696933,-52.35025217861466,1,199.0
formiga,MG,-20.46253562176835,-45.433058998165116,32,4407.94
formigueiro,RS,-29.9992301981563,-53.50054936444503,2,279.8
formosa,GO,-15.561773823952034,-47.34429194120347,1,29.99
formosa,GO,-15.555614343456542,-47.33938253760691,2,467.99
formosa,GO,-15.550183236860994,-47.32949631600096,11,1836.6399999999999
formosa,GO,-15.54784146544904,-47.34087820148101,1,319.0
formosa,GO,-15.54095046484551,-47.33733368967047,9,1236.85
formosa,GO,-15.53814320549763,-47.327036828508334,3,551.89
formosa,GO,-15.53783951661986,-47.303508902885774,3,375.99
formosa,GO,-15.536658611750866,-47.34367658725345,4,463.8
formosa da serra negra,MA,-6.440041398536376,-46.18858062799542,1,99.0
formosa do oeste,PR,-24.296024477069246,-53.3145970174448,1,69.9
formosa do rio preto,BA,-11.017033236590091,-45.25825023892409,3,1398.1299999999999
formoso,GO,-13.658155911030814,-48.87750736776402,1,39.0
formoso,MG,-14.957216746740068,-46.229815235894776,2,828.99
formoso do araguaia,TO,-11.812224723860362,-49.544885922077356,4,251.28000000000003
forquilha,CE,-3.8015512539711955,-40.26303084530192,4,348.47
forquilhinha,SC,-28.753138688345132,-49.475392669899485,13,1143.85
fortaleza,CE,-3.855464883812208,-38.498657096328095,2,97.99000000000001
fortaleza,CE,-3.8458667805734725,-38.51997906575146,4,272.31
fortaleza,CE,-3.844585896749452,-38.483688429177235,3,443.31
fortaleza,CE,-3.842679674127312,-38.52731262414382,1,122.99
fortaleza,CE,-3.8404133774325726,-38.488058123533676,1,59.9
fortaleza,CE,-3.839106142815956,-38.514902306843965,3,609.99
fortaleza,CE,-3.8384024138553956,-38.51612072434251,2,258.0
fortaleza,CE,-3.836790175577745,-38.49168652747865,3,408.9
fortaleza,CE,-3.834777063310085,-38.52150199200992,3,284.8
fortaleza,CE,-3.83373254333505,-38.56771765735966,3,129.99
fortaleza,CE,-3.8311934700328765,-38.55584054868152,7,2046.19
fortaleza,CE,-3.8307760840654757,-38.57258803069791,1,34.3
fortaleza,CE,-3.829936775820808,-38.493757478230926,8,1136.59
fortaleza,CE,-3.825210205969183,-38.59078309448864,1,153.9
fortaleza,CE,-3.824625160378915,-38.5147991764593,3,474.88
fortaleza,CE,-3.8245149370688547,-38.50077874000514,1,72.99
fortaleza,CE,-3.8238702206247828,-38.47843508196411,1,59.8
fortaleza,CE,-3.8234418901623477,-38.58578732122786,1,78.0
fortaleza,CE,-3.823325335218367,-38.46612915655687,5,334.11
fortaleza,CE,-3.8206120589999273,-38.56940199999997,1,19.9
fortaleza,CE,-3.8195324538029514,-38.491708218160824,5,447.54
fortaleza,CE,-3.8189935970558007,-38.57019222449179,1,94.99
fortaleza,CE,-3.817742458991325,-38.56203422487414,3,239.79000000000002
fortaleza,CE,-3.817507495921857,-38.580764892473454,2,140.89000000000001
fortaleza,CE,-3.8161216063878354,-38.517643400873844,5,238.78
fortaleza,CE,-3.8155137052315964,-38.57712076901421,7,509.86
fortaleza,CE,-3.8145484516910106,-38.58547446480213,4,1033.19
fortaleza,CE,-3.8107377352048237,-38.58326575614418,2,99.97
fortaleza,CE,-3.809208961504226,-38.6189322151637,3,758.88
fortaleza,CE,-3.808681622094289,-38.47553746353831,4,946.6
fortaleza,CE,-3.8053468639357635,-38.524001339290294,5,384.89
fortaleza,CE,-3.8044643194369248,-38.60037695700047,4,335.68
fortaleza,CE,-3.8041332143311046,-38.543954272202164,2,197.9
fortaleza,CE,-3.803021863943105,-38.4902548965702,5,1220.29
fortaleza,CE,-3.8020723249694597,-38.5210442436311,3,169.95
fortaleza,CE,-3.80137211587103,-38.564348297860455,9,1029.56
fortaleza,CE,-3.8009489661671703,-38.53712134659461,14,1675.27
fortaleza,CE,-3.8006973441168093,-38.5663343163709,8,1555.54
fortaleza,CE,-3.800525426070428,-38.50744107884229,3,456.24
fortaleza,CE,-3.798682743515933,-38.49320832483779,13,1659.59
fortaleza,CE,-3.798023840229953,-38.43273458954873,1,30.0
fortaleza,CE,-3.7979653859032565,-38.58118013571462,4,619.69
fortaleza,CE,-3.7957236122342946,-38.470373098755516,7,867.85
fortaleza,CE,-3.792494451763235,-38.601169715695775,4,381.89
fortaleza,CE,-3.79107420237575,-38.583174278210166,2,306.32
fortaleza,CE,-3.7899436621017473,-38.550588541500204,4,179.78
fortaleza,CE,-3.788435139719839,-38.54158628595935,1,119.99
fortaleza,CE,-3.787173944140928,-38.49286750734524,4,1297.98
fortaleza,CE,-3.786626668221326,-38.567945481184445,4,460.48999999999995
fortaleza,CE,-3.786181471273839,-38.46629844563202,4,349.9
fortaleza,CE,-3.7861317403369883,-38.55325069658947,4,669.04
fortaleza,CE,-3.7855859148770437,-38.613777776789036,2,207.2
fortaleza,CE,-3.785124470957883,-38.5087990705573,1,579.75
fortaleza,CE,-3.78429215490371,-38.599488857840456,2,113.97999999999999
fortaleza,CE,-3.781373736254397,-38.486321541229174,2,249.07000000000002
fortaleza,CE,-3.7805760995216473,-38.59448690071138,6,1181.13
fortaleza,CE,-3.7804407431328877,-38.58341922043972,1,118.9
fortaleza,CE,-3.7788386543896895,-38.57111339759412,1,95.0
fortaleza,CE,-3.776195142877699,-38.57090453034578,4,523.88
fortaleza,CE,-3.7740415075530507,-38.579457665303835,3,207.45
fortaleza,CE,-3.773246514983972,-38.51393388850648,4,365.89
fortaleza,CE,-3.7729659999999487,-38.61660414376919,3,346.71999999999997
fortaleza,CE,-3.771710234511463,-38.488787914008405,3,160.89000000000001
fortaleza,CE,-3.7711242011130346,-38.55673949671674,3,196.88
fortaleza,CE,-3.770409749999946,-38.609515999999964,4,784.39
fortaleza,CE,-3.768000657007669,-38.58527826668291,3,838.59
fortaleza,CE,-3.7679730280089783,-38.47636243437333,1,119.9
fortaleza,CE,-3.766617871763346,-38.54172724751307,7,1151.5900000000001
fortaleza,CE,-3.766373874389561,-38.513336063964125,4,618.39
fortaleza,CE,-3.766091142857088,-38.607711285714245,2,335.24
fortaleza,CE,-3.7657567872976583,-38.61046888315293,4,448.4
fortaleza,CE,-3.7638466793619596,-38.490103523253445,6,337.52
fortaleza,CE,-3.763645860818206,-38.539839250582176,8,813.25
fortaleza,CE,-3.762982984352418,-38.58118403018607,5,464.77
fortaleza,CE,-3.761208383106768,-38.58312218025204,2,51.98
fortaleza,CE,-3.7607982354559044,-38.57535409222699,4,459.3
fortaleza,CE,-3.758396168580586,-38.56817645033785,6,220.68
fortaleza,CE,-3.7582840251317213,-38.59746011935958,2,224.98
fortaleza,CE,-3.756305111703358,-38.593548434305085,3,367.99
fortaleza,CE,-3.7562456524665224,-38.55001447190252,5,413.69
fortaleza,CE,-3.7561612605706025,-38.531132022286634,1,250.0
fortaleza,CE,-3.7554090132905675,-38.54512901740256,3,663.98
fortaleza,CE,-3.7551641102781863,-38.528402682022275,2,1706.8
fortaleza,CE,-3.7550333574480974,-38.56274555103636,4,1496.8
fortaleza,CE,-3.75503333886186,-38.55274495981473,2,119.80000000000001
fortaleza,CE,-3.753637021429279,-38.51260153804934,8,903.58
fortaleza,CE,-3.7519916923385632,-38.57928912971604,1,29.99
fortaleza,CE,-3.751452686135011,-38.58083209750232,2,397.6
fortaleza,CE,-3.7513745339018505,-38.47240235396532,4,552.9
fortaleza,CE,-3.748384587414396,-38.510088185799326,12,2269.13
fortaleza,CE,-3.747161735808952,-38.470110350117416,3,395.84999999999997
fortaleza,CE,-3.7459882152039983,-38.55147347834274,6,591.65
fortaleza,CE,-3.7451462381296663,-38.5040410642394,16,2980.03
fortaleza,CE,-3.744184712706461,-38.48418839463074,15,3724.56
fortaleza,CE,-3.744018771514677,-38.58849560465392,2,105.99
fortaleza,CE,-3.7439349481207556,-38.52761765665849,6,498.2
fortaleza,CE,-3.7438485632289145,-38.529076295793644,7,796.36
fortaleza,CE,-3.742130649184098,-38.52390517081265,8,694.83
fortaleza,CE,-3.7417755077038035,-38.560146132409635,11,1502.38
fortaleza,CE,-3.740571810937111,-38.46312042275629,3,376.9
fortaleza,CE,-3.7401172670320215,-38.54926920161433,2,98.89
fortaleza,CE,-3.738772752113758,-38.50425666874524,5,1738.7800000000002
fortaleza,CE,-3.7383811165923033,-38.49601932811424,10,997.1500000000001
fortaleza,CE,-3.7380708583993343,-38.53569562181469,2,388.98
fortaleza,CE,-3.73795199025931,-38.55651371405268,5,2137.69
fortaleza,CE,-3.7378816901681575,-38.50270088014193,11,1724.59
fortaleza,CE,-3.7362956297287018,-38.459454005495694,1,349.9
fortaleza,CE,-3.7361401287870453,-38.57822980769699,2,427.89
fortaleza,CE,-3.7360797593758086,-38.57869554704982,4,314.98
fortaleza,CE,-3.735941631656265,-38.53121161503804,1,14.99
fortaleza,CE,-3.7356276023136723,-38.48260091771711,12,2536.95
fortaleza,CE,-3.735471102599029,-38.501022682210376,10,1137.5
fortaleza,CE,-3.7350544672529065,-38.516716250629,6,978.76
fortaleza,CE,-3.73456878838418,-38.51053386926288,12,2869.02
fortaleza,CE,-3.7317088655504693,-38.56963160405948,5,857.05
fortaleza,CE,-3.730862318641983,-38.53658822650762,1,21.99
fortaleza,CE,-3.73019985250735,-38.553402163493715,7,887.51
fortaleza,CE,-3.7300528406584963,-38.499833994622506,8,1207.62
fortaleza,CE,-3.7299655044069544,-38.5359847735911,3,235.8
fortaleza,CE,-3.7297794980253713,-38.59444875910396,4,103.48
fortaleza,CE,-3.729277220012794,-38.47271326697475,3,244.89000000000001
fortaleza,CE,-3.7280920246056684,-38.55705475100283,7,554.38
fortaleza,CE,-3.726895500000001,-38.468889,1,130.0
fortaleza,CE,-3.7263282791459478,-38.55781991283569,1,680.0
fortaleza,CE,-3.725588915058424,-38.49344824821249,15,2838.23
fortaleza,CE,-3.7246990544019254,-38.58004324762984,3,604.1800000000001
fortaleza,CE,-3.7238441979449015,-38.55253848851631,5,488.18000000000006
fortaleza,CE,-3.72380573973658,-38.59027002271371,6,426.59000000000003
fortaleza,CE,-3.723632954593798,-38.60436072809454,3,290.97
fortaleza,CE,-3.723469600166843,-38.51591994035029,6,1176.85
fortaleza,CE,-3.7233748996485736,-38.53557053558634,1,169.0
fortaleza,CE,-3.7231418057554047,-38.543312655631745,2,90.60000000000001
fortaleza,CE,-3.7211543405560157,-38.600702891271055,1,323.18
fortaleza,CE,-3.7174904631035073,-38.59928475757381,5,475.38
fortaleza,CE,-3.717084838941394,-38.5725806892878,3,242.89
fortaleza,CE,-3.716409164713622,-38.589810600460936,3,223.9
fortaleza,CE,-3.7154175884802743,-38.564747180940365,3,496.8
fortaleza,CE,-3.7148263334933453,-38.47048474307843,3,342.89
fortaleza,CE,-3.714582559144371,-38.58420438779798,4,1185.88
fortaleza,CE,-3.7144444794301386,-38.552335600271235,6,2285.79
fortaleza,CE,-3.712655101438399,-38.603257827603784,1,189.0
fortaleza,CE,-3.709717065744131,-38.57881694854117,3,1364.9
fortaleza,CE,-3.709142443510424,-38.57046446224275,1,99.0
fortaleza,CE,-3.7083847024032814,-38.56741382834188,4,1227.9
fortaleza,CE,-3.7024276443349313,-38.57944917893163,5,456.87
fortaleza dos valos,RS,-28.79633961671801,-53.228372219872426,1,100.0
fortim,CE,-4.454570033119691,-37.805706528898135,1,179.0
fortuna,MA,-5.73270945714518,-44.15547422094826,3,523.89
foz do iguacu,PR,-25.579520206126126,-54.566835083492556,3,349.8
foz do iguacu,PR,-25.56833160453291,-54.5691562935889,4,167.09
foz do iguacu,PR,-25.55569307488648,-54.563631110157715,4,474.86
foz do iguacu,PR,-25.541844711589416,-54.58482020405327,12,1646.91
foz do iguacu,PR,-25.540465556759887,-54.55333023835214,9,1070.49
foz do iguacu,PR,-25.539380451718593,-54.575054534759374,3,376.93
foz do iguacu,PR,-25.5315574882722,-54.55610057523554,6,1369.2
foz do iguacu,PR,-25.527156871115334,-54.54193261907771,3,469.9
foz do iguacu,PR,-25.52417941764146,-54.56954811777931,4,389.69
foz do iguacu,PR,-25.522497915304445,-54.58448285009858,5,857.94
foz do iguacu,PR,-25.513500234491627,-54.534888569041975,3,318.89
foz do iguacu,PR,-25.511247194351526,-54.585741372557344,1,279.9
foz do iguacu,PR,-25.501025632552157,-54.55781657411949,3,211.99
foz do iguacu,PR,-25.501016779140517,-54.56892114940158,1,179.9
foz do iguacu,PR,-25.499752500392795,-54.57455515424249,1,349.9
foz do iguacu,PR,-25.490651503913064,-54.55736637931499,7,888.82
foz do iguacu,PR,-25.4883710064891,-54.52164072805602,5,492.88
foz do iguacu,PR,-25.487219392886132,-54.57631711158799,1,349.99
foz do iguacu,PR,-25.47543737338084,-54.58499542477247,8,1122.5
foz do iguacu,PR,-25.454181360746666,-54.57108495196722,3,138.8
foz do jordao,PR,-25.736009395185206,-52.11824339750997,1,49.0
fragosos,SC,-26.172144046688267,-49.33601244876342,1,99.99
fraiburgo,SC,-27.029807812153095,-50.92124249393447,13,2028.57
franca,SP,-20.580646788082646,-47.379732796760294,5,564.87
franca,SP,-20.553623627436437,-47.387359118805556,42,6001.19
franca,SP,-20.55227391883551,-47.36041658972938,6,559.36
franca,SP,-20.538924680582515,-47.40138054689607,19,2663.65
franca,SP,-20.53661375955687,-47.433583875541835,12,1847.1699999999998
franca,SP,-20.528759136177378,-47.411109783856105,14,2436.62
franca,SP,-20.528619284338824,-47.38740999652929,20,3117.86
franca,SP,-20.523653408304654,-47.364272201308715,7,1149.4
franca,SP,-20.512749182210147,-47.43727952189644,3,197.89
franca,SP,-20.498488755380297,-47.396929485900976,16,2518.52
franca,SP,-20.496250765485655,-47.41843378590997,10,959.02
francisco badaro,MG,-17.01008125423929,-42.349958515266074,3,367.46
francisco beltrao,PR,-26.080628132861357,-53.05355217451234,22,2355.7
francisco beltrao,PR,-26.072007081445133,-53.040705170896686,13,2078.4
francisco beltrao,PR,-26.068886896367935,-53.068371495219374,5,1104.7
francisco beltrao,PR,-26.064709162027103,-53.050029948975926,2,106.5
francisco beltrao,PR,-26.044305666376307,-53.06371355213211,6,1107.38
francisco beltrao,PR,-26.035864426836586,-53.053438022431294,2,538.9
francisco dantas,RN,-6.088209887664519,-38.12419122933705,1,198.9
francisco dumont,MG,-17.313346146163163,-44.23241696253605,2,108.89
francisco morato,SP,-23.29830353703169,-46.745247282209654,2,258.4
francisco morato,SP,-23.296923740440814,-46.748297973821956,1,24.99
francisco morato,SP,-23.296725022980066,-46.73692071215703,1,119.9
francisco morato,SP,-23.295555014949873,-46.729518355118856,2,194.86
francisco morato,SP,-23.295035512088685,-46.74025943565333,7,513.74
francisco morato,SP,-23.293259042182722,-46.733359392893576,5,777.4
francisco morato,SP,-23.29073705736522,-46.742607816455866,1,69.99
francisco morato,SP,-23.290323989009664,-46.75564485433742,4,283.59
francisco morato,SP,-23.289623984529435,-46.74469575154734,4,407.08000000000004
francisco morato,SP,-23.2895548269244,-46.76289362355178,1,69.98
francisco morato,SP,-23.288553925040922,-46.76185750379322,1,34.0
francisco morato,SP,-23.284883989432295,-46.704139822015065,5,129.14
francisco morato,SP,-23.284031699475317,-46.751777758925265,4,419.65000000000003
francisco morato,SP,-23.28371951440474,-46.739435210964146,6,274.28999999999996
francisco morato,SP,-23.282843367454195,-46.74615014505265,2,223.0
francisco morato,SP,-23.28136827025927,-46.752980224500284,3,237.87
francisco morato,SP,-23.279230429161814,-46.740173871184815,2,283.9
francisco morato,SP,-23.27882714108679,-46.74588890328517,3,302.0
francisco morato,SP,-23.277355765451013,-46.7579674887503,3,197.8
francisco morato,SP,-23.277100257017477,-46.74644744318333,2,74.0
francisco morato,SP,-23.275632413647916,-46.738338149405415,4,575.76
francisco morato,SP,-23.273198446979904,-46.728097628642026,4,235.02999999999997
francisco morato,SP,-23.273015927410707,-46.746059330273326,7,1206.05
francisco morato,SP,-23.272692450945712,-46.73254970168324,2,147.89
francisco morato,SP,-23.271635104183204,-46.735650005643556,2,165.39000000000001
francisco morato,SP,-23.271551800207323,-46.74831360142325,1,99.9
francisco morato,SP,-23.269965601227288,-46.7476155440934,1,139.9
francisco morato,SP,-23.26974701207065,-46.73249283877382,2,99.0
francisco morato,SP,-23.26875591379556,-46.74454084406871,2,79.8
francisco morato,SP,-23.265565499256684,-46.73174583108872,2,40.79
francisco morato,SP,-23.265194209995613,-46.726009124015185,3,252.49
francisco morato,SP,-23.264230442931808,-46.72085685753733,1,49.9
francisco morato,SP,-23.26386755843271,-46.731235253219836,1,16.99
francisco morato,SP,-23.26311574285444,-46.75501300779021,1,159.9
francisco morato,SP,-23.261801227276173,-46.74294799696728,2,179.8
francisco sa,MG,-16.487764046795366,-43.417499612139615,3,532.8
francisco santos,PI,-6.99478880729175,-41.1348528014581,1,20.9
franco da rocha,SP,-23.331777054437527,-46.72469723063619,5,502.28
franco da rocha,SP,-23.331104832890293,-46.732246446062376,6,794.6
franco da rocha,SP,-23.329788860752593,-46.71177816482354,4,595.89
franco da rocha,SP,-23.32912758636168,-46.71593725251928,5,675.71
franco da rocha,SP,-23.32857615757614,-46.71047344548011,7,530.72
franco da rocha,SP,-23.328493946429976,-46.722315961539735,3,323.9
franco da rocha,SP,-23.326393975496433,-46.728670705679995,2,79.9
franco da rocha,SP,-23.325362957582684,-46.70401464296855,4,271.7
franco da rocha,SP,-23.325312461344897,-46.719683776338165,3,178.38
franco da rocha,SP,-23.325201582745834,-46.734123329586765,4,322.3
franco da rocha,SP,-23.324454281607945,-46.747233601065446,1,69.9
franco da rocha,SP,-23.323585689026327,-46.70761996493729,2,122.5
franco da rocha,SP,-23.323375590030206,-46.700789624567136,2,135.99
franco da rocha,SP,-23.322990732929146,-46.7635812812956,3,214.98
franco da rocha,SP,-23.32283297535036,-46.71359682291612,5,582.89
franco da rocha,SP,-23.321931637364788,-46.72578440745974,1,59.9
franco da rocha,SP,-23.320803132261755,-46.73305293205133,8,767.48
franco da rocha,SP,-23.320097076061234,-46.73897789434374,1,45.0
franco da rocha,SP,-23.319686274679015,-46.71857921932654,1,50.9
franco da rocha,SP,-23.319158853644485,-46.72429037726342,2,163.5
franco da rocha,SP,-23.31899426548102,-46.71024292150705,4,299.93
franco da rocha,SP,-23.318002166473715,-46.72629199529368,1,30.5
franco da rocha,SP,-23.31604732376374,-46.71445658524941,2,338.9
franco da rocha,SP,-23.315773079249258,-46.73140586010319,1,68.8
franco da rocha,SP,-23.315624545904367,-46.737476601593514,2,178.9
franco da rocha,SP,-23.314738700661557,-46.77655867080499,1,19.9
franco da rocha,SP,-23.313336270481077,-46.7248991828676,3,567.4
franco da rocha,SP,-23.308468780236055,-46.74357336220913,2,167.8
franco da rocha,SP,-23.307772924494266,-46.730069979932765,4,169.73000000000002
franco da rocha,SP,-23.305807271033075,-46.72239358030877,3,418.99
franco da rocha,SP,-23.30505092573572,-46.73390449669408,2,69.8
franco da rocha,SP,-23.303917302899244,-46.74125793076995,2,209.99
franco da rocha,SP,-23.302630882980633,-46.7568913260878,3,238.79
franco da rocha,SP,-23.300036608071604,-46.70953772141059,6,654.65
franco da rocha,SP,-23.000242127730058,-46.83488749423056,2,118.80000000000001
franco da rocha,SP,-22.90682845367693,-47.0122315834516,1,31.9
frecheirinha,CE,-3.7589905989603696,-40.816151637596896,2,175.09
frederico westphalen,RS,-27.356191058812172,-53.395979139962776,14,1053.45
frei gaspar,MG,-18.072821160182723,-41.48887756040024,1,74.9
frei inocencio,MG,-18.557139693388137,-41.90865871570033,5,644.29
frei lagonegro,MG,-18.168896360988477,-42.76707455699983,1,206.74
frei martinho,PB,-6.402787305631923,-36.451641065455775,2,268.9
frei rogerio,SC,-27.176183584357766,-50.80152181447459,1,99.9
fronteira,MG,-20.279454990887864,-49.2025514813791,6,949.6600000000001
fronteiras,PI,-7.086001621601333,-40.615364575877656,3,1308.8000000000002
fruta de leite,MG,-16.116153206536715,-42.53032980281246,2,178.9
frutal,MG,-20.02737817547669,-48.93350958851245,24,3310.46
frutuoso gomes,RN,-6.160260776209854,-37.84142954570843,1,79.99
fundao,ES,-19.944160220015554,-40.38449895378412,4,352.8
gabriel monteiro,SP,-21.530165206856104,-50.55255132432654,1,34.9
galia,SP,-22.29283798246839,-49.550428093596786,1,199.0
galinhos,RN,-5.098020278737214,-36.2418210711995,1,240.0
galvao,SC,-26.45540159147402,-52.688055890561294,1,59.5
gameleira,PE,-8.584196684643691,-35.38563892012263,4,1657.98
gameleiras,MG,-15.082894964401873,-43.11934976595887,3,423.89
gandu,BA,-13.744780130603793,-39.4866156520601,4,417.7
garanhuns,PE,-8.907623679670822,-36.48062797784638,4,246.60000000000002
garanhuns,PE,-8.901158028548236,-36.49400935584641,3,439.39
garanhuns,PE,-8.893172715777835,-36.49425635129274,7,823.36
garanhuns,PE,-8.887719515839382,-36.48025270211849,3,383.99
garanhuns,PE,-8.884477212510252,-36.48701311044169,5,557.37
garanhuns,PE,-8.883001666745061,-36.500479209645874,3,698.99
garanhuns,PE,-8.88175644743443,-36.46712600033352,2,486.79
garanhuns,PE,-8.876869250972835,-36.47103244332139,3,311.99
garca,SP,-22.211471483564306,-49.65862497197638,27,2918.41
garibaldi,RS,-29.253901645512006,-51.52820815176132,9,1014.8
garopaba,SC,-28.038737678812907,-48.631463327998624,22,2669.1
garrafao do norte,PA,-1.9343796360836623,-47.050272013776514,3,662.89
garruchos,RS,-28.185559646953863,-55.63986294958386,1,62.9
garuva,SC,-26.034602380283914,-48.85354111529444,5,1467.38
gaspar,SC,-26.939317248028345,-48.95668927723552,2,694.96
gaspar,SC,-26.93513099414835,-48.93792722466028,7,4244.18
gaspar,SC,-26.924010895162258,-48.70268960216774,2,3123.99
gaspar,SC,-26.92112494851802,-48.9686475081214,8,712.48
gaspar,SC,-26.918268320773088,-48.958546845286634,3,312.89
gaspar,SC,-26.85192667968571,-49.023382533933386,3,499.0
gaspar,SC,-26.826010339017802,-48.930253375319666,3,920.8399999999999
gaspar,SC,-26.820254176542722,-49.02722752137481,1,115.0
gastao vidigal,SP,-20.797750145016238,-50.191440357247444,3,216.88
gaucha do norte,MT,-13.18276206702451,-53.26554597388054,2,136.48000000000002
gaurama,RS,-27.587031203435966,-52.09274840966207,3,277.88
gaviao peixoto,SP,-21.838425033908386,-48.49271330498367,2,94.89
general camara,RS,-29.907748233916898,-51.77219644575039,1,89.0
general carneiro,PR,-26.421195638867772,-51.315016315456724,5,401.48
general maynard,SE,-10.685271419019744,-36.98595499961593,1,197.5
general salgado,SP,-20.64696405474457,-50.36256371267587,6,493.59
gentio do ouro,BA,-11.430397447067516,-42.505532819090526,1,98.7
getulina,SP,-21.799746647397733,-49.93136486168771,2,99.80000000000001
getulio vargas,RS,-27.88662962008021,-52.22847844606442,8,746.61
gilbues,PI,-9.831010545327752,-45.339144412421106,1,296.0
girau do ponciano,AL,-9.884218075749796,-36.82478093494157,1,39.9
girua,RS,-28.029701451024163,-54.34991721201693,10,1335.28
glicerio,RJ,-22.23692886617169,-42.062326781962895,2,405.99
glicerio,SP,-21.382222144227807,-50.20917051985427,2,333.99
gloria de dourados,MS,-22.41768630779438,-54.229973123351876,1,45.8
gloria do goita,PE,-8.000526578283457,-35.29501287596602,2,516.99
glorinha,RS,-29.881225047560317,-50.7835262916663,2,249.8
godoy moreira,PR,-24.194417006485597,-51.92476732459786,1,1049.0
goiabeira,MG,-18.982839765221968,-41.22390299072754,2,259.98
goiana,MG,-21.53583504095354,-43.19894233348569,3,88.7
goiana,PE,-7.562444861993702,-34.99937528806026,9,606.93
goianapolis,GO,-16.506991076108925,-49.01955109427933,4,1086.98
goiandira,GO,-18.134085496238615,-48.08697191028651,1,94.9
goianesia,GO,-15.848490389347585,-49.17993210512311,1,119.97
goianesia,GO,-15.337252624485755,-49.10390917168354,2,765.9
goianesia,GO,-15.329764931382936,-49.117892841576335,4,137.48
goianesia,GO,-15.318295598793782,-49.12118383256523,6,668.44
goianesia,GO,-15.30347832638835,-49.126438580984775,1,52.11
goianesia,GO,-15.244292758515291,-49.18738525598463,3,243.58
goianesia do para,PA,-3.858681285940547,-49.07671060370593,3,861.99
goiania,GO,-16.788125964794578,-49.371245396850405,2,176.99
goiania,GO,-16.780593311563493,-49.36185968868538,5,288.96999999999997
goiania,GO,-16.77516738890157,-49.3562142300929,1,16.9
goiania,GO,-16.75121697704502,-49.33790268002674,4,1155.9
goiania,GO,-16.747019047249296,-49.20131680417274,8,1195.37
goiania,GO,-16.744027675095726,-49.34524948992453,3,884.9
goiania,GO,-16.74193863928895,-49.32846849383952,4,457.79
goiania,GO,-16.74104731521286,-49.316483525468804,1,25.99
goiania,GO,-16.737888907164145,-49.2019264302793,2,648.9
goiania,GO,-16.736666844111507,-49.27761440554941,7,674.88
goiania,GO,-16.73588063754187,-49.30233306734736,2,378.9
goiania,GO,-16.732544363422246,-49.34627871363263,2,201.9
goiania,GO,-16.730185916955403,-49.31945412542768,4,264.8
goiania,GO,-16.730019005427998,-49.39987790381031,1,24.99
goiania,GO,-16.729473848970922,-49.24772073582982,1,124.7
goiania,GO,-16.72896103944757,-49.21805017282163,2,448.99
goiania,GO,-16.72701652910844,-49.367529813854794,1,49.9
goiania,GO,-16.725859458097673,-49.22444694502152,1,26.99
goiania,GO,-16.725834098545064,-49.21222893336587,1,165.0
goiania,GO,-16.725525037449938,-49.340978718497,10,781.74
goiania,GO,-16.720564633183724,-49.31057114298072,3,586.38
goiania,GO,-16.72033829816323,-49.31624941640817,1,79.9
goiania,GO,-16.71974126608181,-49.293976624632016,8,1158.14
goiania,GO,-16.717414025324718,-49.28812647572566,1,45.99
goiania,GO,-16.717347342437535,-49.24283873511048,4,888.9
goiania,GO,-16.717011105572144,-49.25366157866026,5,2526.7000000000003
goiania,GO,-16.716107833139546,-49.27263404221346,8,634.63
goiania,GO,-16.715788940090025,-49.27402612240441,9,1896.11
goiania,GO,-16.715397174014264,-49.2596197984511,23,3099.43
goiania,GO,-16.71502406271718,-49.267861478851536,14,1722.49
goiania,GO,-16.71499337218427,-49.3200703269274,2,130.55
goiania,GO,-16.714468385196877,-49.28109451754623,6,639.5
goiania,GO,-16.714465008030757,-49.327121070586244,5,492.85
goiania,GO,-16.71320457550908,-49.262379033962155,2,254.0
goiania,GO,-16.711963839236137,-49.31154000591514,8,1203.38
goiania,GO,-16.711462089537843,-49.30572785049906,2,92.9
goiania,GO,-16.71002207103072,-49.26658700280381,8,2880.66
goiania,GO,-16.709891294544285,-49.28923525933082,10,827.79
goiania,GO,-16.709838643105893,-49.31122460336269,2,214.48
goiania,GO,-16.709762373308124,-49.366920896918224,1,59.9
goiania,GO,-16.709365340473,-49.1975910561448,6,454.08000000000004
goiania,GO,-16.709211352307044,-49.23842287446653,2,243.9
goiania,GO,-16.70902514453182,-49.323910301487906,2,146.89
goiania,GO,-16.70897417202083,-49.27664431838495,2,428.9
goiania,GO,-16.70863490451952,-49.328703508048655,10,626.99
goiania,GO,-16.70612897434552,-49.24875756948971,4,319.29
goiania,GO,-16.70400314978093,-49.28060059398651,2,98.99000000000001
goiania,GO,-16.701906867001895,-49.23957626513163,20,3942.1
goiania,GO,-16.70134827103603,-49.28351546573219,1,149.9
goiania,GO,-16.70093630270012,-49.30608420410633,1,35.9
goiania,GO,-16.70086835618917,-49.35416802043313,4,454.78000000000003
goiania,GO,-16.699544924229915,-49.25543716092916,12,2856.08
goiania,GO,-16.698891264432223,-49.29457247836524,10,1021.55
goiania,GO,-16.698300553288426,-49.25584062722183,6,530.86
goiania,GO,-16.697834278484013,-49.247262918023395,8,2901.4
goiania,GO,-16.697612100696873,-49.27577399197889,8,458.65999999999997
goiania,GO,-16.69718853812259,-49.289033478030866,2,476.62
goiania,GO,-16.696727724111284,-49.2674489444962,6,391.3
goiania,GO,-16.696447842301087,-49.26209067181978,6,412.68
goiania,GO,-16.696446874943895,-49.26452440440847,3,246.7
goiania,GO,-16.696096201390606,-49.252416865942784,4,344.65
goiania,GO,-16.69573426062784,-49.221718498538536,1,64.99
goiania,GO,-16.695508962667134,-49.277109131763886,15,2201.12
goiania,GO,-16.69482039180751,-49.25616510947946,3,538.88
goiania,GO,-16.69394476413473,-49.2969943378018,2,1319.0
goiania,GO,-16.69336005970109,-49.21446065106896,7,522.77
goiania,GO,-16.691109084528954,-49.24054057449684,3,431.96
goiania,GO,-16.689657806719918,-49.22902580459144,1,199.0
goiania,GO,-16.689512263873446,-49.272144527420046,6,724.55
goiania,GO,-16.689185811198072,-49.31369512782823,1,108.0
goiania,GO,-16.688905322733053,-49.267127845053665,5,844.37
goiania,GO,-16.687421743178653,-49.31068635854908,5,352.68
goiania,GO,-16.687175140273464,-49.25652819246045,2,157.8
goiania,GO,-16.68706286241313,-49.22689534410131,1,119.99
goiania,GO,-16.68666557487626,-49.27229649367005,2,194.5
goiania,GO,-16.686011863427215,-49.23919868328363,3,285.89
goiania,GO,-16.68590385978021,-49.35006710056193,4,753.69
goiania,GO,-16.68535479974548,-49.264542877252936,5,885.8499999999999
goiania,GO,-16.684216006516777,-49.25149268540781,1,325.0
goiania,GO,-16.682359806460134,-49.29749771144138,3,602.79
goiania,GO,-16.68228218508936,-49.20399988653475,3,603.55
goiania,GO,-16.681754011637594,-49.240674491275534,4,1271.8
goiania,GO,-16.681334149693438,-49.31282610775269,3,329.6
goiania,GO,-16.681212867089997,-49.27788339722137,4,418.69
goiania,GO,-16.680719112877355,-49.25691148073302,2,91.8
goiania,GO,-16.68067771107654,-49.269496822210606,4,283.84000000000003
goiania,GO,-16.679322780960437,-49.33263197575758,1,41.99
goiania,GO,-16.678633808573075,-49.28310419432188,3,1006.88
goiania,GO,-16.678496001903223,-49.25930704288479,5,698.4
goiania,GO,-16.67846034804844,-49.31363765900211,1,76.99
goiania,GO,-16.677825590799745,-49.27463682494721,3,234.5
goiania,GO,-16.677004194893133,-49.34352470525766,1,144.99
goiania,GO,-16.67697914385229,-49.244250751815265,3,124.88
goiania,GO,-16.676626307037036,-49.25349146468982,5,284.6
goiania,GO,-16.67650093720174,-49.378716042450286,1,284.9
goiania,GO,-16.676013639357656,-49.3228312651885,1,149.7
goiania,GO,-16.67515266619978,-49.23302802843983,1,138.98
goiania,GO,-16.67484201568319,-49.21522411964593,4,511.38
goiania,GO,-16.674650277962446,-49.2373079636329,11,1029.85
goiania,GO,-16.67374255685455,-49.25988647102137,5,519.59
goiania,GO,-16.673518642486997,-49.25667111222452,1,119.99
goiania,GO,-16.672833253708525,-49.26887276585588,9,1750.67
goiania,GO,-16.672278274900005,-49.258821727050325,4,186.8
goiania,GO,-16.671819265551303,-49.30710583872283,1,122.99
goiania,GO,-16.67096192301545,-49.22170794411681,2,116.8
goiania,GO,-16.670939535346236,-49.294689904516964,1,94.99
goiania,GO,-16.670509402397055,-49.2467632987768,2,98.89
goiania,GO,-16.670061914028363,-49.27721337910691,2,67.85
goiania,GO,-16.66956866243249,-49.268831397978886,6,1165.5900000000001
goiania,GO,-16.667647624825875,-49.2602848147495,1,112.9
goiania,GO,-16.667519408202885,-49.24585304428769,1,90.0
goiania,GO,-16.66725819157443,-49.242590940069036,1,19.9
goiania,GO,-16.66674998628716,-49.257193485425525,4,645.71
goiania,GO,-16.666563760785795,-49.22595971020646,9,1209.48
goiania,GO,-16.66516567429145,-49.30168105114982,2,135.89000000000001
goiania,GO,-16.664457060457906,-49.244692822032036,4,398.78
goiania,GO,-16.66421284900217,-49.2821053072644,1,19.9
goiania,GO,-16.663296684001192,-49.301598085417595,2,132.99
goiania,GO,-16.663213908866727,-49.31157612043736,1,50.0
goiania,GO,-16.662781509499517,-49.223906709934305,3,322.69
goiania,GO,-16.661323609175565,-49.3851159045077,3,189.7
goiania,GO,-16.660747400237423,-49.239599152793524,4,667.8
goiania,GO,-16.660541603780384,-49.26213910475998,2,538.9
goiania,GO,-16.659796248798504,-49.330636936633915,8,1098.8600000000001
goiania,GO,-16.659396369821284,-49.27380796092449,2,484.0
goiania,GO,-16.658608775902827,-49.33363944072908,3,746.49
goiania,GO,-16.658019491866618,-49.301818974034504,2,277.9
goiania,GO,-16.657355682085818,-49.19115791963882,2,54.879999999999995
goiania,GO,-16.657250325367887,-49.32395759165187,2,80.2
goiania,GO,-16.65503281560373,-49.27969000925692,3,378.9
goiania,GO,-16.6549307069513,-49.24207933928534,16,2256.98
goiania,GO,-16.653173256578288,-49.25594512996922,3,230.48999999999998
goiania,GO,-16.652249426442022,-49.321532829377134,1,2198.0
goiania,GO,-16.651494591205964,-49.19094618625632,2,748.89
goiania,GO,-16.651262554205353,-49.21130465039411,2,135.9
goiania,GO,-16.651041561786958,-49.26760960542054,4,411.88
goiania,GO,-16.65002545878358,-49.299486410960924,3,458.89
goiania,GO,-16.648564192885736,-49.23674993967181,1,200.0
goiania,GO,-16.64830210545012,-49.33163524812578,5,944.89
goiania,GO,-16.647936538058026,-49.259765489614956,2,62.19
goiania,GO,-16.645811671754984,-49.201663822441006,1,56.3
goiania,GO,-16.645346414924667,-49.18535459775117,3,387.63
goiania,GO,-16.64497265708055,-49.17876512325008,1,59.0
goiania,GO,-16.640574122551232,-49.27648326906267,7,691.71
goiania,GO,-16.63974383846163,-49.24067488899073,3,274.9
goiania,GO,-16.63879408597771,-49.32572879849124,2,235.9
goiania,GO,-16.63857937649734,-49.28358339694993,2,246.14
goiania,GO,-16.637146841090726,-49.25143269112234,7,2258.92
goiania,GO,-16.636370092812044,-49.3015026495666,2,119.8
goiania,GO,-16.63256355398043,-49.23586335032486,2,188.9
goiania,GO,-16.632315440775844,-49.258279550438246,9,611.64
goiania,GO,-16.630814427193116,-49.35771804873692,3,263.9
goiania,GO,-16.628644840544865,-49.256995587863635,2,315.3
goiania,GO,-16.625931819753774,-49.29337699535483,3,476.78999999999996
goiania,GO,-16.62370480842957,-49.216480053736575,3,640.4599999999999
goiania,GO,-16.62168835330212,-49.30102896874757,2,112.99
goiania,GO,-16.62143581551251,-49.25408690602059,3,433.9
goiania,GO,-16.621346729888206,-49.21742374355863,3,1097.99
goiania,GO,-16.62049778325646,-49.31927701031583,3,322.99
goiania,GO,-16.620062076963105,-49.29294123822408,4,403.9
goiania,GO,-16.61303287034048,-49.31566265287885,3,466.98
goiania,GO,-16.6125226346468,-49.29609126429586,2,1772.0
goiania,GO,-16.612175313630086,-49.34450462593638,3,530.9
goiania,GO,-16.611887681364703,-49.218756812076435,3,449.2
goiania,GO,-16.61118365099743,-49.3256778874885,7,1091.76
goiania,GO,-16.61032755468738,-49.34744430637364,1,189.0
goiania,GO,-16.600289680945227,-49.21073105723126,3,229.6
goiania,GO,-16.590137258002194,-49.28149475490833,1,34.3
goiania,GO,-16.58985882611884,-49.35393311770464,6,685.37
goiania,GO,-16.55617790399998,-49.244785999999976,1,19.99
goianinha,RN,-6.268847246693896,-35.20896179362485,3,325.3
goianira,GO,-16.51328325061693,-49.420950494453805,8,853.8100000000001
goianorte,TO,-8.77403362277547,-48.93506587266363,2,184.99
goias,GO,-15.938605999778817,-50.142780792093696,8,1084.21
goiatuba,GO,-18.010414587983583,-49.379212135853756,10,2347.44
goioere,PR,-24.185936255296784,-53.02562860417749,11,1935.28
goitacazes,RJ,-21.96780564645769,-41.54848866875676,11,1116.3400000000001
goncalves,MG,-22.6596882553007,-45.854588132508816,3,356.9
goncalves dias,MA,-5.155080975711676,-44.2998806578677,1,65.0
gongogi,BA,-14.324173723619397,-39.46617528490307,1,29.99
gouveia,MG,-18.47081366941407,-43.76101364847365,4,936.96
governador celso ramos,SC,-27.34336738228262,-48.55333035089985,3,389.97
governador dix-sept rosado,RN,-5.450871034590359,-37.524499346387095,1,159.9
governador eugenio barros,MA,-5.325737636004153,-44.23392915467154,1,346.32
governador lindenberg,ES,-19.252721480274865,-40.46099131352969,2,101.97
governador mangabeira,BA,-12.601161055340533,-39.04582470442742,1,98.0
governador portela,RJ,-22.476992225389477,-43.499274199645704,4,349.8
governador valadares,MG,-18.900232176459273,-41.95066081031387,1,149.9
governador valadares,MG,-18.898725451617068,-41.95655619585597,1,93.0
governador valadares,MG,-18.89674278364268,-41.978873596876205,10,1297.5900000000001
governador valadares,MG,-18.89622664853716,-41.949525597604165,3,259.8
governador valadares,MG,-18.88547551320914,-41.94732216443707,6,806.66
governador valadares,MG,-18.87778903213557,-41.96768559582239,2,996.9
governador valadares,MG,-18.87264083622994,-41.97342179103578,5,1827.39
governador valadares,MG,-18.870309977958303,-41.95616386009414,7,859.49
governador valadares,MG,-18.867254909804355,-41.961041333872,7,618.16
governador valadares,MG,-18.861292240791727,-41.9658238770596,5,494.78000000000003
governador valadares,MG,-18.859976311157332,-41.93810116318081,17,2518.25
governador valadares,MG,-18.858920487642816,-41.97196871246966,2,309.9
governador valadares,MG,-18.858110755130163,-41.957060186727375,2,667.9
governador valadares,MG,-18.85534971833755,-41.946521089617654,31,3548.48
governador valadares,MG,-18.85456305678968,-41.95002106479901,3,214.88
governador valadares,MG,-18.847345739726606,-41.96157744466709,1,35.0
governador valadares,MG,-18.84657108593826,-41.953910107785326,5,285.21
governador valadares,MG,-18.845659480687907,-41.97669339720425,2,208.9
governador valadares,MG,-18.84350584549893,-41.95847366467953,14,1840.87
governador valadares,MG,-18.84256481211521,-41.9112534450845,1,99.0
governador valadares,MG,-18.842317230451926,-41.95296690372804,3,257.49
governador valadares,MG,-18.841477898527227,-41.93270922073151,3,173.8
governador valadares,MG,-18.84003277555964,-41.97076029278948,2,174.0
governador valadares,MG,-18.83962666247476,-41.911645190026334,1,369.0
graccho cardoso,SE,-10.22917261887537,-37.19691670316733,1,610.0
grajau,MA,-5.817305107497372,-46.145619493592214,5,652.79
gramado,RS,-29.38173761566205,-50.87401159925631,29,3123.34
gramado dos loureiros,RS,-27.441895840657565,-52.91480070999014,1,209.99
gramado xavier,RS,-29.26947082814445,-52.57834116709621,1,52.9
grandes rios,PR,-24.15085116275822,-51.496235514159395,2,128.99
granja,CE,-3.1306389318396124,-40.84321613776741,5,460.68
grao mogol,MG,-16.515562006115424,-42.860265721681465,3,899.8
grao para,SC,-28.184383685539295,-49.21618662024598,3,220.8
gravata,PE,-8.212107058383987,-35.56693453071326,3,1047.8899999999999
gravata,PE,-8.210337611133573,-35.579983281493035,2,234.8
gravata,PE,-8.20074846144383,-35.569753226592724,2,148.6
gravata,PE,-8.197693541364536,-35.55824465353485,3,374.9
gravatai,RS,-29.95452750704894,-50.97431624735539,5,609.5899999999999
gravatai,RS,-29.947845577138708,-50.95215013215112,2,599.99
gravatai,RS,-29.945227229326854,-50.97188232550285,4,268.6
gravatai,RS,-29.94499376975962,-51.04869510719994,5,370.78
gravatai,RS,-29.943998462933838,-50.9992667557947,5,325.29
gravatai,RS,-29.940928613168726,-51.034881060022386,2,160.89
gravatai,RS,-29.940452855545605,-50.9921370357287,10,2035.0
gravatai,RS,-29.940221835783404,-50.95795264070492,2,1544.98
gravatai,RS,-29.93975602336458,-51.02917141363922,3,1570.9299999999998
gravatai,RS,-29.93967523638073,-51.04468223577052,2,119.80000000000001
gravatai,RS,-29.939437762555936,-51.01446695995107,7,730.88
gravatai,RS,-29.939102125987592,-51.0515669964755,1,24.12
gravatai,RS,-29.938661909759755,-51.068768230578186,3,529.38
gravatai,RS,-29.937798246320515,-51.0632787125272,3,292.79
gravatai,RS,-29.934890349275758,-51.00227876459274,3,253.70000000000002
gravatai,RS,-29.931409815780693,-50.99177359589995,2,323.0
gravatai,RS,-29.93077036765025,-51.02479078831666,8,882.5699999999999
gravatai,RS,-29.92864781566425,-51.05153568718242,2,1590.94
gravatai,RS,-29.925661733440098,-51.040177119023724,1,49.9
gravatai,RS,-29.924340325762163,-50.964282861727106,1,89.9
gravatai,RS,-29.923244128317855,-51.06482688711355,5,1950.79
gravatai,RS,-29.922319959121168,-51.03657761848238,2,126.25999999999999
gravatai,RS,-29.921478376152496,-51.0176361064708,6,656.45
gravatai,RS,-29.92131154281601,-50.908272282729904,6,1053.99
gravatai,RS,-29.921085540874063,-50.99969837302634,4,209.28
gravatai,RS,-29.92048704546819,-51.05971169945323,5,947.0799999999999
gravatai,RS,-29.91351711654597,-51.050509258484965,2,249.98000000000002
gravatai,RS,-29.91155743531841,-51.060818761361546,4,335.72
gravatai,RS,-29.904968011596182,-51.027473783190786,3,254.8
gravatai,RS,-29.888211440561268,-50.998469355018486,3,433.64
gravatal,SC,-28.328525261018964,-49.049950172418896,6,1260.27
groairas,CE,-3.916800670844612,-40.38577720902622,1,152.15
grupiara,MG,-18.497290375148705,-47.722931665761166,1,129.94
guabiju,RS,-28.542458167831455,-51.691383578716206,1,33.6
guabiruba,SC,-27.08859875159925,-48.97959805947018,5,688.78
guacui,ES,-20.772595022149183,-41.67503440435154,16,3797.29
guadalupe,PI,-6.795479563943147,-43.58669258623527,4,1313.7
guaiba,RS,-30.121449870629622,-51.336325678972145,31,5417.51
guaicara,SP,-21.62209955605368,-49.7959617756038,8,767.23
guaira,PR,-24.08674452889675,-54.25118501409774,7,820.48
guaira,SP,-20.3249901235719,-48.320131288780836,36,3698.54
guairaca,PR,-22.938666076014126,-52.68734913823053,1,63.8
guaiuba,CE,-4.044251951370843,-38.64285520147742,2,695.0
guajara-mirim,RO,-10.777060832690173,-65.32207707200787,3,118.89
guamare,RN,-5.114496526784273,-36.32302709972073,2,156.8
guamiranga,PR,-25.190694754814267,-50.80936362188927,1,214.0
guanambi,BA,-14.223207197286886,-42.78339770003472,36,4189.81
guanhaes,MG,-18.775765183946625,-42.93166199720478,18,1931.45
guape,MG,-20.761896064993767,-45.92560939533259,1,176.96
guapiacu,SP,-20.79454306878388,-49.224623059021205,6,906.98
guapiara,SP,-24.187719198391974,-48.53143054189904,3,210.29000000000002
guapimirim,RJ,-22.617931893774944,-43.00412879602773,4,527.7
guapimirim,RJ,-22.551014931094276,-42.984420499067156,3,129.9
guapimirim,RJ,-22.528934117386,-42.98544280263765,1,124.99
guapimirim,RJ,-22.527718078493137,-42.978266279510706,11,1815.77
guapimirim,RJ,-22.514546657287838,-42.96902750677734,2,368.9
guapirama,PR,-23.51568493781539,-50.04347664703914,1,89.9
guapo,GO,-16.836710815613895,-49.53609910657,6,757.89
guapore,RS,-28.847955903125886,-51.8917464129751,18,3153.15
guara,DF,-15.842610145347995,-47.97578274752617,2,88.78999999999999
guara,SP,-20.43217689916522,-47.82416381617847,7,842.8
guarabira,PB,-6.85209256062919,-35.4909215116945,10,1239.68
guaracai,SP,-21.03322283931103,-51.20801738963666,5,541.49
guaraci,PR,-22.969028373257917,-51.64818265462178,2,651.9
guaraci,SP,-20.49622493354951,-48.94544905011795,2,479.79999999999995
guaraciaba,MG,-20.57178137070997,-43.009719663080894,2,199.8
guaraciaba,SC,-26.599020645880792,-53.52117874337839,1,54.9
guaraciaba do norte,CE,-4.168617502766975,-40.767751448918865,4,605.15
guarai,TO,-8.839751857914735,-48.508516745825716,4,1156.6
guaramirim,SC,-26.473533296244547,-48.983797686859155,13,1377.08
guaranesia,MG,-21.301969203940768,-46.79344313786243,9,805.5799999999999
guarani,MG,-21.35615246227957,-43.04869152191265,7,2164.42
guarani das missoes,RS,-28.143666211720422,-54.55843651763893,2,68.66
guaraniacu,PR,-25.100336231545356,-52.868746178176,5,385.96999999999997
guaranta,SP,-21.894657525052196,-49.589140124912454,5,569.29
guaranta do norte,MT,-9.948276680421024,-54.9012704789378,5,393.87
guarapari,ES,-20.71723806255909,-40.52427446576242,3,197.9
guarapari,ES,-20.682436549079334,-40.51920110877143,3,239.8
guarapari,ES,-20.681936090284385,-40.509123735782595,3,171.4
guarapari,ES,-20.67639066312762,-40.517395414282156,1,54.9
guarapari,ES,-20.672233323434526,-40.50002482393178,12,2242.2
guarapari,ES,-20.665295028085634,-40.50724705161458,7,1079.5
guarapari,ES,-20.660216764966027,-40.49856289244473,13,1787.72
guarapari,ES,-20.654321414730862,-40.49021162512816,1,74.67
guarapari,ES,-20.65299858613494,-40.48707808325542,19,4285.83
guarapari,ES,-20.642418803292,-40.50006739895994,2,104.5
guarapari,ES,-20.641715958754293,-40.51512444469158,1,199.0
guarapari,ES,-20.640760964315994,-40.50899384799111,1,56.99
guarapua,SP,-22.250351684575868,-48.38464116202757,1,60.0
guarapuava,PR,-25.41945323552202,-51.48277456650597,3,114.88
guarapuava,PR,-25.41503045475456,-51.47454311757262,1,60.0
guarapuava,PR,-25.409432142307576,-51.48719735186221,3,167.8
guarapuava,PR,-25.405294471605643,-51.47110531346173,7,717.69
guarapuava,PR,-25.40355863499577,-51.460133499312654,2,334.0
guarapuava,PR,-25.402663539856604,-51.49800444213825,1,18.9
guarapuava,PR,-25.397593961268882,-51.49119489422802,2,589.2
guarapuava,PR,-25.3926732460647,-51.449972763254095,4,1477.5500000000002
guarapuava,PR,-25.392188407011385,-51.466966826576034,15,2253.66
guarapuava,PR,-25.384851326780684,-51.47851782716428,6,545.5
guarapuava,PR,-25.382309816870258,-51.45456651508261,3,413.5
guarapuava,PR,-25.377162064975646,-51.443975959134626,2,224.89000000000001
guarapuava,PR,-25.376836284646043,-51.489774122790465,4,749.5799999999999
guarapuava,PR,-25.376457454629428,-51.48160830153171,3,296.9
guarapuava,PR,-25.371343046739927,-51.469223356524786,4,297.6
guarapuava,PR,-25.360575761057838,-51.456764471427334,1,99.0
guarapuava,PR,-25.36029819677997,-51.43808091406989,1,99.9
guaraquecaba,PR,-25.29716208409316,-48.324484470429816,1,49.9
guarara,MG,-21.728990777739167,-43.041786807641536,2,501.99
guararapes,SP,-21.250586660628578,-50.6464450392542,18,1220.84
guararema,SP,-23.404915542335686,-46.04306997289354,11,1189.56
guaratinga,BA,-16.583956840301944,-39.781496934200064,2,42.99
guaratingueta,SP,-22.82570251752049,-45.190396155703745,6,290.65
guaratingueta,SP,-22.818514679065785,-45.19467054021875,3,1642.19
guaratingueta,SP,-22.815724084859628,-45.18355793837524,7,639.69
guaratingueta,SP,-22.81405397128306,-45.19921598376671,4,423.8
guaratingueta,SP,-22.8131993917351,-45.192349595239556,4,471.79
guaratingueta,SP,-22.812804739016812,-45.17479404418047,1,72.5
guaratingueta,SP,-22.806655722449275,-45.23958710021273,3,289.96
guaratingueta,SP,-22.805762553276395,-45.193135141371066,15,2649.7400000000002
guaratingueta,SP,-22.804121098710276,-45.178067083132866,2,104.80000000000001
guaratingueta,SP,-22.803475654213806,-45.210650615598176,3,282.39
guaratingueta,SP,-22.80137351233121,-45.18764504935384,4,1096.81
guaratingueta,SP,-22.80001317939465,-45.207016929881995,2,168.9
guaratingueta,SP,-22.796690662075964,-45.19762460671174,5,888.67
guaratingueta,SP,-22.79660286583244,-45.22531925088038,3,786.91
guaratingueta,SP,-22.79612260022051,-45.18345967035635,6,659.2
guaratingueta,SP,-22.7870893310077,-45.149407139934816,4,380.99
guaratingueta,SP,-22.786431160715043,-45.182986457727914,5,475.02
guaratingueta,SP,-22.786281612566242,-45.22834581248162,2,137.76
guaratingueta,SP,-22.78457612899693,-45.15682180275243,5,1212.99
guaratingueta,SP,-22.779316331117535,-45.198934037025474,5,884.67
guaratingueta,SP,-22.778161755463493,-45.20773514694765,6,1137.79
guaratingueta,SP,-22.77706694665691,-45.18461849564355,1,53.9
guaratuba,PR,-25.887866961664873,-48.58448614693002,9,1821.8799999999999
guarda-mor,MG,-17.769317756643446,-47.09820110670162,2,83.9
guarei,SP,-23.37043312563561,-48.18287212973659,5,1098.29
guariba,SP,-21.36350170979939,-48.22960077888057,14,1608.43
guariroba,SP,-21.44830590538028,-48.57495884443414,2,289.99
guaruja,SP,-24.013551352695554,-46.28257370581273,2,66.8
guaruja,SP,-24.008101778173316,-46.27200201394743,26,3127.48
guaruja,SP,-23.997567056305247,-46.30320482972255,4,291.79
guaruja,SP,-23.995826199432805,-46.27873912129403,10,1907.29
guaruja,SP,-23.995219204417705,-46.259723485348914,23,2373.12
guaruja,SP,-23.993943564523676,-46.28488818653082,8,1371.12
guaruja,SP,-23.98761401331361,-46.2703660822602,18,1637.29
guaruja,SP,-23.983786906789252,-46.24074680750369,19,2598.73
guaruja,SP,-23.97915587674242,-46.228265226057,9,1166.88
guaruja,SP,-23.979090612559922,-46.205438402194986,14,2307.11
guaruja,SP,-23.976855419437417,-46.259849680321125,2,146.99
guaruja,SP,-23.9761179149753,-46.2200384397062,8,656.0699999999999
guaruja,SP,-23.973025603853962,-46.275265502365066,2,670.3299999999999
guaruja,SP,-23.971208395661478,-46.25152420256195,5,637.39
guaruja,SP,-23.969918602246146,-46.189098374700016,5,512.88
guaruja,SP,-23.964550695667054,-46.27876856476224,5,602.29
guaruja,SP,-23.96363889580412,-46.25211614556842,6,473.49
guaruja,SP,-23.96351925,-46.24482487499999,1,79.0
guaruja,SP,-23.9603639962603,-46.27825012976766,4,956.42
guaruja,SP,-23.95723957086806,-46.28496710191545,7,524.69
guaruja,SP,-23.95528317943591,-46.27386492315133,3,278.59000000000003
guaruja,SP,-23.95454349753292,-46.284612764805324,2,87.72
guaruja,SP,-23.95311968425569,-46.291039381080736,1,181.01
guaruja,SP,-23.953061896804826,-46.288223511279675,1,228.9
guaruja,SP,-23.94635085661444,-46.281306673301884,5,3137.49
guaruja,SP,-23.945473847773897,-46.28944883420094,10,716.58
guaruja,SP,-23.943377092119317,-46.19790613152642,9,1641.54
guaruja,SP,-23.94195407899811,-46.30256477959018,5,341.6
guaruja,SP,-23.936702982679112,-46.28689951416298,3,157.8
guaruja do sul,SC,-26.38789923557979,-53.52755352346349,4,331.44
guarulhos,SP,-23.503896658683402,-46.554524150411936,12,1295.84
guarulhos,SP,-23.499225247340785,-46.55493137161088,11,1716.01
guarulhos,SP,-23.495701380882306,-46.549602665929626,6,2193.7
guarulhos,SP,-23.493718851420677,-46.54618856351206,12,1627.68
guarulhos,SP,-23.48497650740309,-46.55173501816082,5,836.94
guarulhos,SP,-23.483299504583464,-46.55004826610958,4,890.78
guarulhos,SP,-23.48284143507815,-46.54345371819321,12,927.58
guarulhos,SP,-23.482750350701373,-46.550380147309866,3,331.98
guarulhos,SP,-23.48160906817956,-46.55328249672747,5,826.78
guarulhos,SP,-23.478910049737898,-46.538241484997265,9,807.3900000000001
guarulhos,SP,-23.477578195722135,-46.541043087692785,13,1625.39
guarulhos,SP,-23.47714402853587,-46.52291380507343,1,49.0
guarulhos,SP,-23.47604955504838,-46.55596000741832,5,1118.1599999999999
guarulhos,SP,-23.47538938651983,-46.5442506615344,8,671.0500000000001
guarulhos,SP,-23.47455695468453,-46.53762331956309,8,552.97
guarulhos,SP,-23.473003096218143,-46.53973190259569,5,453.12
guarulhos,SP,-23.47264130837401,-46.55405162314026,5,509.91
guarulhos,SP,-23.47198839337584,-46.52530159347152,2,291.99
guarulhos,SP,-23.47183449911026,-46.53025943975887,5,381.19
guarulhos,SP,-23.471205345281994,-46.47270968246172,1,97.5
guarulhos,SP,-23.469968817553365,-46.46639616483377,3,197.5
guarulhos,SP,-23.46961287649219,-46.537382611213914,17,1478.3400000000001
guarulhos,SP,-23.46870426001278,-46.516141894926825,1,110.32
guarulhos,SP,-23.468454700874048,-46.530869346909185,4,376.78000000000003
guarulhos,SP,-23.468065290973477,-46.53491516762795,5,372.09000000000003
guarulhos,SP,-23.46792290023141,-46.55076312380964,8,985.98
guarulhos,SP,-23.467667986562226,-46.52952854442159,2,123.79
guarulhos,SP,-23.467437119689198,-46.561126393674854,6,381.28
guarulhos,SP,-23.467220042735356,-46.52639447307488,3,371.48
guarulhos,SP,-23.46650324108299,-46.463473185643366,2,469.99
guarulhos,SP,-23.466105299674645,-46.55783693557415,9,808.2900000000001
guarulhos,SP,-23.46488958636906,-46.522337843863745,6,514.33
guarulhos,SP,-23.464532583478057,-46.47255767450617,4,169.29
guarulhos,SP,-23.46417836336766,-46.53933533349212,14,1572.8
guarulhos,SP,-23.463611332140694,-46.51767658255311,9,970.3100000000001
guarulhos,SP,-23.463482866237044,-46.545349680762584,7,470.38
guarulhos,SP,-23.462724463674117,-46.55217909250662,6,284.78
guarulhos,SP,-23.46240955571473,-46.47844700879272,1,254.0
guarulhos,SP,-23.46204920003212,-46.428988069965015,11,721.1800000000001
guarulhos,SP,-23.461065861049423,-46.534826052091766,11,2148.16
guarulhos,SP,-23.460297379673918,-46.56582663696089,5,308.09000000000003
guarulhos,SP,-23.4602660755833,-46.51550518209169,17,2277.15
guarulhos,SP,-23.459959958003186,-46.55243585387709,5,565.79
guarulhos,SP,-23.459865128060745,-46.440786302492555,11,898.1
guarulhos,SP,-23.459715743374666,-46.445198696474044,2,414.89
guarulhos,SP,-23.4580850527479,-46.414650955126504,3,449.79
guarulhos,SP,-23.457896264617634,-46.5406633899675,8,1378.44
guarulhos,SP,-23.457843678823895,-46.421026175697165,8,537.19
guarulhos,SP,-23.457326156626078,-46.4971501029648,29,2906.29
guarulhos,SP,-23.457187515666142,-46.50795526231964,11,1544.49
guarulhos,SP,-23.45716353928026,-46.55713536429094,6,524.77
guarulhos,SP,-23.455735213474664,-46.46413518042134,7,549.67
guarulhos,SP,-23.455428477203604,-46.437514934122724,8,785.68
guarulhos,SP,-23.4553157978349,-46.546837743602296,8,791.08
guarulhos,SP,-23.454908399942045,-46.52577153625234,9,1218.79
guarulhos,SP,-23.45480242605347,-46.456372001135,12,1418.72
guarulhos,SP,-23.45463848837876,-46.553199022534294,6,292.4
guarulhos,SP,-23.454433814037227,-46.52872503663371,9,1183.72
guarulhos,SP,-23.454106264103782,-46.51150346886087,12,1010.9200000000001
guarulhos,SP,-23.454083117540705,-46.427529784277596,7,1184.56
guarulhos,SP,-23.45350533151448,-46.562430775892885,5,704.82
guarulhos,SP,-23.45332396857464,-46.53993397498517,4,601.8
guarulhos,SP,-23.452264540060217,-46.4764407285649,7,758.77
guarulhos,SP,-23.45220266549706,-46.50643552039563,5,451.6
guarulhos,SP,-23.451973236755524,-46.55717167587118,8,2218.62
guarulhos,SP,-23.451319230943277,-46.55519810215574,6,2574.31
guarulhos,SP,-23.45129248165737,-46.53871046036948,6,567.87
guarulhos,SP,-23.45111206318409,-46.522941136953264,8,723.59
guarulhos,SP,-23.45076404650133,-46.5329045273347,12,1258.45
guarulhos,SP,-23.449907338966874,-46.562949176503835,7,977.49
guarulhos,SP,-23.44874587507587,-46.51798844272239,6,489.34000000000003
guarulhos,SP,-23.447963485352815,-46.438787646018866,16,1506.3400000000001
guarulhos,SP,-23.44779912579924,-46.5110506107013,4,298.9
guarulhos,SP,-23.4472850993467,-46.50247826035101,11,1253.54
guarulhos,SP,-23.447171757975305,-46.563156872689106,5,632.29
guarulhos,SP,-23.446977376078497,-46.42668333499848,21,1717.88
guarulhos,SP,-23.44689834148904,-46.41352622713192,6,784.86
guarulhos,SP,-23.446778360939213,-46.55543052276059,13,1474.24
guarulhos,SP,-23.44649199582464,-46.40862648755693,2,207.9
guarulhos,SP,-23.445655382252596,-46.54152485277399,10,1043.98
guarulhos,SP,-23.444939820442702,-46.5465812010128,16,2030.94
guarulhos,SP,-23.444882020817744,-46.52560802308752,5,451.68
guarulhos,SP,-23.44412578142203,-46.46754051268949,5,756.88
guarulhos,SP,-23.443466857712394,-46.55322071143854,13,1600.97
guarulhos,SP,-23.442890814200968,-46.506739029261254,9,1705.67
guarulhos,SP,-23.4426698623348,-46.46368170613942,7,850.07
guarulhos,SP,-23.442492952750705,-46.52064044471617,22,2268.78
guarulhos,SP,-23.441531630097046,-46.430015122088896,9,864.6800000000001
guarulhos,SP,-23.44053398829078,-46.462814633644335,6,1982.78
guarulhos,SP,-23.438736681339233,-46.42261867739057,6,546.38
guarulhos,SP,-23.438617388313443,-46.41287550304685,12,1009.84
guarulhos,SP,-23.437614532217214,-46.55022384630225,5,744.49
guarulhos,SP,-23.436711113694074,-46.51134032474465,7,2462.29
guarulhos,SP,-23.436537107307473,-46.54418094544431,18,1936.65
guarulhos,SP,-23.436153784043967,-46.55233201188836,3,215.98000000000002
guarulhos,SP,-23.435580032958242,-46.40226021813595,14,1820.89
guarulhos,SP,-23.434801385844278,-46.517025436548856,14,1289.91
guarulhos,SP,-23.43363735781087,-46.53377282479948,28,2804.17
guarulhos,SP,-23.433618823901714,-46.52525031483653,12,1322.38
guarulhos,SP,-23.431870441370236,-46.563143255154834,1,19.0
guarulhos,SP,-23.431867474054958,-46.434923088301026,23,1839.07
guarulhos,SP,-23.43080142098121,-46.429506788849984,6,404.96000000000004
guarulhos,SP,-23.42996353626274,-46.49796972916794,7,975.56
guarulhos,SP,-23.429463596313557,-46.54959010802119,9,456.34
guarulhos,SP,-23.428740081086243,-46.507542150017706,10,1934.92
guarulhos,SP,-23.428291489476532,-46.51318935670917,12,3264.23
guarulhos,SP,-23.42772117436937,-46.548093951750985,8,1121.44
guarulhos,SP,-23.425555705618997,-46.525291558030176,16,2553.09
guarulhos,SP,-23.42547707716589,-46.5506359001164,4,247.8
guarulhos,SP,-23.4249441083876,-46.42265741739796,11,926.55
guarulhos,SP,-23.422442304527213,-46.50115628342161,9,2384.36
guarulhos,SP,-23.421873727753525,-46.43689021198497,8,685.86
guarulhos,SP,-23.421321046125573,-46.43076901494269,8,762.86
guarulhos,SP,-23.420395048076976,-46.374965292016995,3,375.4
guarulhos,SP,-23.419826308104938,-46.39833472054659,2,108.9
guarulhos,SP,-23.41780922915544,-46.462966431005285,8,673.7199999999999
guarulhos,SP,-23.41769571482058,-46.39366632192205,1,87.0
guarulhos,SP,-23.416230403823395,-46.46758542137058,1,28.99
guarulhos,SP,-23.414620232376254,-46.495092724030165,12,1258.17
guarulhos,SP,-23.414531635047318,-46.49055875832872,18,3269.6
guarulhos,SP,-23.410633365293393,-46.44516359725996,11,894.65
guarulhos,SP,-23.40962038329087,-46.386426159871945,22,3352.3599999999997
guarulhos,SP,-23.409444143057964,-46.455488257016775,16,1539.06
guarulhos,SP,-23.409197574200494,-46.514932332050556,19,2310.4900000000002
guarulhos,SP,-23.409186987730674,-46.40211118633732,13,1309.07
guarulhos,SP,-23.405216064239422,-46.445482710763685,6,567.79
guarulhos,SP,-23.405071357071822,-46.47090013741646,15,1987.91
guarulhos,SP,-23.40404595977174,-46.418774323737615,10,1640.38
guarulhos,SP,-23.40069745064373,-46.39816504064931,10,1183.19
guarulhos,SP,-23.398249916913265,-46.43833843883128,19,2640.67
guarulhos,SP,-23.382468509230637,-46.403070622209825,3,256.99
guarulhos,SP,-23.378121872694653,-46.4483056349238,4,518.34
guarulhos,SP,-23.374335120612244,-46.44879012565877,1,179.9
guassusse,CE,-6.245078288454222,-38.91514533294594,1,149.9
guatapara,SP,-21.49647901357738,-48.030235561553184,1,75.0
guaxupe,MG,-21.305958369618207,-46.71407789047773,37,6081.17
guia lopes da laguna,MS,-21.465810035141246,-56.100716453723635,1,29.99
guidoval,MG,-21.151155225515186,-42.79789725788338,2,364.9
guimaraes,MA,-2.1312850313634097,-44.61132294153788,1,199.99
guimarania,MG,-18.84499471897389,-46.79528213304472,4,523.9
guiricema,MG,-21.00463525274551,-42.72034572426051,1,149.9
gurupi,TO,-11.736384825824498,-49.07067153341281,2,27.4
gurupi,TO,-11.731970118332466,-49.09439236330535,2,104.9
gurupi,TO,-11.729677283285708,-49.06142729879646,4,570.39
gurupi,TO,-11.729306647357241,-49.06673478500153,5,1042.55
gurupi,TO,-11.72888142752019,-49.07374490988662,5,2863.5899999999997
gurupi,TO,-11.727329209474192,-49.063604167553514,1,54.599999999999994
gurupi,TO,-11.72627952939958,-49.07357584667558,2,233.98
gurupi,TO,-11.723418073191725,-49.07349113344656,1,21.99
gurupi,TO,-11.708161598257645,-49.042058143796524,1,129.9
guzolandia,SP,-20.648744141754808,-50.65988903151416,1,101.62
heliopolis,BA,-10.678041392087644,-38.2827742057925,1,149.0
herculandia,SP,-22.003494865301867,-50.38773723913576,3,184.89000000000001
herval,RS,-32.024862536109026,-53.39285976614134,1,169.9
herval d'oeste,SC,-27.173580626008164,-51.49262118869298,9,1106.74
herveiras,RS,-29.455769003570744,-52.64869035735666,1,109.0
hidreletrica tucurui,PA,-3.765915836004837,-49.67587690467607,3,564.78
hidrolandia,CE,-4.4087870127259015,-40.403597696310186,7,953.77
hidrolandia,GO,-16.96259552661788,-49.229260118829394,1,58.99
hidrolina,GO,-14.72203312995615,-49.46887210409343,2,181.47
holambra,SP,-22.633046009436132,-47.05260391223774,23,2719.2
holambra ii,SP,-22.994218604184134,-47.5914471384281,5,919.68
horizonte,CE,-4.11023859583294,-38.48422485259107,1,13.65
horizonte,CE,-4.099228483297605,-38.49423860908341,4,506.34000000000003
horizontina,RS,-27.627277989445282,-54.31036031755507,7,576.54
hortolandia,SP,-22.89820867762602,-47.237755899494985,22,2109.65
hortolandia,SP,-22.896231986178805,-47.215792016041725,9,587.22
hortolandia,SP,-22.892791605649712,-47.17384949978643,29,2975.4700000000003
hortolandia,SP,-22.889982360458344,-47.19898012005198,26,4979.32
hortolandia,SP,-22.875117835341573,-47.233124468786635,5,291.3
hortolandia,SP,-22.87028331384691,-47.21241406363177,24,2332.74
hortolandia,SP,-22.855032497056975,-47.213030019592104,27,2949.45
hulha negra,RS,-31.401705514245453,-53.87636237472542,1,329.0
humaita,AM,-7.515035839188224,-63.020308663627866,4,285.85
humberto de campos,MA,-2.6262256796164127,-43.483555877271336,1,45.9
iacanga,SP,-21.89216326340061,-49.02157232007048,6,329.39
iaciara,GO,-14.100739692965762,-46.634243522419354,3,666.99
iacri,SP,-21.858044927179165,-50.688853689418565,2,56.98
iacu,BA,-12.771217629932794,-40.2098717811214,4,340.7
iapu,MG,-19.437654649170216,-42.21351665424961,4,383.15000000000003
iaras,SP,-22.871975474331105,-49.15636520455567,1,79.99
iati,PE,-9.055876450755328,-36.85541970739244,3,628.99
ibaiti,PR,-23.842128594602038,-50.19392933088925,11,1057.3600000000001
ibarama,RS,-29.42229433913953,-53.12734721645147,1,149.0
ibate,SP,-21.95050313682301,-48.00218930682391,12,1512.6
ibateguara,AL,-8.968582603504943,-35.92588221696495,2,75.9
ibatiba,ES,-20.233854705661063,-41.506817883423714,9,1518.78
ibema,PR,-25.11697346722494,-53.01516267584668,1,134.9
ibertioga,MG,-21.433481249136186,-43.96320596072962,1,162.5
ibia,MG,-19.515039180739823,-46.56160823512746,8,1367.29
ibiaca,RS,-28.057224427694077,-51.8561238492932,2,278.89
ibiai,MG,-16.86254234593388,-44.882300942726836,3,556.89
ibiajara,BA,13.001420173555276,-23.583939075194326,1,45.0
ibiam,SC,-27.180929526447667,-51.2373440328739,4,382.99
ibiapina,CE,-3.924749169815321,-40.893261936065585,3,197.89
ibiara,PB,-7.503534731556231,-38.40753533783616,1,278.0
ibiassuce,BA,-14.271363104530465,-42.257055285315005,2,164.5
ibicarai,BA,-14.864971995351361,-39.59078746382383,5,424.88
ibicare,SC,-27.090856611213432,-51.368779896982076,2,227.4
ibicoara,BA,-13.387054558687607,-41.317665709056534,3,299.2
ibicuitinga,CE,-4.968975917103503,-38.63460467283003,1,28.99
ibimirim,PE,-8.541240664805636,-37.69097342318878,3,294.79
ibipeba,BA,-11.615597324539957,-42.05524258283478,1,61.7
ibipitanga,BA,-12.880391836349748,-42.487106973852654,2,349.98
ibipora,PR,-23.269435103279353,-51.05294039540039,12,1303.38
ibira,SP,-21.08270714593196,-49.239534252796,6,739.83
ibiracatu,MG,-15.658948927022415,-44.15802205204321,1,129.99
ibiraci,MG,-20.46391948054387,-47.12569004208968,3,388.8
ibiracu,ES,-19.8315934465165,-40.37012574335158,1,27.3
ibiraiaras,RS,-28.371375016977016,-51.6369959466755,2,232.98
ibiraja,BA,-17.17175475870765,-40.25369276291474,2,277.95
ibirama,SC,-27.056581698958887,-49.525381289507145,13,1026.5
ibirapua,BA,-17.686704049320333,-40.10830512640589,1,122.99
ibirarema,SP,-22.81366708036613,-50.07278787064314,5,426.88
ibirataia,BA,-14.067913952984231,-39.63991258475436,2,52.8
ibirite,MG,-20.038329521039547,-44.05872019439919,2,249.9
ibirite,MG,-20.029091337907943,-44.06541316934687,3,210.89
ibirite,MG,-20.024469045189313,-44.06333063610682,1,1437.0
ibirite,MG,-20.02420253648774,-44.040673690799785,4,1280.8
ibirite,MG,-20.018449005061406,-44.06780303840637,11,993.57
ibirite,MG,-20.018093649998228,-44.091476185938205,9,542.4599999999999
ibirite,MG,-20.01604150250598,-44.07786927814821,2,443.9
ibirite,MG,-20.013645630860008,-44.07010945653083,1,899.0
ibirite,MG,-20.00997429755052,-44.08877691521847,1,79.9
ibirite,MG,-20.00697136653993,-44.04895788982015,2,309.99
ibirite,MG,-20.003944274940906,-44.06297274267365,4,242.79000000000002
ibirite,MG,-20.000674340369656,-44.086677135152854,1,110.0
ibirite,MG,-19.996579505720902,-44.07259035649539,1,47.49
ibirite,MG,-19.99340735019535,-44.06515205481119,3,249.99
ibirite,MG,-19.980579348933848,-44.064108845931,2,143.9
ibiruba,RS,-28.62920471972509,-53.098996288532234,20,3155.8
ibitiara,BA,-12.620603869118954,-42.23648302399432,1,118.9
ibitinga,SP,-21.75732063771276,-48.82974353343716,22,2911.26
ibitira,BA,-14.205943535785892,-42.11626073203683,1,399.0
ibitita,BA,-11.543743190919164,-41.9756783146835,1,1450.0
ibitiuva,SP,-19.886870655426726,-47.01635693205662,1,14.9
ibiuna,SP,-23.66029740274755,-47.21680387588347,31,3439.52
ibotirama,BA,-12.173954820936972,-43.21478059581289,7,3032.39
icapui,CE,-4.702908441503046,-37.374120813391684,5,454.25
icara,SC,-28.715980124328123,-49.299651376329926,21,2317.34
icarai de minas,MG,-16.215190864060187,-44.908151853991136,2,254.9
icaraima,PR,-23.39316294263535,-53.61950269661658,1,27.9
icatu,MA,-2.775034274041348,-44.05948689662217,1,778.0
icem,SP,-20.34044521838111,-49.19827509378191,9,885.97
ichu,BA,-11.747866378230363,-39.192356475836924,2,160.98000000000002
ico,CE,-6.400125364972757,-38.86025558900954,8,1990.88
iconha,ES,-20.78929879189499,-40.813398471593935,5,315.74
ielmo marinho,RN,-5.823806150301517,-35.552830968995934,2,148.70000000000002
iepe,SP,-22.660352151128926,-51.07532266006208,5,289.58
igaci,AL,-9.538272597390494,-36.63124087632698,2,319.89
igapora,BA,-13.775638024760488,-42.71408353477745,1,39.99
igaracu do tiete,SP,-22.516187213174263,-48.56280548602923,4,107.69
igarapava,SP,-20.04272970102337,-47.75051449522856,7,791.09
igarape,MG,-20.066757396501128,-44.306195752963056,9,1734.47
igarape-acu,PA,-1.1279582637701353,-47.61973920741049,1,69.0
igarape-miri,PA,-1.9798988374210003,-48.959710972774644,1,27.99
igarassu,PE,-7.872021106240439,-34.90857291252316,5,1097.6
igarassu,PE,-7.869868785626565,-34.90459867211154,3,479.89
igarassu,PE,-7.8447298588137615,-34.904992180909076,1,59.0
igarassu,PE,-7.830738785339764,-34.90745343677355,1,49.9
igarassu,PE,-7.8207618214384516,-34.915321130515665,1,139.99
igarata,SP,-23.20504089340484,-46.153200257829695,5,764.0899999999999
igaratinga,MG,-19.95489936249545,-44.70769798991146,1,253.52
igrapiuna,BA,-13.822787464806243,-39.14218825449215,1,29.99
igreja nova,AL,-10.127806364224021,-36.656142812793526,2,208.0
igrejinha,RS,-29.571977530057968,-50.79472976396335,17,1173.03
iguaba grande,RJ,-22.839226507396567,-42.22206859801616,19,2348.6
iguai,BA,-14.753643482048275,-40.08891456033339,2,535.99
iguape,SP,-24.704619558438885,-47.55535990452377,14,1359.5700000000002
iguaracu,PR,-23.2009320730757,-51.829492726307095,2,525.7
iguatama,MG,-20.172208868562752,-45.71208159060175,3,299.0
iguatu,CE,-6.375823318432586,-39.299358527401864,2,1168.9
iguatu,CE,-6.370269705877298,-39.28864104418745,1,42.9
iguatu,CE,-6.366839525755704,-39.30504781053752,3,661.8
iguatu,CE,-6.359437670698037,-39.29189215047046,8,1664.69
iguatu,PR,-24.713108555774742,-53.08699618874637,1,137.9
ijui,RS,-28.38782850412007,-53.91593589989315,52,5584.45
ilha comprida,SP,-24.747920440490358,-47.556163577110816,3,212.98000000000002
ilha de itamaraca,PE,-7.757660338211557,-34.833207630287696,4,524.44
ilha dos valadares,PR,42.18400274298598,-8.723762147513938,1,67.99
ilha grande,PI,-2.852174529633772,-41.81217651338669,1,139.9
ilha solteira,SP,-20.42888720023577,-51.34047020675736,24,2299.44
ilhabela,SP,-23.814526222798346,-45.36872586432739,44,3180.38
ilheus,BA,-14.822844251231132,-39.03190895015059,9,1035.77
ilheus,BA,-14.822631477407281,-39.03422954662648,10,1194.58
ilheus,BA,-14.81167913063641,-39.03251508343138,11,948.52
ilheus,BA,-14.805137848703515,-39.03948412019607,2,175.87
ilheus,BA,-14.799150226418147,-39.034067101559344,9,1201.58
ilheus,BA,-14.796555996191131,-39.05971572855667,1,103.84
ilheus,BA,-14.796185351229548,-39.042784319956446,7,591.69
ilheus,BA,-14.790686534741052,-39.058519780467826,2,134.99
ilheus,BA,-14.79023086203583,-39.03518857861113,5,441.2
ilheus,BA,-14.785944847203499,-39.046682194107596,5,609.33
ilheus,BA,-14.778697541236195,-39.05732606895031,8,2109.39
ilhota,SC,-26.90254914135655,-48.82509102445541,4,749.1400000000001
ilicinea,MG,-20.940577532886604,-45.82723735222764,1,89.9
ilopolis,RS,-28.927862090986636,-52.126594374816946,3,181.8
imaculada,PB,-7.387134648529148,-37.508443536306565,3,340.89
imbau,PR,-24.448271673804697,-50.755240734688414,2,124.2
imbe,RS,-29.949823496703946,-50.11914007834461,13,2727.95
imbe de minas,MG,-19.60572642689479,-41.96759179041304,2,209.0
imbituba,SC,-28.231882617674767,-48.67933195388163,31,2968.47
imbituva,PR,-25.229677010502076,-50.603896895070974,8,740.6700000000001
imbuia,SC,-27.488732698081158,-49.422243993002034,4,1501.88
imigrante,RS,-29.345230455593615,-51.76658692040368,3,305.9
imperatriz,MA,-5.531371380875686,-47.47591736210575,3,212.88
imperatriz,MA,-5.526800124592478,-47.48297989847753,8,1570.28
imperatriz,MA,-5.520295274908874,-47.48297046080537,7,2928.7699999999995
imperatriz,MA,-5.519587721452728,-47.475125563615876,4,409.78999999999996
imperatriz,MA,-5.519211468900778,-47.46142831695123,4,716.37
imperatriz,MA,-5.516372073499848,-47.47687213887897,1,127.0
imperatriz,MA,-5.516082473097253,-47.48207354222857,7,669.74
imperatriz,MA,-5.511722806286151,-47.47664374197941,4,416.75
imperatriz,MA,-5.506636293632463,-47.47666734253774,2,119.80000000000001
inacio martins,PR,-25.57805435780927,-51.08117606039539,5,242.99
inaciolandia,GO,-18.48685825006419,-49.992163905602446,3,842.99
inaja,PE,-8.902054497556339,-37.82535105410673,2,369.4
inaja,PR,-22.751208440069732,-52.19832380000003,2,56.9
inconfidentes,MG,-22.319460242978675,-46.325909545234715,2,99.99000000000001
indaial,SC,-26.915132286188722,-49.22614086271315,3,178.89
indaial,SC,-26.902775560081714,-49.24222291742906,2,314.9
indaial,SC,-26.897558327582946,-49.21780331572602,1,179.9
indaial,SC,-26.897170432248814,-49.26679763648261,1,119.99
indaial,SC,-26.896164242640037,-49.23851117131639,14,1739.19
indaial,SC,-26.89486638902222,-49.250855221345034,3,746.97
indaial,SC,-26.880831504543035,-49.24204897407287,2,54.9
indaiatuba,SP,-23.134112877805087,-47.227975141375694,13,1512.27
indaiatuba,SP,-23.132701429408453,-47.18411391559099,2,244.72
indaiatuba,SP,-23.121257509071935,-47.1664214850952,4,1099.9
indaiatuba,SP,-23.117971321642283,-47.22778675742879,11,1162.45
indaiatuba,SP,-23.116824436901307,-47.248727687179695,1,59.9
indaiatuba,SP,-23.116399349149923,-47.23782654156258,54,6716.4800000000005
indaiatuba,SP,-23.106392237874648,-47.21535244981554,8,898.5
indaiatuba,SP,-23.10225857673757,-47.222378160361714,18,2208.9900000000002
indaiatuba,SP,-23.100489182783278,-47.2069414225915,13,1585.28
indaiatuba,SP,-23.098378596236117,-47.18299469206071,18,2648.15
indaiatuba,SP,-23.092115290171787,-47.20086129070291,17,2838.59
indaiatuba,SP,-23.088882070890165,-47.19267768262214,7,519.65
indaiatuba,SP,-23.0863391564841,-47.21688683643498,36,4478.69
indaiatuba,SP,-23.082208154800973,-47.20343252782786,15,2393.17
indaiatuba,SP,-23.075522001840213,-47.19699724754163,9,766.54
indaiatuba,SP,-23.074269544490605,-47.226835523578636,19,2995.75
indaiatuba,SP,-23.073328740576883,-47.21005965359054,10,2019.9
indaiatuba,SP,-23.062085819088384,-47.188515755072586,3,108.78
indaiatuba,SP,-23.06185340896599,-47.1686069990525,5,354.79
indaiatuba,SP,-23.05753412468932,-47.21804642138666,10,2071.1
independencia,CE,-5.395710522347874,-40.30955064934924,1,110.0
indiana,SP,-22.174900699885658,-51.2555370863029,3,343.89
indianopolis,MG,-19.036754375909265,-47.91834736041107,1,28.99
indianopolis,PR,-23.47947833132236,-52.697441776738174,4,262.79
indiapora,SP,-19.979386646547788,-50.28778912387406,3,356.67
indiara,GO,-17.14472752992358,-49.99164121081042,4,369.91
indiaroba,SE,-11.522596449776403,-37.50900137028286,1,48.0
inga,PB,-7.290068210889992,-35.606067849889854,1,130.0
ingai,MG,-21.40247034075929,-44.92081235917165,1,96.0
inhambupe,BA,-11.788063884310118,-38.35536601172614,7,1117.78
inhapi,AL,-9.222300970685877,-37.74833004472581,2,979.9
inhapim,MG,-19.546635831295774,-42.112670848873115,7,436.35
inhauma,MG,-19.49258174354208,-44.38846225483841,2,124.97999999999999
inhuma,PI,-6.666772166285078,-41.70839353165396,1,78.0
inhumas,GO,-16.361253921121996,-49.497142785853114,16,2210.83
inimutaba,MG,-18.731903239587755,-44.36179467409781,2,266.7
inocencia,MS,-19.74093790490921,-51.92984405697555,1,36.9
inubia paulista,SP,-21.769363742814342,-50.961958450969824,3,304.98
iomere,SC,-27.00190811571919,-51.24030088969536,1,49.0
ipaba,MG,-19.415825523070794,-42.41082528054917,8,1403.5
ipameri,GO,-17.708782130349086,-48.15033976578793,12,2100.55
ipanema,MG,-19.800222704580385,-41.71530616082554,7,3727.77
ipaporanga,CE,-4.908117299278558,-40.7625212685025,2,388.9
ipatinga,MG,-19.499290040031866,-42.54717532598181,42,5673.99
ipatinga,MG,-19.468786725450673,-42.56389478130509,92,10315.55
ipatinga,MG,-19.453667889493683,-42.5439422582471,35,5807.88
ipaumirim,CE,-6.790161423693346,-38.71890820584663,1,269.9
ipaussu,SP,-23.055151680595838,-49.62719098425694,7,1228.72
ipe,RS,-28.8019037608538,-51.28985837084383,2,173.9
ipecaeta,BA,-12.311407125375581,-39.30950897255724,1,23.4
ipero,SP,-23.36601727317898,-47.67562806835082,18,2659.28
ipiabas,RJ,-22.37702555839219,-43.86829218461353,4,568.87
ipiacu,MG,-18.692740606266046,-49.94357653927753,3,429.88
ipiau,BA,-14.134256363320024,-39.73628797573608,7,697.27
ipigua,SP,-20.659883297455895,-49.38823402308193,2,247.24
ipira,BA,-12.154533930203856,-39.74046054005801,6,3232.78
ipira,SC,-27.40628125772513,-51.77521527946808,2,130.2
ipiranga,PR,-25.022628757610597,-50.58376883432753,3,110.89
ipiranga de goias,GO,-15.1730986160153,-49.67208721976931,1,119.9
ipiranga do norte,MT,-12.209356507067444,-56.139264782373736,1,95.0
ipiranga do sul,RS,-27.936725922298304,-52.42664404208648,1,109.9
ipixuna do para,PA,-2.68947644474244,-47.63510776159873,2,188.0
ipojuca,PE,-8.441865196198224,-35.031331015635566,15,1530.3
ipora,GO,-16.439020898982182,-51.116655962451055,15,2025.99
ipora,PR,-24.004540233236433,-53.70900674902374,2,194.89000000000001
ipora do oeste,SC,-26.987999188007993,-53.532300990431125,6,509.85
ipu,CE,-4.327048757984197,-40.71134544089484,4,379.88
ipua,SP,-20.445531132262545,-48.01402332006467,4,2031.49
ipubi,PE,-7.6474488035825425,-40.15244315280836,3,400.47
ipueira,RN,-6.815904085880835,-37.19881332377273,1,169.99
ipueiras,CE,-4.543939654370731,-40.71363226856552,3,1547.29
ipuiuna,MG,-21.934313385009407,-46.126336868400706,1,169.9
ipumirim,SC,-27.075329065215705,-52.136377847019,5,281.41
ipupiara,BA,-11.819679206712275,-42.615964859907514,1,495.0
iracema,CE,-5.812281338381306,-38.31250474551004,2,229.9
iracemapolis,SP,-22.586590147687158,-47.514344852283166,18,1251.88
irai,RS,-27.195549163878507,-53.255200432922415,2,557.89
irai de minas,MG,-18.986054664753812,-47.4632510481309,2,414.89
iramaia,BA,-13.2937085863723,-40.957560340136084,2,154.9
irani,SC,-27.023931839576488,-51.89536408227146,4,294.39
irape,SP,-23.05780264486127,-49.73239519309951,2,379.98
irapua,SP,-21.279643359261573,-49.40931193941115,4,198.8
irapuru,SP,-21.567726660682457,-51.351473550151816,6,889.48
iraquara,BA,-12.246594899548208,-41.60307066374758,5,390.8
irara,BA,-12.04412989993678,-38.765646816856666,2,171.89000000000001
irati,PR,-25.474093335032038,-50.65035940195514,22,2455.22
iraucuba,CE,-3.7361797103332517,-39.78688653998331,2,189.89000000000001
irece,BA,-11.304164446373443,-41.855805030013435,13,1729.52
iretama,PR,-24.40993758440824,-52.10075796373303,1,117.3
irineopolis,SC,-26.2438077869753,-50.79739878403102,4,212.82
irupi,ES,-20.345803660646123,-41.64094155038808,2,242.99
isaias coelho,PI,-7.738536137932019,-41.67869040245638,1,170.0
ita,SC,-27.269215487652453,-52.33914527672702,3,317.89
itaara,RS,-29.5968016501597,-53.76801100248575,1,56.99
itabaiana,SE,-10.709892869428352,-37.42666985106891,1,624.19
itabaiana,SE,-10.68989648033541,-37.434890091230855,2,439.79999999999995
itabaiana,SE,-10.68603272438848,-37.42754801878445,10,1599.48
itabaiana,SE,-10.680958068698395,-37.43169605862568,2,462.29999999999995
itabaianinha,SE,-11.274805025431899,-37.79079538097516,2,157.8
itabatan,BA,-14.753813591640846,-39.23942497618024,2,154.98000000000002
itabela,BA,-16.576892351011832,-39.56007581891997,4,423.89
itabera,SP,-23.86523119516947,-49.140922471000636,7,1366.14
itaberaba,BA,-12.526110203660092,-40.30795839512631,9,989.26
itaberai,GO,-16.023821140278326,-49.800356385179654,6,1012.08
itabira,MG,-19.656050263828547,-43.22082015442794,5,478.8
itabira,MG,-19.655066456724327,-43.23395770447938,10,2775.1099999999997
itabira,MG,-19.65172684720128,-43.2051217375124,1,68.9
itabira,MG,-19.63079871695884,-43.222253680108224,61,6746.7
itabirinha,MG,-18.565779951585817,-41.23564099878552,1,108.0
itabirito,MG,-20.25306174547873,-43.8009689283785,28,5012.2300000000005
itaborai,RJ,-22.773459679480904,-42.91565441771825,3,485.88
itaborai,RJ,-22.77340230558587,-42.90984766620826,2,57.9
itaborai,RJ,-22.77209935726771,-42.92264307986124,6,512.78
itaborai,RJ,-22.758079138566366,-42.91063311206234,1,145.0
itaborai,RJ,-22.75677623430587,-42.855419742696405,12,1489.52
itaborai,RJ,-22.75411758328793,-42.88883553024611,1,260.0
itaborai,RJ,-22.750196280856517,-42.87187716603211,6,1169.7
itaborai,RJ,-22.747090526611107,-42.84342210737453,3,269.70000000000005
itaborai,RJ,-22.74248129310771,-42.85721075258665,10,1027.89
itaborai,RJ,-22.7395793666599,-42.84701335677763,2,254.98000000000002
itaborai,RJ,-22.735331489397932,-42.838837742593356,1,53.9
itaborai,RJ,-22.733731178875292,-42.93276530734327,2,95.9
itaborai,RJ,-22.729006918491564,-42.83466835876695,1,199.0
itaborai,RJ,-22.71538558398837,-42.806385841320235,2,153.8
itaborai,RJ,-22.7125342435385,-42.89540473111652,3,334.0
itaborai,RJ,-22.7113078008679,-42.87331425316652,1,45.9
itabuna,BA,-14.827390518995262,-39.31458263673463,1,138.0
itabuna,BA,-14.815189397765424,-39.302639877052215,1,529.0
itabuna,BA,-14.812767340239784,-39.28065106523353,1,299.9
itabuna,BA,-14.811347557808618,-39.301333879261435,1,309.0
itabuna,BA,-14.811226555231569,-39.27491386628392,5,497.79
itabuna,BA,-14.80476537790736,-39.26568764061605,4,232.76
itabuna,BA,-14.795317130407833,-39.270923292292814,15,1720.99
itabuna,BA,-14.79336529333062,-39.27845921988038,14,1971.64
itabuna,BA,-14.787110763242955,-39.28391263140741,6,1024.48
itabuna,BA,-14.781825151755086,-39.272771940444315,4,301.39
itabuna,BA,-14.776414874042906,-39.26576724881843,8,849.6
itacarambi,MG,-15.096620601254603,-44.10259566286277,3,339.79
itacare,BA,-14.279696054580537,-38.993800020520396,7,808.1899999999999
itacoatiara,AM,-3.1317886291397716,-58.431686830492836,1,57.98
itagi,BA,-14.16399588301195,-40.005566423648034,2,111.89000000000001
itagiba,BA,-14.264154547885603,-39.83383038322049,2,126.89000000000001
itagimirim,BA,-16.088461861107803,-39.614366066579244,1,129.9
itaguacu,ES,-19.792991958104,-40.85391940789055,7,1758.0300000000002
itaguacu,GO,-17.922965165021004,-49.95845944134867,2,82.89
itaguacu da bahia,BA,-11.009287926007138,-42.398968396755905,1,249.7
itaguai,RJ,-22.89560484133116,-43.84587026303256,4,246.45
itaguai,RJ,-22.885828313712473,-43.827855848193266,4,375.05
itaguai,RJ,-22.876635031970025,-43.80985126698182,3,234.8
itaguai,RJ,-22.872059666972863,-43.77093362835852,5,793.85
itaguai,RJ,-22.87093410934107,-43.76901268302672,10,1477.67
itaguai,RJ,-22.870305329108017,-43.79064137470553,1,249.9
itaguai,RJ,-22.86867015326329,-43.78013952780047,4,995.88
itaguai,RJ,-22.864749343835488,-43.767300984202556,5,573.14
itaguai,RJ,-22.86387076999147,-43.7592342671893,2,59.4
itaguai,RJ,-22.862780471644363,-43.78526762819197,4,522.4
itaguai,RJ,-22.861638585933978,-43.793426630645435,1,247.0
itaguai,RJ,-22.85534509298971,-43.76583456328473,1,89.0
itaguai,RJ,-22.8458671869452,-43.78333380428192,2,258.0
itaguaje,PR,-22.617406657292012,-51.96695092984485,2,138.8
itaguara,MG,-20.36383139609686,-44.43112862523979,2,48.89
itaguari,GO,-15.920650920587102,-49.60473019195852,1,887.0
itaguaru,GO,-15.761628318995127,-49.63356589227914,2,84.89
itai,SP,-23.418046558743534,-49.09104467317485,10,1757.5800000000002
itaicaba,CE,-4.686481431712241,-37.83091907935628,1,32.99
itaiopolis,SC,-26.34568104118662,-49.90830890118037,8,1313.5900000000001
itaipava,ES,-20.89832394853286,-40.780249109800266,4,406.84
itaipulandia,PR,-25.147980629391814,-54.30365145115528,6,195.17
itaitinga,CE,-3.9520219880929917,-38.52314840183595,3,558.9
itaituba,PA,-4.264413620372692,-55.9863459310792,3,243.88
itaja,GO,-19.065246951329033,-51.54855007399907,3,902.0
itajai,SC,-26.94374934078652,-48.72163589675504,2,133.99
itajai,SC,-26.939351585462536,-48.639367843516546,3,269.57000000000005
itajai,SC,-26.925711318255154,-48.67879375700889,6,342.69
itajai,SC,-26.923253324789698,-48.69584107679454,9,1031.97
itajai,SC,-26.917347700924555,-48.65985593471518,13,2031.53
itajai,SC,-26.91257382981319,-48.67397974813434,18,2149.67
itajai,SC,-26.91187688025883,-48.65639411001171,15,5224.99
itajai,SC,-26.903924810263682,-48.693049520860995,9,851.47
itajai,SC,-26.902953361410137,-48.67743433473837,5,1484.8
itajai,SC,-26.893329962007897,-48.675904107819036,10,1493.49
itajai,SC,-26.892637342495945,-48.69833814351686,15,2472.89
itajai,SC,-26.889239853015436,-48.7386808384952,5,558.88
itajai,SC,-26.884074363503007,-48.70582801300172,9,652.63
itajobi,SP,-21.31499774715289,-49.055417305075984,10,1653.95
itaju,SP,-21.98168379553046,-48.80533121116169,3,927.8
itaju do colonia,BA,-15.150717043705992,-39.68290974393466,1,39.9
itajuba,MG,-22.440063906975933,-45.471425359123955,6,754.57
itajuba,MG,-22.434827421253168,-45.45127149652402,14,1292.58
itajuba,MG,-22.43170384885132,-45.440524435496755,10,1567.43
itajuba,MG,-22.429258799219888,-45.476201055446914,8,3076.2
itajuba,MG,-22.42045305075037,-45.45300681310874,36,5090.02
itajuba,MG,-22.41978504655855,-45.46752604011172,18,1887.0
itajuipe,BA,-14.674935106787432,-39.37634349522606,3,734.49
italva,RJ,-21.423866388317172,-41.6919526852605,12,1243.09
itamaraju,BA,-17.036945722043964,-39.53454174478864,11,1304.23
itamarandiba,MG,-17.860280171639676,-42.86198587095291,8,1706.99
itamari,BA,-13.779543183726712,-39.6848542743481,3,268.98
itambacuri,MG,-18.037609416886355,-41.68236820339726,6,601.77
itambaraca,PR,-23.01751924067968,-50.40658794575256,2,269.8
itambe,BA,-15.245677323447492,-40.62366862989962,3,368.6
itambe,PE,-7.409554108222992,-35.114812943196775,3,259.88
itambe,PR,-23.658660754264183,-51.991129290623206,1,269.9
itamira,BA,-13.4688355351923,-39.240259895855324,2,55.9
itamogi,MG,-20.840858894177103,-46.79900585159346,2,229.9
itamonte,MG,-22.285425563590607,-44.86708746307188,10,883.15
itanhaem,SP,-24.18271029899566,-46.801838599988436,74,9727.09
itanhandu,MG,-22.296792750248095,-44.93676307851959,13,1830.08
itanhanga,MT,-12.230122745140665,-56.6483329182714,1,69.99
itanhem,BA,-17.153107268963442,-40.33242118872314,1,230.0
itanhomi,MG,-19.17032006670954,-41.86159132325711,4,308.55
itaobim,MG,-16.558301879745645,-41.503188943156474,6,866.9100000000001
itaoca,ES,-20.72583088209348,-41.134004948888325,2,404.9
itaoca,SP,-24.64010128808035,-48.83887484847451,1,55.8
itaocara,RJ,-21.678811801831813,-42.08575070529736,16,1720.65
itapaci,GO,-14.958343749279683,-49.54887228214086,3,237.8
itapage,CE,-3.6873325423106107,-39.58357917958479,1,159.99
itapagipe,MG,-19.901026410081517,-49.36882034374337,5,265.49
itapaje,CE,-3.6873325423106107,-39.58357917958479,6,3198.6800000000003
itaparica,BA,-12.898324480246515,-38.66868381743051,1,168.49
itape,BA,-14.895676991964441,-39.42531918821103,1,230.0
itapecerica,MG,-20.469754462066163,-45.12324240731254,13,1363.28
itapecerica da serra,SP,-23.762546190999625,-46.84418179337754,1,38.79
itapecerica da serra,SP,-23.759727865239057,-46.82518278210892,2,177.9
itapecerica da serra,SP,-23.756406552732624,-46.80987219291012,3,233.9
itapecerica da serra,SP,-23.75506760936832,-46.80088326811355,4,325.88
itapecerica da serra,SP,-23.746673636328303,-46.794149131020234,9,1035.74
itapecerica da serra,SP,-23.744201472044487,-46.80100029817254,3,350.89
itapecerica da serra,SP,-23.740323844601743,-46.89787469482508,1,99.99
itapecerica da serra,SP,-23.733398345385865,-46.851168485781756,4,102.6
itapecerica da serra,SP,-23.73077219306886,-46.877757024463904,1,99.9
itapecerica da serra,SP,-23.725755067967253,-46.81778681273399,2,141.89
itapecerica da serra,SP,-23.72405548820451,-46.856657311687464,4,285.79
itapecerica da serra,SP,-23.7180091150643,-46.85918098913876,7,562.1800000000001
itapecerica da serra,SP,-23.709826012178596,-46.85147897152708,13,1454.9
itapecerica da serra,SP,-23.709719233893054,-46.83396856758619,2,117.80000000000001
itapecerica da serra,SP,-23.70834331864816,-46.87719979382159,1,155.0
itapecerica da serra,SP,-23.707269671690494,-46.82548459506369,2,202.59
itapecerica da serra,SP,-23.70648922511832,-46.85894169652643,13,1077.01
itapecerica da serra,SP,-23.704727203219843,-46.79912967056022,2,118.89000000000001
itapecerica da serra,SP,-23.69512292627784,-46.82826995226252,6,583.58
itapecerica da serra,SP,-23.69311269079683,-46.806040956993094,5,366.1
itapecerica da serra,SP,-23.691841625936515,-46.8859295795987,1,159.9
itapecerica da serra,SP,-23.690827005152517,-46.85549014198164,5,456.79
itapecerica da serra,SP,-23.687012222701103,-46.86351883862124,2,251.0
itapecuru mirim,MA,-3.3903296903605975,-44.36667194900004,4,552.97
itapejara d'oeste,PR,-25.96607749114488,-52.82023637693803,6,1049.9
itapema,SC,-27.104775732474042,-48.62229620137128,44,6109.87
itapemirim,ES,-20.94924974603446,-40.807786824486705,4,372.70000000000005
itaperucu,PR,-25.213256266447722,-49.35231918774444,4,635.84
itaperuna,RJ,-21.20342798651726,-41.89346823832069,46,5563.58
itapetim,PE,-7.378575294274628,-37.191770872746766,2,280.8
itapetinga,BA,-15.25087590485796,-40.24424010376959,18,2727.12
itapetininga,SP,-23.617241145186423,-48.058288084587986,3,80.28999999999999
itapetininga,SP,-23.6012558848577,-48.07028912493733,7,2344.25
itapetininga,SP,-23.600898654442528,-48.051084299558745,1,21.0
itapetininga,SP,-23.596574876108352,-48.03418571426227,1,44.9
itapetininga,SP,-23.591793130884547,-48.068845061424454,7,994.4
itapetininga,SP,-23.58945381202406,-47.988820112558095,1,205.0
itapetininga,SP,-23.587565723331036,-48.04486901382985,19,2595.3
itapetininga,SP,-23.587188002777914,-48.019601752997474,4,163.3
itapetininga,SP,-23.584758339181793,-48.070515056506636,3,300.99
itapetininga,SP,-23.58432331879852,-48.03574646624629,5,1410.78
itapetininga,SP,-23.580989062893785,-48.05385572239794,5,492.79
itapetininga,SP,-23.578204457210294,-48.011988139338214,5,526.34
itapetininga,SP,-23.572676626984286,-48.023716785799934,6,657.02
itapetininga,SP,-23.571817551425642,-48.036049409514945,6,1366.79
itapetininga,SP,-23.562257623703044,-48.041533476767455,4,1029.73
itapeva,MG,-22.768385385405164,-46.222570842616626,5,275.7
itapeva,SP,-23.995618220685504,-48.90319573413267,2,93.8
itapeva,SP,-23.99559313293742,-48.885136846421126,8,598.78
itapeva,SP,-23.99433398373498,-48.87739015046108,3,219.8
itapeva,SP,-23.991275662762884,-48.86831285418365,1,29.9
itapeva,SP,-23.990010810909496,-48.89105652417942,5,409.8
itapeva,SP,-23.983249436265403,-48.87652512325583,14,1465.13
itapeva,SP,-23.983121609666224,-48.88894090646998,4,271.78999999999996
itapeva,SP,-23.982220681515305,-48.868094601358955,2,179.8
itapeva,SP,-23.977703048612355,-48.88707537194567,6,818.74
itapeva,SP,-23.97414802490568,-48.87104664329509,4,1564.8
itapeva,SP,-23.971421222299533,-48.88364222690317,3,707.89
itapevi,SP,-23.5861129154455,-46.965367053486965,6,465.59000000000003
itapevi,SP,-23.564964275872757,-46.975513090087,10,1711.44
itapevi,SP,-23.56417051426736,-46.97305614273437,12,1802.06
itapevi,SP,-23.557647455396502,-46.93978258666853,32,3326.73
itapevi,SP,-23.557297755021388,-46.92912815971817,7,1203.5900000000001
itapevi,SP,-23.55462513998646,-46.92343724780603,15,979.32
itapevi,SP,-23.548544564336588,-46.95578856634467,9,1044.25
itapevi,SP,-23.547427379696707,-46.971292765181836,2,33.74
itapevi,SP,-23.547053538149346,-46.92972088164855,11,745.67
itapevi,SP,-23.542790780743314,-46.9386624426971,13,911.46
itapevi,SP,-23.53957523907245,-46.96890371136734,5,579.89
itapevi,SP,-23.53890580587631,-46.924101281093506,20,1714.06
itapevi,SP,-23.53814048030504,-46.94609335645448,14,2396.62
itapevi,SP,-23.53749520048087,-46.95449251445778,5,552.27
itapevi,SP,-23.53518676079008,-46.97660825650473,7,784.78
itapevi,SP,-23.52825273711047,-46.94819676148815,1,47.49
itapevi,SP,-23.523945995127164,-46.941467620479735,1,49.95
itapicuru,BA,-11.309948380095937,-38.21951612249751,2,137.32999999999998
itapipoca,CE,-3.496197840386694,-39.58093372474767,10,1121.08
itapira,SP,-22.450686016642102,-46.804423016252535,8,656.74
itapira,SP,-22.446902718850183,-46.83664772084037,2,148.4
itapira,SP,-22.438586857786028,-46.82117857619129,8,1090.32
itapira,SP,-22.437809628313715,-46.828876395047814,13,2554.13
itapira,SP,-22.432932956159277,-46.81436237994546,8,935.9
itapira,SP,-22.423670477262608,-46.83237363814914,9,757.75
itapira,SP,-22.420274856978377,-46.82169871842941,4,789.7900000000001
itapiranga,SC,-27.17141341711411,-53.71479710792749,11,2667.18
itapirapua,GO,-15.818486836263315,-50.61773518037836,2,459.79999999999995
itapirapua paulista,SP,-24.566684155812514,-49.17994200783829,2,479.79999999999995
itapissuma,PE,-7.775111004572887,-34.897548064128834,3,290.8
itapitanga,BA,-14.426904795595107,-39.565674124064856,3,205.70000000000002
itapiuna,CE,-4.561920902281472,-38.9208509076592,2,54.980000000000004
itapoa,SC,-26.07645076671277,-48.611132718734666,9,849.67
itapolis,SP,-21.59434057175033,-48.8110842558583,28,3363.99
itapora,MS,-22.0757729596108,-54.788126738997065,3,197.88
itaporanga,PB,-7.305695022980931,-38.15173654384906,2,263.8
itaporanga,SP,-23.705464946211745,-49.48636347801798,12,2237.2799999999997
itaporanga d'ajuda,SE,-11.021379321312708,-37.324067404588725,1,159.99
itapui,SP,-22.23455857964727,-48.721835002175304,7,1307.09
itapura,SP,-20.64306258129077,-51.507083113089436,6,351.87
itapuranga,GO,-15.560605178412759,-49.94714060919716,6,800.88
itaquaquecetuba,SP,-23.50243054445295,-46.35358869190592,7,666.18
itaquaquecetuba,SP,-23.49889643158341,-46.35834167666946,3,94.03999999999999
itaquaquecetuba,SP,-23.496827770548947,-46.341815227767235,12,1525.14
itaquaquecetuba,SP,-23.49208198891801,-46.34993692750342,18,3875.14
itaquaquecetuba,SP,-23.488983987496376,-46.35738119832365,12,1463.6000000000001
itaquaquecetuba,SP,-23.48736938005588,-46.30162214604124,6,345.24
itaquaquecetuba,SP,-23.48611145466222,-46.36672076531711,13,1515.3
itaquaquecetuba,SP,-23.484245609022672,-46.33718618456458,3,379.8
itaquaquecetuba,SP,-23.481237681026695,-46.31574187234527,2,104.0
itaquaquecetuba,SP,-23.475560207306927,-46.35496713711065,2,78.99
itaquaquecetuba,SP,-23.47447986408073,-46.306470801924526,2,258.9
itaquaquecetuba,SP,-23.469204997987195,-46.38254469134296,1,44.99
itaquaquecetuba,SP,-23.467851905831598,-46.30348634925666,2,399.79999999999995
itaquaquecetuba,SP,-23.466988487507592,-46.32528745224138,5,352.68
itaquaquecetuba,SP,-23.46535113147831,-46.33959705106873,15,1178.12
itaquaquecetuba,SP,-23.461713456701865,-46.37583472461438,5,209.66000000000003
itaquaquecetuba,SP,-23.460085722998173,-46.32066987382232,2,165.4
itaquaquecetuba,SP,-23.457643035263192,-46.3542011196478,2,675.99
itaquaquecetuba,SP,-23.45287450317579,-46.30705679571748,2,157.99
itaquaquecetuba,SP,-23.451383818049496,-46.34347817457569,8,581.1800000000001
itaquaquecetuba,SP,-23.449962082419198,-46.35913785785097,3,117.89
itaquaquecetuba,SP,-23.445104372262907,-46.37446965996916,8,1223.8899999999999
itaquaquecetuba,SP,-23.43916869300753,-46.302161863788136,3,158.98000000000002
itaquaquecetuba,SP,-23.4391041730197,-46.2767499932185,2,54.8
itaquaquecetuba,SP,-23.438957791052466,-46.31928137845878,13,1324.35
itaquaquecetuba,SP,-23.431030687048217,-46.31623836570542,9,1184.88
itaquaquecetuba,SP,-23.427580132199022,-46.3465624292607,8,752.99
itaqui,RS,-29.132686047022418,-56.55202563098084,9,1154.38
itaquirai,MS,-23.47461326906396,-54.17928152488341,2,272.9
itaquitinga,PE,-7.666740539884647,-35.10280339470675,2,64.89
itarana,ES,-19.87731798944995,-40.8742054444434,3,789.37
itarantim,BA,-15.65454482787812,-40.06355057608777,3,478.97
itarare,SP,-24.11150288205772,-49.331432729703785,28,3915.3
itarema,CE,-2.9317494177419348,-39.90751859461361,1,72.9
itariri,SP,-24.290642394425944,-47.164350224471185,6,1259.32
itatiaia,RJ,-22.47929703113676,-44.55714132223876,18,1526.46
itatiaiucu,MG,-20.19934547890525,-44.42672589753471,2,129.9
itatiba,SP,-23.042647193781228,-46.84408199622023,19,2445.13
itatiba,SP,-23.012270229296206,-46.81354512889948,10,1854.24
itatiba,SP,-23.009699088836335,-46.854334509874796,19,2381.44
itatiba,SP,-23.003301740276893,-46.83771515499861,9,970.76
itatiba,SP,-23.002859858736702,-46.82420582829658,19,2115.29
itatiba,SP,-22.995761860301517,-46.83646157527841,5,895.42
itatiba,SP,-22.988257375889454,-46.85396269506087,7,772.78
itatiba,SP,-22.967798135167158,-46.80701951445389,9,614.25
itatiba do sul,RS,-27.38373094718698,-52.45613166957615,1,39.9
itatim,BA,-12.709999177087571,-39.69835905043796,3,312.69
itatinga,SP,-23.103265363450834,-48.61411255462107,4,1760.15
itau,RN,-5.840833708021792,-37.99304778263783,2,666.8
itau de minas,MG,-20.74428836520151,-46.75138057010448,5,364.45
itauba,MT,-11.008064132928315,-55.24365918960272,5,1420.98
itaueira,PI,-7.600380663829013,-43.02652262908984,2,105.28
itauna,MG,-20.07959068109536,-44.5943443211972,13,2151.4700000000003
itauna,MG,-20.077863070164632,-44.576133772160524,43,5592.4800000000005
itinga,MG,-16.607515379286834,-41.77097185630254,3,363.5
itiquira,MT,-17.20584411495066,-54.14593314010621,1,133.0
itirapina,SP,-22.252002596014556,-47.81543112451409,2,142.89999999999998
itirucu,BA,-13.533125538014842,-40.15123838914271,3,653.28
itiuba,BA,-10.692505914399304,-39.853031386308174,4,272.89
itobi,SP,-21.73310246168377,-46.97227007969109,7,472.68
itororo,BA,-15.110414504915589,-40.06707076332642,2,619.2
itu,SP,-23.3853839463372,-47.33848581443807,20,1722.3000000000002
itu,SP,-23.287263507717274,-47.28094663612593,7,1526.65
itu,SP,-23.28521272523395,-47.25550390409963,2,128.99
itu,SP,-23.281596661742267,-47.29437377283496,18,1290.95
itu,SP,-23.275310701223678,-47.30712533216185,16,1708.6200000000001
itu,SP,-23.275224884481876,-47.27700912423855,13,611.74
itu,SP,-23.265813207764527,-47.29944428743784,9,863.0
itu,SP,-23.262942394092214,-47.31557122150695,12,861.62
itu,SP,-23.25897417592523,-47.34420030660242,4,320.49
itu,SP,-23.255214180621863,-47.29782024690446,18,2160.49
itu,SP,-23.247932027442513,-47.31563631288282,10,1071.49
ituacu,BA,-13.815446239017097,-41.29884899114512,3,398.5
itubera,BA,-13.735024983509335,-39.14691658399038,3,100.73
itueta,MG,-19.398247971815298,-41.22747554406977,2,448.89
ituiutaba,MG,-18.98921915692874,-49.45198716119141,5,405.68
ituiutaba,MG,-18.97709850617294,-49.48097274218593,11,1038.76
ituiutaba,MG,-18.976355251995518,-49.46297455530933,25,2454.04
ituiutaba,MG,-18.968022691449843,-49.44940587663304,4,596.49
ituiutaba,MG,-18.95361908708018,-49.458175836455794,8,936.2
itumbiara,GO,-18.42997714919631,-49.21512792047294,3,480.6
itumbiara,GO,-18.425152582066964,-49.22815478990246,2,257.99
itumbiara,GO,-18.421107008144432,-49.24910157261408,2,153.87
itumbiara,GO,-18.41726385790947,-49.21678179934647,6,527.49
itumbiara,GO,-18.41584230878058,-49.22715879102106,1,345.0
itumbiara,GO,-18.411576508651216,-49.26678809590555,1,249.9
itumbiara,GO,-18.410862965040533,-49.21990154113331,1,69.9
itumbiara,GO,-18.40943750971563,-49.24156911843404,1,13.65
itumbiara,GO,-18.409416569600552,-49.2063775870634,8,957.94
itumbiara,GO,-18.406055329858134,-49.24605507130228,5,1026.19
itumbiara,GO,-18.40165357982756,-49.21639450973835,3,930.89
itumbiara,GO,-18.398375205160377,-49.208398993595964,1,13.9
itumbiara,GO,-18.397779845327104,-49.24084516971623,1,64.9
itupeva,SP,-23.15730622830591,-47.05406044642659,42,5101.71
itupiranga,PA,-5.135283145567654,-49.356353172885186,1,399.0
ituporanga,SC,-27.4172065261721,-49.5990465372085,15,3225.16
iturama,MG,-19.729365350880276,-50.19956607813188,14,1655.55
itutinga,MG,-21.297685556078413,-44.657642494807234,1,69.9
ituverava,SP,-20.33141443592605,-47.789388483167954,28,3748.7400000000002
iuna,ES,-20.349111920880414,-41.53373039669444,2,131.0
ivai,PR,-25.007481907240674,-50.855188365256616,2,610.7700000000001
ivaipora,PR,-24.246396881737038,-51.67066762921262,7,516.75
ivate,PR,-23.407196286179886,-53.36950078552628,3,273.98
ivinhema,MS,-22.305823833391933,-53.82494463283858,3,243.69
ivora,RS,-29.520498712729548,-53.5778998785527,1,149.9
ivoti,RS,-29.605286893562898,-51.16427789211877,13,1235.1100000000001
jaboatao dos guararapes,PE,-8.206955042801813,-34.928808749631635,1,105.8
jaboatao dos guararapes,PE,-8.202085443907203,-34.92245461318402,9,635.47
jaboatao dos guararapes,PE,-8.19984274049318,-34.92236703458023,8,1672.1
jaboatao dos guararapes,PE,-8.19326466786682,-34.92911296365955,9,857.5500000000001
jaboatao dos guararapes,PE,-8.191362724594887,-34.959495938754564,1,46.99
jaboatao dos guararapes,PE,-8.18571048443651,-34.924259019270224,6,924.38
jaboatao dos guararapes,PE,-8.183059878509816,-34.92632449986308,4,966.79
jaboatao dos guararapes,PE,-8.175899917098215,-34.921755029952614,11,794.65
jaboatao dos guararapes,PE,-8.165738865369326,-34.931911567962764,9,1790.68
jaboatao dos guararapes,PE,-8.164412230478284,-34.948437540600565,1,27.99
jaboatao dos guararapes,PE,-8.159597865923867,-34.93515130471383,6,971.78
jaboatao dos guararapes,PE,-8.157810149054237,-34.91516115893916,7,1208.19
jaboatao dos guararapes,PE,-8.157552468278572,-34.92356964778283,3,254.56
jaboatao dos guararapes,PE,-8.152532662624283,-34.92678585806151,2,292.89
jaboatao dos guararapes,PE,-8.149989292999976,-34.95927999999998,2,221.98
jaboatao dos guararapes,PE,-8.143266243988998,-34.968183110802514,5,2745.9700000000003
jaboatao dos guararapes,PE,-8.142777797523511,-34.93850227613312,1,199.0
jaboatao dos guararapes,PE,-8.129165664023848,-34.96016276282975,2,94.99000000000001
jaboatao dos guararapes,PE,-8.12580045005533,-34.96814578622622,1,49.0
jaboatao dos guararapes,PE,-8.125773662266802,-35.0199593128697,3,544.89
jaboatao dos guararapes,PE,-8.124613730170209,-34.96536989621935,1,130.0
jaboatao dos guararapes,PE,-8.122226477389788,-35.013101836641624,4,968.9
jaboatao dos guararapes,PE,-8.11143073661088,-34.96777017074162,5,1081.93
jaboatao dos guararapes,PE,-8.111351069030638,-35.02156520274489,4,658.9
jaboatao dos guararapes,PE,-8.108694139744452,-34.99263498589972,3,210.03
jaboatao dos guararapes,PE,-8.108235450781182,-34.96843116770388,2,628.9
jaboatao dos guararapes,PE,-8.107652408824759,-35.02285471479532,4,1080.8899999999999
jaboatao dos guararapes,PE,-8.107099467330722,-35.0086446921748,3,189.97
jaboatao dos guararapes,PE,-8.10126918250807,-34.98377219300251,1,50.9
jaboatao dos guararapes,PE,-8.098980138369901,-34.968528814875626,3,203.88
jaboatao dos guararapes,PE,-8.098973798700145,-35.016062427690876,2,319.89
jaboatao dos guararapes,PE,-8.089536410599347,-34.980577316572536,4,367.45
jaboatao dos guararapes,PE,-8.085907997620385,-34.99089072273835,4,845.88
jabora,SC,-27.172887867527518,-51.7357961888451,2,267.9
jaborandi,SP,-20.69071637638149,-48.41446863531482,3,126.29
jaboti,PR,-23.7434134364928,-50.073356343680295,2,160.7
jaboticabal,SP,-21.272675104819047,-48.318997514147284,6,356.59000000000003
jaboticabal,SP,-21.26692465857004,-48.33003525718093,8,814.05
jaboticabal,SP,-21.261305139468313,-48.30695136487191,10,1346.55
jaboticabal,SP,-21.25717364466399,-48.32096387334476,14,1931.6599999999999
jaboticabal,SP,-21.25239311964601,-48.33863013887338,3,109.19
jaboticabal,SP,-21.246173701880668,-48.30893828156516,4,778.49
jaboticabal,SP,-21.24564991547182,-48.31790069625641,5,410.59000000000003
jaboticatubas,MG,-19.50166679561941,-43.76724693633195,1,767.3
jacaraci,BA,-14.843344706955753,-42.424918957057876,4,911.79
jacare,SP,-23.2831637647373,-46.29752132500832,8,810.0400000000001
jacareacanga,PA,-6.222311870391277,-57.75944387571974,1,49.0
jacarei,SP,-23.324866602513097,-45.99090830839034,6,564.37
jacarei,SP,-23.323512710333635,-45.97001327564451,3,173.32999999999998
jacarei,SP,-23.316392845250522,-45.92932461750593,7,419.59000000000003
jacarei,SP,-23.31630593498917,-45.94056912975552,5,433.7
jacarei,SP,-23.313562901367344,-45.97591144517975,13,1673.21
jacarei,SP,-23.313462288418744,-46.00368673383422,14,1009.39
jacarei,SP,-23.31233789179588,-45.95536101287014,1,79.9
jacarei,SP,-23.310697250854687,-45.98442655904845,4,386.19
jacarei,SP,-23.309044796490923,-45.95713921568355,9,759.32
jacarei,SP,-23.305968307814418,-46.0156503326945,1,139.0
jacarei,SP,-23.303916909849313,-45.96265248801374,13,926.4
jacarei,SP,-23.30231825231695,-45.97188817895197,19,1383.3700000000001
jacarei,SP,-23.301437394792437,-45.933087360966624,14,1456.16
jacarei,SP,-23.299037067200647,-45.94694430122884,7,1504.72
jacarei,SP,-23.298405738519904,-45.98443847155153,5,405.0
jacarei,SP,-23.29714964671475,-45.95630558731027,9,810.63
jacarei,SP,-23.2965014918086,-46.02047488758664,1,59.9
jacarei,SP,-23.293575656670832,-45.98510497307211,1,65.5
jacarei,SP,-23.288301572514964,-45.96299534609562,16,2169.91
jacarei,SP,-23.287878042470552,-45.94758555862999,7,462.23
jacarei,SP,-23.287786539257805,-45.95363185079989,1,60.0
jacarei,SP,-23.282017820422997,-45.939407763928294,4,378.39
jacarei,SP,-23.276771834482673,-45.94763637264328,7,409.09000000000003
jacarei,SP,-23.272686562146557,-45.933193604544236,1,80.25
jacarei,SP,-23.270414515126454,-46.00217872831679,1,95.0
jacarei,SP,-23.267733362891658,-45.93995262197823,14,1459.28
jacarei,SP,-23.264002959562273,-45.964500958733396,4,360.8
jacarei,SP,-23.227406086083125,-46.069444667461326,1,259.9
jacarezinho,PR,-23.15836742843691,-49.976621305259265,16,1289.36
jaci,SP,-20.884709308834225,-49.57192076295022,2,115.89
jaciara,MT,-15.95127425196516,-54.98521595207802,3,185.7
jacigua,ES,-20.706822352054118,-41.01712786426433,2,134.49
jacinto,MG,-16.156206939181896,-40.29470991190349,2,113.99
jacinto machado,SC,-28.99908496571671,-49.76175641053026,4,260.49
jacobina,BA,-11.185948677999658,-40.50983477395643,23,7029.76
jacui,MG,-21.018174639032726,-46.74320895758398,4,403.74
jacuizinho,RS,-29.03585279015905,-53.041768974762675,1,59.54
jacunda,PA,-4.450475687361891,-49.11559572959484,6,1601.71
jacupiranga,SP,-24.701831240017185,-48.00518422912897,5,785.8
jacutinga,MG,-22.288146664323694,-46.61190091318773,18,2670.82
jacutinga,RS,-27.728956133348813,-52.536535128236906,1,49.39
jaguaquara,BA,-13.528891311211662,-39.97731887865848,2,192.4
jaguaracu,MG,-19.629369288110347,-42.74405406223332,1,55.9
jaguarao,RS,-32.56105729568267,-53.378113690387714,8,1025.29
jaguare,ES,-18.908355105069518,-40.07586676010297,13,1193.95
jaguari,RS,-29.4961409122547,-54.68679749787493,3,157.89
jaguariaiva,PR,-24.257703279680833,-49.7164234007889,17,1634.5900000000001
jaguaribara,CE,-5.455589582541656,-38.46247635948483,1,98.0
jaguaribe,CE,-5.900561085325373,-38.63736600115672,5,663.98
jaguariuna,SP,-22.70112532819454,-46.98829332697691,2,43.0
jaguariuna,SP,-22.698918169851417,-46.84649616728969,1,220.64
jaguariuna,SP,-22.696409601746613,-46.988404289808564,1,264.8
jaguariuna,SP,-22.69294884489288,-46.98287754029338,55,7735.03
jaguariuna,SP,-22.687275506720226,-46.983325913689576,1,49.0
jaguaruana,CE,-4.840907944503906,-37.781214193406534,4,1155.15
jaguaruna,SC,-28.633920987357754,-49.024157474362944,2,162.9
jaiba,MG,-15.340799938290758,-43.672332137952324,6,683.49
jales,SP,-20.280018460507243,-50.551435046389685,7,449.17
jales,SP,-20.278965386375518,-50.54226241625297,3,234.79000000000002
jales,SP,-20.26988557737462,-50.55874638513372,2,58.8
jales,SP,-20.26959077590285,-50.543435698347416,13,1455.84
jales,SP,-20.253404635355416,-50.5497781053027,3,719.55
jamaica,SP,-24.228585747957283,-46.883412703037685,1,59.0
jamapara,RJ,-22.20967741639542,-42.79476652613331,1,32.0
jambeiro,SP,-23.26168303044727,-45.69815213667702,4,329.26
jampruca,MG,-18.47792820199582,-41.78336364970252,1,235.9
janauba,MG,-15.845261024175002,-43.33364776114913,3,1089.0
janauba,MG,-15.807765581948383,-43.30926774639614,13,1863.26
jandaia,GO,-17.079845152602317,-50.16028755276675,1,23.2
jandaia do sul,PR,-23.60223508623895,-51.644072483794396,8,1839.25
jandaira,BA,-11.56405313425723,-37.782920051485746,1,59.99
jandaira,RN,-5.356608970361842,-36.12544395225942,1,109.9
jandira,SP,-23.559336510890166,-46.90465369122536,7,931.09
jandira,SP,-23.55744946905811,-46.877289747881925,4,355.78
jandira,SP,-23.556619943165185,-46.899040591931005,2,106.78999999999999
jandira,SP,-23.555300381455837,-46.89034680305359,1,204.0
jandira,SP,-23.5481804321707,-46.91036002990534,13,1081.18
jandira,SP,-23.547298476646013,-46.892504914783295,2,85.7
jandira,SP,-23.54670335940295,-46.89983624019375,10,1569.09
jandira,SP,-23.544998282452386,-46.90430341342511,1,45.9
jandira,SP,-23.541592093482485,-46.91160442141149,5,398.89
jandira,SP,-23.53927949896975,-46.90402084746641,8,555.39
jandira,SP,-23.534257476963585,-46.89748441547489,7,519.25
jandira,SP,-23.533806802935416,-46.9148995802399,4,930.9300000000001
jandira,SP,-23.532949395822687,-46.90733115132105,8,398.79
jandira,SP,-23.53235383161368,-46.90135228978097,4,279.69
jandira,SP,-23.52496580113924,-46.89873197884796,2,199.9
jandira,SP,-23.524664138567804,-46.911195973225,1,24.9
jandira,SP,-23.52097819157018,-46.91906280354144,5,573.1999999999999
janduis,RN,-6.0178115229838305,-37.407124140326125,1,84.99
janiopolis,PR,-24.137654185687932,-52.783200444253055,3,265.97
januaria,MG,-15.483420529424647,-44.379894155549685,22,3471.23
japaraiba,MG,-20.140374169496198,-45.50625738939019,1,108.9
japaratuba,SE,-10.591401022142428,-36.94273691848698,1,99.99
japeri,RJ,-22.696333434498968,-43.626641384369336,1,56.99
japeri,RJ,-22.688171783169814,-43.60645936527142,3,256.99
japeri,RJ,-22.684507729830734,-43.61532318330367,2,216.8
japeri,RJ,-22.683208298587758,-43.6136513869842,1,809.0
japeri,RJ,-22.6809778671,-43.61135654272859,1,75.0
japeri,RJ,-22.679545467450538,-43.593041196799824,1,18.9
japeri,RJ,-22.674494004101163,-43.60813218912923,3,266.98
japeri,RJ,-22.67373240752545,-43.59804565833488,1,109.9
japeri,RJ,-22.671642633506682,-43.59088177051566,2,878.56
japeri,RJ,-22.66951051838989,-43.61452547990683,3,232.66000000000003
japeri,RJ,-22.667916878063743,-43.58577332849087,1,57.99
japeri,RJ,-22.663207630218253,-43.610776285393406,1,229.99
japeri,RJ,-22.650250797954484,-43.65355119895557,4,478.89
japeri,RJ,-22.648997352455527,-43.65813095170957,4,352.69
japeri,RJ,-22.644806809224903,-43.65794599414254,2,164.32
japeri,RJ,-22.6438955448154,-43.64300824279504,4,252.60999999999999
japi,RN,-6.466574062489451,-35.94618002002062,1,229.9
japira,PR,-23.8119965425153,-50.14014250820877,3,363.79
japoata,SE,-10.349228947808689,-36.80432913245064,1,179.9
japuiba,RJ,-22.562825250146346,-42.694574068113525,5,1017.58
japura,PR,-23.471936210301262,-52.55552269435194,5,408.5
jaqueira,PE,-8.72916939069182,-35.79556236612202,3,578.99
jaquirana,RS,-28.883974422816035,-50.35783289190218,1,499.0
jaragua,GO,-15.7491870749417,-49.332105332149894,7,610.67
jaragua do sul,SC,-26.543868276155596,-49.15230164211716,2,204.99
jaragua do sul,SC,-26.512379468089705,-49.133063838419886,13,1538.97
jaragua do sul,SC,-26.500511928687622,-49.08529233667028,5,1016.5
jaragua do sul,SC,-26.497987343473397,-49.103562841651275,14,1932.81
jaragua do sul,SC,-26.491580915704773,-49.052080771769766,6,796.75
jaragua do sul,SC,-26.48669076477054,-49.081236121407464,10,1644.29
jaragua do sul,SC,-26.485732242565827,-49.0967116520798,6,740.09
jaragua do sul,SC,-26.48129391902795,-49.058517578119535,6,485.98
jaragua do sul,SC,-26.47103678845183,-49.11565414149591,9,1937.8
jaragua do sul,SC,-26.46736049454127,-49.09306183541264,7,727.79
jaragua do sul,SC,-26.458626129067177,-49.171263536162215,1,69.9
jaragua do sul,SC,-26.4522503656239,-49.054652945195706,4,648.79
jaragua do sul,SC,-26.43403424579835,-49.13869846959003,5,1180.0
jaraguari,MS,-20.100770545040934,-54.43548223739682,2,75.0
jardim,CE,-7.586145933882586,-39.27296868456545,2,392.65
jardim,MS,-21.48088262281061,-56.148841171735924,3,256.0
jardim abc de goias,GO,-21.46782908813674,-56.171869203037616,1,19.99
jardim alegre,PR,-24.18024862842608,-51.69007246669605,2,118.38000000000001
jardim de piranhas,RN,-6.379302647549049,-37.34972885146611,1,23.9
jardim do serido,RN,-6.587777586515777,-36.77417649588248,3,445.9
jardim olinda,PR,-22.55257661345575,-52.037545966940456,1,139.0
jardinopolis,SP,-21.025578170979756,-47.77320119312101,13,1600.05
jari,RS,-29.289626980750832,-54.21943137477474,4,354.8
jarinu,SP,-23.096492254601632,-46.71792466026417,18,1410.48
jaru,RO,-10.436959998460997,-62.473249705160875,5,570.69
jatai,GO,-17.900096023899486,-51.73104809158707,4,2975.41
jatai,GO,-17.89521642922051,-51.71556579273316,2,93.99
jatai,GO,-17.889045463636027,-51.7333743606051,10,2246.49
jatai,GO,-17.8843373334861,-51.71698996065145,18,2412.35
jatai,GO,-17.879393204827714,-51.705509382091755,2,210.73000000000002
jatai,GO,-17.87628548655214,-51.73097004014618,8,695.34
jatai,GO,-17.873742528486098,-51.726455041041376,6,990.87
jatai,GO,-17.864937320791302,-51.71361917333659,4,415.19
jatauba,PE,-7.987393662317679,-36.496402368672854,2,126.89000000000001
jatoba,MA,-5.8180833730979895,-44.225212658855405,1,149.99
jatoba,PE,-9.179905003939286,-38.25536722266346,3,415.3
jau,SP,-22.365478442308646,-48.667292363801415,2,178.9
jau,SP,-22.31706207892158,-48.54694510158924,4,391.38
jau,SP,-22.311267188883868,-48.57966307628,4,351.79
jau,SP,-22.30319494158605,-48.571236079980935,1,300.98
jau,SP,-22.301845590322166,-48.54323163457138,7,640.2
jau,SP,-22.300403390531024,-48.560112997892816,3,630.89
jau,SP,-22.294360298173427,-48.558523688387346,7,1616.97
jau,SP,-22.292905113353136,-48.568261402105456,5,564.08
jau,SP,-22.29251614479422,-48.57785806309617,6,1060.16
jau,SP,-22.288198256383808,-48.51269200555425,1,49.9
jau,SP,-22.285564358190705,-48.53505780924214,12,1073.91
jau,SP,-22.283813205253242,-48.557704357141525,3,472.14
jau,SP,-22.27524896702239,-48.54358425082655,9,1254.97
jau,SP,-22.273293769857762,-48.554800135471694,7,766.5
jau,SP,-22.26644264507621,-48.56846937128424,2,107.78999999999999
jaupaci,GO,-16.18353920367387,-50.95324986097566,1,89.9
jauru,MT,-15.339703372981825,-58.87232583331276,5,613.79
jeceaba,MG,-20.537866120241542,-43.98279310089686,6,544.23
jenipapo de minas,MG,-17.09007626642221,-42.25089176360698,1,7.48
jequeri,MG,-20.457497164435612,-42.660050901275355,1,655.0
jequia da praia,AL,-19.90536973144338,-43.94830637625486,1,40.0
jequia da praia,AL,-10.01141577989561,-36.023195653320776,1,211.91
jequie,BA,-13.870853892839522,-40.0822380986573,2,589.9
jequie,BA,-13.86640889848358,-40.06886553103464,9,894.25
jequie,BA,-13.859997996363877,-40.084668347299946,11,1513.51
jequie,BA,-13.857464852658401,-40.10108406549886,8,870.29
jequie,BA,-13.853354061425367,-40.08168414154893,4,819.89
jequitai,MG,-17.228786404946344,-44.4325203984316,2,204.18
jequitiba,MG,-19.232471283527982,-44.0238313224809,2,636.9
jequitinhonha,MG,-16.440336187363684,-41.009185123828935,11,1372.3700000000001
jeremoabo,BA,-9.953805521582453,-38.671436551420435,6,922.0799999999999
jerico,PB,-6.553129279184607,-37.8057202178639,1,75.0
jeriquara,SP,-20.30830740964237,-47.59088430465742,1,129.0
jeronimo monteiro,ES,-20.791387301827758,-41.392078937948796,2,284.0
jesuania,MG,-22.00120050686708,-45.288464368178694,5,327.98
jesuitas,PR,-24.384143220079455,-53.38803561842464,4,556.5500000000001
jesupolis,GO,-15.954504603802935,-49.38572384624183,2,159.33
ji-parana,RO,-10.898533737769652,-61.91524394126365,3,1057.98
ji-parana,RO,-10.884449954457304,-61.92151099888174,2,308.99
ji-parana,RO,-10.87722223893279,-61.95841508458222,5,463.1
ji-parana,RO,-10.870966229947951,-61.97575155562519,4,1434.37
ji-parana,RO,-10.866942188025584,-61.95058152215904,2,127.69999999999999
ji-parana,RO,-10.856143859081563,-61.95543264681952,1,19.9
jijoca de jericoacoara,CE,-2.8629997768294237,-40.47832447728354,4,1130.9
jiquirica,BA,-13.25683774423046,-39.571749613751855,1,499.99
joacaba,SC,-27.172115507742987,-51.50903852507784,26,4721.0
joaima,MG,-16.66919901915369,-41.025485685035314,1,37.9
joanopolis,SP,-22.930894216921274,-46.27503350450869,6,824.6
joao alfredo,PE,-7.858126434572005,-35.592361972035725,3,215.49
joao camara,RN,-5.539423577720683,-35.81768496285475,2,1379.8000000000002
joao dourado,BA,-11.347191540856294,-41.66100100991128,1,19.9
joao lisboa,MA,-5.446864870927711,-47.4051889210353,5,612.89
joao monlevade,MG,-19.836538648932326,-43.17906543890219,14,2131.18
joao monlevade,MG,-19.81470370525168,-43.170408968379526,36,4810.72
joao neiva,ES,-19.7510070097032,-40.38667300846462,8,724.9300000000001
joao pessoa,PB,-7.211811591712442,-34.85040001298635,5,860.88
joao pessoa,PB,-7.20504586390287,-34.83758852635818,2,109.80000000000001
joao pessoa,PB,-7.200400043685345,-34.8515923684975,3,468.99
joao pessoa,PB,-7.198639772913806,-34.86584064713501,2,394.77
joao pessoa,PB,-7.194591656711865,-34.84485323379034,2,157.99
joao pessoa,PB,-7.184698985122211,-34.88416383582483,1,330.0
joao pessoa,PB,-7.18344960503403,-34.84126792894231,4,579.59
joao pessoa,PB,-7.182680705582186,-34.86234971649559,1,99.9
joao pessoa,PB,-7.180295984520394,-34.8824502871452,1,579.9
joao pessoa,PB,-7.179254904080389,-34.869626409236474,4,1218.29
joao pessoa,PB,-7.17871596990253,-34.82740270680344,2,975.0
joao pessoa,PB,-7.1773843895652805,-34.89100023526752,2,185.98000000000002
joao pessoa,PB,-7.175548324620257,-34.88022549951503,3,288.39
joao pessoa,PB,-7.175164296975628,-34.8411614867884,2,201.98000000000002
joao pessoa,PB,-7.17472353975664,-34.85714249642045,3,2027.98
joao pessoa,PB,-7.172375139880376,-34.89992097629158,1,107.0
joao pessoa,PB,-7.170199148498863,-34.87702715528325,1,69.2
joao pessoa,PB,-7.168371194676213,-34.84174769722079,5,972.43
joao pessoa,PB,-7.1677111371123345,-34.85586576199042,5,652.79
joao pessoa,PB,-7.167163644744447,-34.83025744485956,3,248.8
joao pessoa,PB,-7.162656320137846,-34.87027191821797,2,182.89000000000001
joao pessoa,PB,-7.162589032053164,-34.79934670652506,1,25.99
joao pessoa,PB,-7.155813301182272,-34.836784337249455,13,1572.79
joao pessoa,PB,-7.155570249725413,-34.90131246072438,2,375.0
joao pessoa,PB,-7.152907201046797,-34.85094054318572,2,182.23000000000002
joao pessoa,PB,-7.152602130343016,-34.89100218795032,1,18.9
joao pessoa,PB,-7.1524317830147,-34.87745850294996,3,576.99
joao pessoa,PB,-7.147294056006513,-34.839610885538,11,962.34
joao pessoa,PB,-7.145019004910884,-34.824357469158166,5,477.68
joao pessoa,PB,-7.144269582190454,-34.88807375937794,4,257.78000000000003
joao pessoa,PB,-7.137366753240758,-34.909920724526906,2,945.89
joao pessoa,PB,-7.133875850898296,-34.87731842655412,2,254.8
joao pessoa,PB,-7.131917510727115,-34.846736224041706,3,340.69
joao pessoa,PB,-7.1285635376146335,-34.82306329159496,9,1205.68
joao pessoa,PB,-7.128063599680368,-34.891915266435255,3,534.9
joao pessoa,PB,-7.126030805567889,-34.86318753464468,5,1894.5000000000002
joao pessoa,PB,-7.123023804952186,-34.853448888781884,3,3641.6800000000003
joao pessoa,PB,-7.122515954595831,-34.83506947508538,7,1369.68
joao pessoa,PB,-7.122251944966017,-34.87730441650946,7,899.05
joao pessoa,PB,-7.121572499866463,-34.8463912001436,2,112.22
joao pessoa,PB,-7.1204025589403095,-34.884964270749414,6,2153.88
joao pessoa,PB,-7.117704400103846,-34.83585310724698,4,292.8
joao pessoa,PB,-7.115646650447572,-34.82739106390502,10,3962.49
joao pessoa,PB,-7.114798664687966,-34.839754648772306,3,412.4
joao pessoa,PB,-7.114710808753138,-34.85561616256579,15,2194.55
joao pessoa,PB,-7.113985552637809,-34.84760827230731,1,513.0
joao pessoa,PB,-7.113471167211605,-34.876521418356205,4,817.4200000000001
joao pessoa,PB,-7.111778900002026,-34.86535122865849,5,606.8
joao pessoa,PB,-7.107641629249836,-34.84217114589354,2,341.9
joao pessoa,PB,-7.106932602497068,-34.86849724705008,1,636.0
joao pessoa,PB,-7.105146304157038,-34.834452360777874,23,6730.759999999999
joao pessoa,PB,-7.102544248961102,-34.85373840811953,2,237.97
joao pessoa,PB,-7.100774107225008,-34.86456324348825,2,188.0
joao pessoa,PB,-7.0950035222186045,-34.843255840442296,8,1690.78
joao pessoa,PB,-7.085468146787567,-34.83618299866859,14,3770.67
joao pessoa,PB,-7.068379563936202,-34.842415611792,6,591.39
joao pinheiro,MG,-17.732005370360085,-46.16588731423498,16,2475.31
joao ramalho,SP,-22.249435727092425,-50.76827149621684,3,407.89
joaquim nabuco,PE,-8.62415102224325,-35.526080456068776,4,234.87
joaquim pires,PI,-3.505859167072549,-42.178031059879274,1,12.97
joaquim tavora,PR,-23.500212595792938,-49.92180170266129,3,317.98
joinville,SC,-26.370467815352033,-48.83912821595377,2,230.0
joinville,SC,-26.36933419313425,-48.82366993020963,8,348.46
joinville,SC,-26.358023526686466,-48.833419461052735,2,84.89
joinville,SC,-26.353386442872452,-48.81399958246306,2,86.99
joinville,SC,-26.345064666816246,-48.77267372890601,2,147.88
joinville,SC,-26.344753546545306,-48.84897659987646,2,102.89
joinville,SC,-26.343490313612577,-48.832746481119635,8,1739.4299999999998
joinville,SC,-26.33684363391836,-48.86697605080817,1,83.36
joinville,SC,-26.33399166138244,-48.9002621420903,1,21.98
joinville,SC,-26.33339381940892,-48.83337100442482,12,1114.81
joinville,SC,-26.332674810171465,-48.804698068797016,12,834.6
joinville,SC,-26.331777299276474,-48.84943205286777,5,452.70000000000005
joinville,SC,-26.328275192563538,-48.88032525991248,4,244.70000000000002
joinville,SC,-26.323116974041863,-48.82953141516658,6,965.6
joinville,SC,-26.32228062283277,-48.815180028698,4,296.38
joinville,SC,-26.3127561071531,-48.84347797968867,15,1743.78
joinville,SC,-26.312712610848944,-48.857218790163536,18,3305.93
joinville,SC,-26.30347488179796,-48.82495053779081,4,364.89
joinville,SC,-26.301850904454422,-48.848394072332624,17,2095.85
joinville,SC,-26.30023352326491,-48.81620657139871,1,13.99
joinville,SC,-26.298543560591334,-48.869858307694756,4,830.65
joinville,SC,-26.287306620648224,-48.85180158925039,10,1426.24
joinville,SC,-26.287287983070964,-48.90755352352731,14,956.08
joinville,SC,-26.287074320291687,-48.873739813753716,7,582.21
joinville,SC,-26.281893965801814,-48.83991422042409,13,1178.54
joinville,SC,-26.280132640164325,-48.796517867432854,7,1010.64
joinville,SC,-26.27482843606635,-48.82034246888775,13,2088.8
joinville,SC,-26.272530923506316,-48.86153165204088,11,3470.54
joinville,SC,-26.27074229665648,-48.88181768781808,10,1124.55
joinville,SC,-26.267823839408237,-48.84491848211984,3,127.89
joinville,SC,-26.26448500911461,-48.80725552527537,5,1048.67
joinville,SC,-26.251953493890863,-48.84337093798957,6,1013.9
joinville,SC,-26.25131621441018,-48.870834381382245,9,1822.8899999999999
joinville,SC,-26.249547532553304,-48.80822564526952,9,1839.93
joinville,SC,-26.231196264276207,-48.81857552013188,6,1064.55
joinville,SC,-26.20017470047947,-48.906610772921155,4,534.8
jordania,MG,-15.89509051958135,-40.18811177569545,5,886.25
jose boiteux,SC,-26.95440887163616,-49.62913949985476,1,119.69999999999999
jose bonifacio,SP,-21.057798257411232,-49.689910403948005,12,1486.34
jose da penha,RN,-6.318504058090043,-38.28506234932829,1,159.99
jose de freitas,PI,-4.755900812795437,-42.576211648165696,3,257.9
joselandia,MA,-4.981589066943498,-44.6994777972306,1,73.35
joviania,GO,-17.80579849882583,-49.62161283369103,5,376.96999999999997
juara,MT,-11.238039550036406,-57.516881461660994,5,378.49
juatuba,MG,-19.95920800201224,-44.338249885804046,4,607.9
juazeiro,BA,-9.450895754321202,-40.49429116729286,1,89.9
juazeiro,BA,-9.447410093529491,-40.50267476552361,2,365.99
juazeiro,BA,-9.440594484531712,-40.50485219370997,2,205.8
juazeiro,BA,-9.433213445540401,-40.49612035025359,2,2057.99
juazeiro,BA,-9.433165624662916,-40.51256860853318,4,286.79
juazeiro,BA,-9.432354137361365,-40.502163900752265,7,765.79
juazeiro,BA,-9.424205163318078,-40.494066691439656,8,1780.69
juazeiro,BA,-9.420577952059855,-40.49945964100971,6,1034.79
juazeiro,BA,-9.412756196847218,-40.50144272869764,10,813.5400000000001
juazeiro do norte,CE,-7.251681035950177,-39.30709581025017,2,728.0
juazeiro do norte,CE,-7.245892484974998,-39.32764545617939,1,725.0
juazeiro do norte,CE,-7.243470819141193,-39.32111684210174,1,99.8
juazeiro do norte,CE,-7.240563399020102,-39.3467381631205,1,179.8
juazeiro do norte,CE,-7.233828314963455,-39.29489863519409,2,398.38
juazeiro do norte,CE,-7.233556553767277,-39.316121817942204,1,149.9
juazeiro do norte,CE,-7.228250586584218,-39.34579489138102,2,464.89
juazeiro do norte,CE,-7.2274788727953,-39.31421354828775,3,419.0
juazeiro do norte,CE,-7.227068978273874,-39.33035160569641,2,433.9
juazeiro do norte,CE,-7.2254048139028235,-39.30084736198093,4,354.92999999999995
juazeiro do norte,CE,-7.215955017528104,-39.299573438609414,1,114.15
juazeiro do norte,CE,-7.215729816546056,-39.32078834229533,2,1555.0
juazeiro do norte,CE,-7.214522842391537,-39.30961254620596,2,203.89000000000001
juazeiro do norte,CE,-7.205203751225355,-39.31553684194381,5,593.88
juazeiro do norte,CE,-7.198652319088752,-39.31943287260665,2,277.48
jucas,CE,-6.522041472264161,-39.524344660950156,1,325.0
jucurucu,BA,-16.84106075344821,-40.14434728637776,2,409.98
jucurutu,RN,-6.038655949071193,-37.021917390647346,4,632.98
juina,MT,-11.422656268105673,-58.779227239204424,17,4695.32
juiz de fora,MG,-21.79966268117173,-43.35771115457957,4,359.79
juiz de fora,MG,-21.796349657403177,-43.347739013875625,7,1292.58
juiz de fora,MG,-21.793703014272744,-43.40033852684423,1,49.97
juiz de fora,MG,-21.78924223241545,-43.34677450208861,10,3810.35
juiz de fora,MG,-21.7880431309008,-43.364417424366906,17,3526.36
juiz de fora,MG,-21.786428324291986,-43.38395597964514,7,603.54
juiz de fora,MG,-21.779223378303882,-43.348542259665415,14,2326.81
juiz de fora,MG,-21.77536799497986,-43.353964706773304,24,3473.69
juiz de fora,MG,-21.774551468290124,-43.341343891578326,16,2218.75
juiz de fora,MG,-21.772902260434623,-43.31619269603936,3,324.89
juiz de fora,MG,-21.77206207331581,-43.38341071196408,17,3391.15
juiz de fora,MG,-21.771189036980555,-43.3335659272847,5,332.88
juiz de fora,MG,-21.769290961954635,-43.29503274954949,2,1045.01
juiz de fora,MG,-21.76801959807948,-43.35315999107657,31,3211.05
juiz de fora,MG,-21.765785305321486,-43.33055548402764,10,1066.27
juiz de fora,MG,-21.764571387448175,-43.34597324239813,35,5063.11
juiz de fora,MG,-21.761075599534642,-43.3669564651778,13,1638.32
juiz de fora,MG,-21.758186085329324,-43.349683043154045,7,1638.54
juiz de fora,MG,-21.75734753091001,-43.35406013626351,28,3636.36
juiz de fora,MG,-21.756409690705954,-43.33838647205327,6,1247.49
juiz de fora,MG,-21.75250707839694,-43.3675357875713,10,1011.3299999999999
juiz de fora,MG,-21.750479122597458,-43.3325033256798,6,538.74
juiz de fora,MG,-21.746968822869466,-43.346231922494134,5,526.5600000000001
juiz de fora,MG,-21.742842822146265,-43.37302080954006,12,1902.87
juiz de fora,MG,-21.742570975427352,-43.410927308341634,1,179.9
juiz de fora,MG,-21.741552524507007,-43.33532591318603,11,1173.38
juiz de fora,MG,-21.741464567507247,-43.35962184240731,8,970.27
juiz de fora,MG,-21.74003548276835,-43.38859680452926,8,887.6600000000001
juiz de fora,MG,-21.737567314232283,-43.34427798804919,8,1463.58
juiz de fora,MG,-21.736531128270382,-43.40215975469275,13,2244.29
juiz de fora,MG,-21.734493417365492,-43.34883124077252,20,3005.24
juiz de fora,MG,-21.731856430089117,-43.359547616644406,11,2029.32
juiz de fora,MG,-21.71954754656015,-43.35437290435888,12,774.03
juiz de fora,MG,-21.715040740842372,-43.40591509750519,7,651.04
juiz de fora,MG,-21.711754109415004,-43.4364484205816,5,1003.39
juiz de fora,MG,-21.70693066027025,-43.42528623659744,11,1740.53
juiz de fora,MG,-21.705502253741425,-43.4714549316504,3,405.65
juiz de fora,MG,-21.692372645349362,-43.43339295077049,4,313.9
juiz de fora,MG,-21.688863962466264,-43.34182329886485,5,1967.79
juiz de fora,MG,-21.666021017651516,-43.43386694174453,6,1410.4
julio de castilhos,RS,-29.231046769171375,-53.67851335397243,10,787.54
julio mesquita,SP,-22.01093462817097,-49.79005463803884,2,909.99
jumirim,SP,-23.08189502948993,-47.79428781264151,3,337.6
junco do serido,PB,-6.994437727527543,-36.71347392610991,2,239.89
jundiai,SP,-23.24740332174398,-46.85464065410208,8,997.39
jundiai,SP,-23.220872853278074,-46.885088328565196,17,1932.6100000000001
jundiai,SP,-23.21567530932747,-46.86036675853519,14,1070.17
jundiai,SP,-23.211336157869347,-46.88030293880771,33,3881.45
jundiai,SP,-23.204103869609316,-46.872590096658506,28,4706.49
jundiai,SP,-23.201341019308913,-46.887848147639055,23,2580.8
jundiai,SP,-23.194814317428445,-46.896799281008164,27,4963.57
jundiai,SP,-23.189420416902372,-46.921573347175126,40,4736.39
jundiai,SP,-23.188409628905863,-46.85398781828781,38,4747.75
jundiai,SP,-23.18605172347782,-46.88591474647437,37,4124.81
jundiai,SP,-23.181061781834313,-46.90364327848254,22,2191.7000000000003
jundiai,SP,-23.176397106134754,-46.97415662176983,92,16042.93
jundiai,SP,-23.17397191923417,-46.852864160619646,36,5891.62
jundiai,SP,-23.170084199458064,-46.87358089920146,12,5333.01
jundiai,SP,-23.169668058717317,-46.88671516416495,21,4109.78
jundiai,SP,-23.157994972014635,-46.91819985268586,80,11564.43
jundiai,SP,-23.15508948167051,-46.98567021144163,21,1523.14
jundiai do sul,PR,-23.43804960863323,-50.247436380002604,3,337.96999999999997
junqueiro,AL,-9.888675029135362,-36.46836013110915,2,360.89
junqueiropolis,SP,-21.511446904180833,-51.4357748889293,15,2029.24
jupi,PE,-8.711963126912739,-36.41573761536963,2,604.9
juquia,SP,-24.316625385471756,-47.634745537475155,9,710.0799999999999
juquitiba,SP,-23.9418730533523,-47.07320010425569,21,3073.87
juranda,PR,-24.419267773158033,-52.8454951753832,2,40.9
jurema,PE,-12.812998373308554,-38.731669333692956,1,29.5
juripiranga,PB,-7.373340132679288,-35.23853209938073,1,69.99
juru,PB,-7.5370001945181935,-37.818491479962844,1,890.0
juruaia,MG,-21.252993786542923,-46.578964851582064,6,380.78000000000003
juruena,MT,-10.329327529090403,-58.49680785981626,3,319.9
juruti,PA,-2.159039051529266,-56.08520031207944,1,49.9
juscimeira,MT,-16.053197790277082,-54.88853844051774,2,123.80000000000001
jussara,GO,-15.86533062010455,-50.87329089192938,3,82.78999999999999
jussara,PR,-23.622748095003274,-52.4701183751283,1,29.49
jussari,BA,-14.597055748289412,-39.84782718071237,2,139.99
jussiape,BA,-13.514781739067578,-41.59315952462811,1,37.0
juti,MS,-22.85947088281792,-54.60402933559914,4,631.79
juvenilia,MG,-14.297104193420415,-44.16764168518628,2,77.47999999999999
kalore,PR,-23.82866130235269,-51.67231734102463,2,429.99
ladainha,MG,-17.631604123802298,-41.746840513326276,2,171.14
ladario,MS,-19.00927433638438,-57.60379480051541,4,292.69
lagarto,SE,-10.916178696284797,-37.67161895543462,11,1955.4299999999998
lages,CE,-3.9532422291143487,-38.69394848431213,1,59.0
lages,SC,-27.838210057446076,-50.34168915710781,2,131.9
lages,SC,-27.830257386926718,-50.31505415155225,2,259.98
lages,SC,-27.826846219294872,-50.306936893151104,4,281.77
lages,SC,-27.826605195097567,-50.32797462657416,10,786.1
lages,SC,-27.82180315112037,-50.34359932606334,6,1029.56
lages,SC,-27.81772374608259,-50.33075225544473,10,861.89
lages,SC,-27.8174421802585,-50.31054351011172,10,1501.95
lages,SC,-27.814755187584357,-50.323991812577134,7,999.92
lages,SC,-27.808938646825048,-50.34466586952791,4,539.6999999999999
lages,SC,-27.80553617102547,-50.304323789500884,7,794.09
lages,SC,-27.805197638629167,-50.31391228860616,10,2548.98
lages,SC,-27.803572066590675,-50.36975070994317,3,496.69
lages,SC,-27.801377350845723,-50.33383119531146,2,608.79
lages,SC,-27.796941824227492,-50.28545775576188,1,56.0
lages,SC,-27.794753914647995,-50.30423018175132,4,283.8
lages,SC,-27.783528609955027,-50.31320084613416,1,99.99
lago da pedra,MA,-4.565356629061708,-45.12939734093834,5,840.3699999999999
lago verde,MA,-4.041771813184939,-44.93624756781053,1,98.0
lagoa,PB,-6.5904930396973835,-37.91558188547208,1,110.0
lagoa d'anta,RN,-6.390625125871321,-35.59786898939086,1,170.0
lagoa da canoa,AL,-9.827487317738328,-36.7417918595071,1,160.99
lagoa da confusao,TO,-10.795330297168547,-49.627226639839506,5,699.99
lagoa da prata,MG,-20.024064772425362,-45.537189813602396,10,1685.69
lagoa de sao francisco,PI,-4.392026961078054,-41.59335864969289,1,68.99
lagoa de velhos,RN,-6.000320081801697,-35.869540046256034,1,199.0
lagoa do carro,PE,-7.8427401417238904,-35.31142137571598,2,746.77
lagoa do mato,CE,-4.2386007227785445,-39.06652089566502,1,35.99
lagoa do ouro,PE,-9.125033717775127,-36.4592499983351,2,305.9
lagoa do piaui,PI,-5.409658556365997,-42.64681246377987,1,84.99
lagoa dos gatos,PE,-8.657245477403077,-35.90403907912423,3,969.99
lagoa dos patos,MG,-16.985899346747413,-44.589809914457916,1,59.9
lagoa dos tres cantos,RS,-28.56831640537261,-52.8534827272249,1,74.9
lagoa dourada,MG,-20.919287654113624,-44.06779162363379,5,586.78
lagoa formosa,MG,-18.77618044480129,-46.404217247384295,7,647.5699999999999
lagoa grande,MG,-17.83903600481589,-46.51824250769678,4,2060.89
lagoa grande,PE,-9.000529077860106,-40.26335980543693,4,1018.36
lagoa nova,RN,-6.095123665223916,-36.46851727046746,2,113.80000000000001
lagoa real,BA,-14.036242095465619,-42.141503947059995,1,410.0
lagoa salgada,RN,-6.122106000000002,-35.475278930623794,1,30.24
lagoa santa,MG,-19.636520104484408,-43.89965142692265,58,8378.6
lagoa vermelha,RS,-28.21190081909876,-51.525184742562196,14,1616.25
lagoao,RS,-29.22607242963758,-52.77555969880768,1,156.45
lagoinha,SP,-23.088728617085085,-45.19065349137051,3,605.98
lagoinha do piaui,PI,-5.83736152435818,-42.6280274290776,1,115.0
laguna,SC,-28.47572857600972,-48.784659261030505,14,2202.73
laje do muriae,RJ,-21.2108929815207,-42.1185407791096,1,219.0
lajeado,RS,-29.4781588941885,-51.97911770454822,1,89.99
lajeado,RS,-29.472560976355915,-51.985683442663,1,273.8
lajeado,RS,-29.46055671555411,-51.966717167345216,29,4537.45
lajeado,RS,-29.460122656980257,-52.022631692456585,1,249.9
lajeado,RS,-29.449883086883077,-51.987757038933196,5,1544.78
lajeado,RS,-29.44657988996659,-51.961201913641,6,752.1
lajeado,RS,-29.43873624609201,-51.95644929692851,3,354.7
lajeado,RS,-29.43728962562763,-51.97361580073605,2,140.8
lajeado,RS,-29.430823732155336,-51.99377718667392,2,124.88999999999999
lajeado,TO,-9.753702991664655,-48.355778305601746,1,120.0
lajeado grande,SC,-26.85762444633593,-52.56748084406709,1,130.0
lajedo,PE,-8.661327866132831,-36.32293402454861,6,916.27
lajinha,MG,-20.143957169397375,-41.61169776943603,3,515.0699999999999
lamarao,BA,-11.795649902432892,-38.88365094145973,1,59.0
lambari,MG,-21.974223701500048,-45.349168217053055,8,1506.47
lamim,MG,-20.7880292437573,-43.47340340801194,1,89.9
lapa,PR,-25.76430781439902,-49.720376165993414,14,2039.2
laranja da terra,ES,-19.89303063005784,-41.05797353760605,1,69.9
laranjal,MG,-21.360767410544305,-42.47567237576673,1,289.0
laranjal,PR,-24.89180012781679,-52.477585702576036,1,27.99
laranjal do jari,AP,-0.46790722755920855,-52.6153135483813,2,318.8
laranjal paulista,SP,-23.04955173261455,-47.83762131131264,17,2209.33
laranjeiras do sul,PR,-25.406829674391112,-52.41264472955825,16,1667.87
laranjeiras do sul,PR,-25.39057453736852,-52.40399867543793,3,327.70000000000005
laurentino,SC,-27.221224290121654,-49.731481761265776,5,782.41
lauro de freitas,BA,-12.898992497852225,-38.30320228438885,2,203.0
lauro de freitas,BA,-12.89549336338717,-38.344598643682296,3,500.5
lauro de freitas,BA,-12.893166748087063,-38.33787462509412,8,2412.59
lauro de freitas,BA,-12.89263946282089,-38.32387366546552,3,148.9
lauro de freitas,BA,-12.89184138459778,-38.298058156191225,1,56.99
lauro de freitas,BA,-12.889542516477857,-38.31484979149197,5,239.88
lauro de freitas,BA,-12.88821757888014,-38.3385566206631,2,51.37
lauro de freitas,BA,-12.88618518096209,-38.34156104729129,1,42.9
lauro de freitas,BA,-12.88577488563758,-38.3121728424969,6,741.79
lauro de freitas,BA,-12.88379843495981,-38.31373848145942,24,2434.29
lauro de freitas,BA,-12.883524968927519,-38.297879847844364,4,419.59
lauro de freitas,BA,-12.877430253057765,-38.295406275431056,4,364.6
lauro de freitas,BA,-12.874840333315968,-38.33301899966725,1,299.99
lauro de freitas,BA,-12.874055456125975,-38.29034967095519,5,463.7
lauro de freitas,BA,-12.8725035491034,-38.320069021635064,2,162.99
lauro muller,SC,-28.38824435989875,-49.407237961634365,8,1449.57
lavinia,SP,-21.167407474211537,-51.04346287885727,4,326.8
lavras,MG,-21.244708636505745,-44.999201639430474,80,12790.960000000001
lavras da mangabeira,CE,-6.753572603131509,-38.99100741638856,2,827.88
lavras do sul,RS,-30.811113686504893,-53.9007424217773,3,593.8
lavrinhas,SP,-22.560121483523087,-44.918835172991606,1,599.9
leandro ferreira,MG,-19.717601976039926,-45.02483772207438,2,208.9
leme,SP,-22.19488462906675,-47.378202675173,12,1218.29
leme,SP,-22.193600042478145,-47.40469923841378,3,544.89
leme,SP,-22.189204087033968,-47.3882021922868,14,3010.22
leme,SP,-22.187062086757393,-47.37119724771056,5,904.39
leme,SP,-22.181647599313436,-47.404266712265496,5,1531.7600000000002
leme,SP,-22.1763071967343,-47.3937412789224,3,330.7
leme,SP,-22.173198534114963,-47.373421669583486,7,587.78
leme,SP,-22.168515567707704,-47.38124121380083,1,24.89
lencois,BA,-12.549771376744802,-41.384177801870244,1,218.0
lencois paulista,SP,-22.609897676638745,-48.79623698889816,9,1072.8
lencois paulista,SP,-22.60144304535506,-48.807104104547435,9,1170.08
lencois paulista,SP,-22.59912233055667,-48.78750986401859,10,1456.21
lencois paulista,SP,-22.59365074826412,-48.799662311412945,8,1713.23
lencois paulista,SP,-22.585226675253317,-48.81459650433395,1,130.0
lencois paulista,SP,-22.581301599812882,-48.8103339479478,6,1177.9
leoberto leal,SC,-27.508298192526862,-49.289790233969136,1,24.99
leopoldina,MG,-21.530164261618392,-42.640898618181694,17,1667.77
leopoldo de bulhoes,GO,-16.619398610966368,-48.7517449118924,1,283.02
leopolis,PR,-23.079269903595492,-50.75015201417223,1,18.9
liberato salzano,RS,-27.60021804678033,-53.07488226167071,1,12.99
liberdade,MG,-22.026227116647096,-44.32000869338344,3,107.22999999999999
lima duarte,MG,-21.841835048420986,-43.80181626080042,6,764.88
limeira,SP,-22.600004259281896,-47.40712858731964,24,2085.12
limeira,SP,-22.583825650676165,-47.37638610949688,10,1930.6
limeira,SP,-22.579985822110903,-47.42866004567683,25,2729.8
limeira,SP,-22.570721481502535,-47.40309520372462,41,5594.97
limeira,SP,-22.565964761592497,-47.38380603235934,24,2818.22
limeira,SP,-22.560755022881633,-47.44649444065285,16,1699.6299999999999
limeira,SP,-22.555991404059693,-47.42206037839757,30,3577.49
limeira,SP,-22.54568085822919,-47.39100328311059,16,2368.43
limeira do oeste,MG,-19.54562243892238,-50.582284329250925,2,441.7
limoeiro,PE,-7.8777112262366735,-35.44809501145188,7,511.59
limoeiro do norte,CE,-5.1634832018087975,-38.10503994263532,11,1156.67
lindoeste,PR,-25.267636611456673,-53.57285653285032,2,164.3
lindoia,SP,-22.52341229265341,-46.64639741174917,9,606.03
lindoia do sul,SC,-27.048556328531877,-52.08297158236855,1,103.9
lindolfo collor,RS,-29.597265377771162,-51.209442776110954,1,110.9
linhares,ES,-19.40826599999999,-40.064600250000005,1,119.9
linhares,ES,-19.398462430517736,-40.05754626853264,12,1353.5
linhares,ES,-19.394302899766817,-40.06744800455662,15,2885.31
linhares,ES,-19.392473863253308,-40.04808368379706,11,1596.38
linhares,ES,-19.39172700347962,-40.061084501159854,1,79.9
linhares,ES,-19.38058581528183,-40.06214346326712,7,3398.07
linhares,ES,-19.375547670282753,-40.05764624559227,1,860.0
linhares,ES,-19.37533597130217,-40.07149648621064,2,482.9
linhares,ES,-19.364681121236405,-40.05261443397877,6,451.3
linhares,ES,-19.355412626533646,-40.05373780593817,4,323.05
linhares,ES,-19.29955465408666,-40.06620575816586,4,374.8
lins,SP,-21.689599539885645,-49.745108957530036,14,3382.84
lins,SP,-21.67670442775167,-49.73311413107019,7,488.38
lins,SP,-21.67390697021273,-49.75805943683959,30,4626.66
lins,SP,-21.66403972310357,-49.74234335542971,2,594.88
lins,SP,-21.656810037757925,-49.765017649354256,1,69.9
livramento de nossa senhora,BA,-13.670531405245123,-41.871127644748356,5,655.54
loanda,PR,-22.929383785209307,-53.13587259427024,13,1704.36
lobato,PR,-23.00997795869719,-51.951972253624994,3,498.53999999999996
londrina,PR,-23.371501614234717,-51.15313956570252,2,284.0
londrina,PR,-23.368059208250052,-51.141816531829946,2,133.89000000000001
londrina,PR,-23.367075621082382,-51.157384956848446,2,226.9
londrina,PR,-23.35560135374003,-51.13880600777133,4,1245.8899999999999
londrina,PR,-23.34848851922884,-51.207000055810504,5,582.37
londrina,PR,-23.347856068970952,-51.14841421334773,7,789.1600000000001
londrina,PR,-23.346965763755968,-51.171659062586336,15,2740.21
londrina,PR,-23.338993599490653,-51.136186148711786,10,1046.84
londrina,PR,-23.33442980017073,-51.18716562962761,13,2502.33
londrina,PR,-23.331336816395314,-51.177245454304625,31,4219.05
londrina,PR,-23.32925509762943,-51.159440892517964,9,1412.55
londrina,PR,-23.32745224081872,-51.22250260491206,1,115.19999999999999
londrina,PR,-23.327417813497657,-51.12269895076031,3,199.39
londrina,PR,-23.32095844713044,-51.11273863908195,8,971.85
londrina,PR,-23.320821130920265,-51.14179623490432,2,99.9
londrina,PR,-23.31812709264708,-51.15713642282817,26,5693.09
londrina,PR,-23.31709063911144,-51.12749400848244,6,746.4300000000001
londrina,PR,-23.31348044480512,-51.2134117382105,2,138.4
londrina,PR,-23.31260107304635,-51.167179746017865,32,4145.92
londrina,PR,-23.312446047306594,-51.17566618569716,6,1110.4
londrina,PR,-23.312051474360246,-51.17969767227215,3,531.99
londrina,PR,-23.311784723589223,-51.19770031125332,10,1259.54
londrina,PR,-23.31127857267108,-51.15708411065321,7,980.4699999999999
londrina,PR,-23.31108343286346,-51.13491705629724,1,349.0
londrina,PR,-23.305641873895134,-51.18696094080404,6,495.18
londrina,PR,-23.303868607363356,-51.203187655513645,6,2460.67
londrina,PR,-23.301832125866774,-51.144676001122164,3,74.28
londrina,PR,-23.29806172409854,-51.164141502727894,3,229.9
londrina,PR,-23.29642655318469,-51.18180202888016,2,209.3
londrina,PR,-23.294530596455626,-51.129200154969574,2,205.99
londrina,PR,-23.292801911751415,-51.19650277885776,4,415.33
londrina,PR,-23.287343238964418,-51.15535065227287,1,21.9
londrina,PR,-23.28672008885518,-51.205268501791956,3,157.44
londrina,PR,-23.28625424632168,-51.17928261753932,2,158.9
londrina,PR,-23.283991430867744,-51.12026146351437,4,326.87
londrina,PR,-23.28153607141156,-51.18924552681825,3,378.89
londrina,PR,-23.277567197757595,-51.16691811797407,3,317.79
londrina,PR,-23.27727985641277,-51.15409433373387,1,159.77
londrina,PR,-23.276242724993185,-51.18020459400994,10,3008.67
londrina,PR,-23.27405948499479,-51.14666275438044,1,78.0
londrina,PR,-23.267316407623348,-51.15970440348607,9,1274.69
londrina,PR,-23.26640620191997,-51.18563600982485,9,1456.69
londrina,PR,-23.266333210340743,-51.17058520666672,3,317.0
londrina,PR,-23.262624402836305,-51.1463303077005,7,298.27
londrina,PR,-23.25772741443964,-51.17202229529085,2,654.9
londrina,PR,-23.257426689535535,-51.13815333886967,4,658.88
londrina,PR,-23.25254379197341,-51.14634612228812,3,983.89
lontras,SC,-27.16868843172061,-49.53931960111321,3,402.5
lorena,SP,-22.752527141494443,-45.13228629482509,2,458.9
lorena,SP,-22.750167811642005,-45.122034771904765,11,727.18
lorena,SP,-22.742037748822597,-45.1157027378582,3,208.68
lorena,SP,-22.74166838074578,-45.12695023062281,10,778.74
lorena,SP,-22.741511633167853,-45.10961076172541,19,1960.6399999999999
lorena,SP,-22.738001173548327,-45.09597930974519,8,805.27
lorena,SP,-22.737337032011396,-45.13123589899842,1,67.12
lorena,SP,-22.731494876815482,-45.10876763793231,8,829.43
lorena,SP,-22.730893075320957,-45.12347279027041,10,660.39
lorena,SP,-22.72470103328506,-45.110465784534796,5,461.9
lorena,SP,-22.722327465958465,-45.120321910002225,5,691.78
loreto,MA,-7.087963525171027,-45.13612710992875,1,1599.99
lourdes,SP,-20.96536801986327,-50.22558899904064,2,193.7
louveira,SP,-23.08550507419915,-46.95954096067056,44,4777.82
lucas do rio verde,MT,-13.066932709409706,-55.932542791808785,23,5667.76
lucelia,SP,-21.72362473845401,-51.01915775056405,12,961.35
lucena,PB,-6.932743709596139,-34.864933626529265,1,89.0
lucianopolis,SP,-22.430820013229603,-49.52193823995829,2,142.9
luis antonio,SP,-21.55425425078896,-47.701861968009545,7,980.08
luis correia,PI,-2.88559212354207,-41.652642231169615,1,115.0
luis eduardo magalhaes,BA,-12.092512976501046,-45.80692672676449,36,8343.87
luisburgo,MG,-20.439607604112577,-42.10392303953498,2,246.98000000000002
luiz alves,SC,-26.719065127148422,-48.99619111602232,2,114.0
luiziana,PR,-24.284288514974495,-52.2767681817877,2,149.85
luiziania,SP,-21.67549309780371,-50.328300137038056,3,225.49
luizlandia do oeste,MG,-17.205405409115443,-47.80184065969742,2,232.99
luminarias,MG,-21.511614236520643,-44.90297474138901,3,423.8
lunardelli,PR,-24.07832279883549,-51.74315889843617,2,214.89
lupercio,SP,-22.414984762262275,-49.81715454130793,3,133.79
lupionopolis,PR,-22.75487328866302,-51.6583038871947,2,209.75
lutecia,SP,-22.339451604392778,-50.392418293507006,1,887.0
luz,MG,-19.79398058295839,-45.681715829573186,2,166.9
luziania,GO,-16.263238181017662,-47.93802101813455,1,1623.9
luziania,GO,-16.255154175969338,-47.95457185439946,6,492.39
luziania,GO,-16.251847058035978,-47.90835083912731,1,259.9
luziania,GO,-16.25039623674993,-47.95689089071632,2,369.8
luziania,GO,-16.25011045381787,-47.93816469829205,1,99.9
luziania,GO,-16.249067667912055,-47.923716507516644,2,205.5
luziania,GO,-16.24876194495351,-47.963045976228784,3,106.80000000000001
luziania,GO,-16.246671069316136,-47.9513892664929,1,69.0
luziania,GO,-16.243444704219623,-47.917762372480794,1,99.0
luziania,GO,-16.239441453495058,-47.94825243067425,1,289.9
luziania,GO,-16.232122883305728,-47.93353984142569,1,129.9
luziania,GO,-16.23209387646182,-47.945781724064815,1,78.0
luziania,GO,-16.210019476749263,-47.92963401356898,1,78.0
luziania,GO,-16.177638742376956,-47.92702866351209,3,248.8
luziania,GO,-16.141662688886903,-47.95649387499072,5,525.88
luzilandia,PI,-3.461297918880696,-42.369977997202945,3,161.8
macae,RJ,-22.407366036769616,-41.83961261411766,14,1213.58
macae,RJ,-22.40021353511366,-41.81555267555438,12,1428.18
macae,RJ,-22.399781336525912,-41.80343717067232,16,1697.83
macae,RJ,-22.395310198346344,-41.79457687426669,11,1416.48
macae,RJ,-22.395196728632904,-41.79222431199804,13,1934.2099999999998
macae,RJ,-22.391358120668254,-41.78144325648456,7,745.46
macae,RJ,-22.39077993681502,-41.791110844816124,8,1105.5700000000002
macae,RJ,-22.386864983627486,-41.78475383866496,15,1752.45
macae,RJ,-22.38575636630497,-41.77570679058346,11,2707.4700000000003
macae,RJ,-22.38466363389022,-41.78870195603254,6,1082.59
macae,RJ,-22.381727544193946,-41.77830147661719,11,976.77
macae,RJ,-22.380992395141202,-41.7743335149961,10,1770.8899999999999
macae,RJ,-22.378083442469954,-41.785027624942025,12,1078.36
macae,RJ,-22.373834700585952,-41.78067437668943,21,3701.08
macae,RJ,-22.372456577270057,-41.794318146541826,5,633.88
macae,RJ,-22.366786090930013,-41.793413343700074,9,1080.8999999999999
macae,RJ,-22.36303328352552,-41.79699241106113,2,323.6
macae,RJ,-22.358990143474152,-41.7718755016627,6,448.77
macae,RJ,-22.351200185064684,-41.773312385404836,2,635.2
macae,RJ,-22.339397511937925,-41.75630392529992,20,2864.2999999999997
macae,RJ,-22.328101842833274,-41.76439361973373,1,82.99
macae,RJ,-22.32774039344284,-41.74069928143589,2,197.9
macae,RJ,-22.326591495686714,-41.731635245317705,5,419.7
macae,RJ,-22.317164000578675,-41.72590561503861,8,1147.28
macaiba,RN,-5.856764960499751,-35.3510243299243,5,574.4399999999999
macambara,RS,-29.1477104591275,-56.06613041140988,2,162.74
macambira,SE,-10.665217872914651,-37.542187247143936,1,173.9
macapa,AP,-0.0007243959569814883,-51.08418358862895,7,727.46
macapa,AP,0.0164286012805845,-51.08290726940967,3,349.9
macapa,AP,0.017415455319597338,-51.07016443149133,4,2118.64
macapa,AP,0.03339460087922298,-51.06788438751214,8,2697.48
macapa,AP,0.03566646686070392,-51.06310281589391,11,2020.29
macapa,AP,0.03630695421434776,-51.095213600118726,3,789.69
macapa,AP,0.04836227554156624,-51.05369032315201,1,349.9
macapa,AP,0.05570875587618022,-51.061550391056954,8,1175.49
macapa,AP,0.07619662996933352,-51.04707618506419,2,469.70000000000005
macapa,AP,0.08215858844712763,-51.058755898440495,6,653.88
macaparana,PE,-7.553526582008524,-35.45050466581066,2,144.88
macatuba,SP,-22.514093447641567,-48.71694212220494,12,2984.64
macau,RN,-5.114363937006375,-36.631856050797694,5,998.88
macaubal,SP,-20.80439845928851,-49.96359837466846,1,89.8
macaubas,BA,-13.020323700819894,-42.69286729718252,8,867.47
macedonia,SP,-20.146392423216888,-50.195744656872506,4,334.21
maceio,AL,-9.668679847220162,-35.75574304724285,9,1729.37
maceio,AL,-9.665432208615636,-35.714686163543305,6,400.14
maceio,AL,-9.660175999861593,-35.72199570640058,8,2195.77
maceio,AL,-9.658785271737912,-35.72740447787907,2,338.49
maceio,AL,-9.658378160802346,-35.75674875169309,6,713.25
maceio,AL,-9.656989321235258,-35.70666800920401,39,8734.07
maceio,AL,-9.65500237749353,-35.7344014288952,6,1149.59
maceio,AL,-9.653907502843875,-35.75767544425215,3,752.95
maceio,AL,-9.647710958994772,-35.7062043191036,11,1861.13
maceio,AL,-9.64458538580774,-35.70986424309626,3,495.89
maceio,AL,-9.64092597953894,-35.724147494703004,1,69.9
maceio,AL,-9.637838805878562,-35.74091881431023,1,573.0
maceio,AL,-9.637041923439382,-35.7474010560078,8,502.78999999999996
maceio,AL,-9.635531947101397,-35.73975049585031,6,509.19
maceio,AL,-9.634564223885222,-35.72634810322067,5,1476.3600000000001
maceio,AL,-9.631615647936886,-35.73311866180966,2,829.89
maceio,AL,-9.627749377554245,-35.741283080337034,2,121.63
maceio,AL,-9.626772284358768,-35.699027251486186,7,1880.71
maceio,AL,-9.625896890906779,-35.7185950113466,3,284.79
maceio,AL,-9.624370714206643,-35.73376401603869,11,1310.57
maceio,AL,-9.618346072064107,-35.70598989128877,4,809.0
maceio,AL,-9.618112802419594,-35.72922890501117,5,439.47
maceio,AL,-9.612838564033034,-35.724214703880584,7,1504.8700000000001
maceio,AL,-9.606480228390812,-35.722902034496016,15,3531.99
maceio,AL,-9.605778919840365,-35.75799167347524,4,413.8
maceio,AL,-9.602354471317303,-35.76957868028244,4,457.89
maceio,AL,-9.595761133760632,-35.74882663845112,5,821.6
maceio,AL,-9.592062745036044,-35.76320801183021,4,467.5
maceio,AL,-9.590747706241807,-35.741075002543596,3,596.9
maceio,AL,-9.587143339566575,-35.77316975021747,6,593.78
maceio,AL,-9.586745672434436,-35.77057867005024,4,714.29
maceio,AL,-9.581009992695625,-35.75773253064127,5,1070.76
maceio,AL,-9.578299107219449,-35.66043233244019,1,170.0
maceio,AL,-9.575134597714507,-35.75675721815111,4,1230.7
maceio,AL,-9.561520150200199,-35.74626350203189,2,433.9
maceio,AL,-9.5587427086405,-35.760723811177805,3,1119.0
maceio,AL,-9.558634084311775,-35.739141182769316,6,1364.4199999999998
maceio,AL,-9.558252796675193,-35.771588508096926,4,343.88
maceio,AL,-9.557463277918359,-35.729539125109284,6,1073.79
maceio,AL,-9.557203301435148,-35.78335594116137,3,140.77
maceio,AL,-9.55295526322778,-35.74681944057776,2,364.8
machacalis,MG,-17.076857047076594,-40.71818088940351,2,138.89
machadinho,RS,-27.567860111684137,-51.668006307550215,1,48.0
machadinho d'oeste,RO,-9.420985153171674,-62.012429194152276,3,396.98
machado,MG,-21.680408948048516,-45.92052993201528,21,2761.92
machados,PE,-7.68635723406433,-35.51526769658776,1,89.9
macieira,SC,-26.855407180080487,-51.37578670302245,1,17.46
macuco,RJ,-21.98476686864408,-42.25244838242634,1,69.9
macuco de minas,MG,-21.062990905913566,-44.6335216202426,1,199.0
madalena,CE,-4.842097370780366,-39.56462337909636,1,132.9
madre de deus,BA,-12.741679313725754,-38.613481836600386,7,633.32
madre de deus de minas,MG,-21.48431219238059,-44.33164289536491,3,362.96000000000004
mae d'agua,PB,-7.244857649640924,-37.41807066724696,1,39.89
mae do rio,PA,-2.0460236412841692,-47.556156174149216,2,148.89
mafra,SC,-26.12585603089477,-49.81253069564952,25,1719.6299999999999
magalhaes de almeida,MA,-3.3949528767013546,-42.2053222182116,1,270.9
magda,SP,-20.645652476968717,-50.22331851181047,2,458.99
mage,RJ,-22.70142395223432,-43.15952521180791,9,1116.8
mage,RJ,-22.693682771791412,-43.10979273572445,2,174.99
mage,RJ,-22.68358467046409,-43.160534715770886,1,89.9
mage,RJ,-22.661390928999936,-43.03525083599993,2,204.75
mage,RJ,-22.66003863059351,-43.1347885471764,6,602.49
mage,RJ,-22.659545742262246,-43.116827376350194,1,146.0
mage,RJ,-22.65815606716074,-43.11902674370239,2,327.89
mage,RJ,-22.6545713161462,-43.20333179891331,3,670.2
mage,RJ,-22.6525357703222,-43.12650100805483,1,257.9
mage,RJ,-22.65181465633809,-43.05361261025339,1,1499.99
mage,RJ,-22.651419516496585,-43.066557876304024,18,1902.22
mage,RJ,-22.648338600540264,-43.0583437917855,9,1310.8700000000001
mage,RJ,-22.64373828349399,-43.182944105487344,2,258.9
mage,RJ,-22.641865834980965,-43.07245208309176,3,289.88
mage,RJ,-22.63855440197675,-43.16000184562523,1,3.54
mage,RJ,-22.636016818226437,-43.02534331618508,1,379.8
mage,RJ,-22.62086490867415,-43.19203787685941,2,102.0
mage,RJ,-22.615933155012947,-43.17975719830376,15,1657.6200000000001
mage,RJ,-22.615268497162027,-43.171211569125255,12,1602.95
mage,RJ,-22.606414625881992,-43.164799174042884,1,29.5
mage,RJ,-22.59381281247852,-43.06930284283151,3,203.8
mage,RJ,-22.589725437213616,-43.18381309691644,4,745.79
mage,RJ,-22.57019403842886,-43.058745435694526,1,64.99
mage,RJ,-22.55907208815268,-43.044923138517305,4,526.49
maiquinique,BA,-15.62552359210591,-40.26376458018532,1,119.4
mairi,BA,-11.710510369249565,-40.14950442693872,2,913.0
mairinque,SP,-23.53650295835299,-47.18889011605326,24,2772.12
mairipora,SP,-23.329721686232084,-46.59712215964799,75,9087.38
major vieira,SC,-26.365762018968656,-50.326946295403914,3,256.89
malacacheta,MG,-17.847697697027982,-42.0808485867346,7,1355.65
malhador,SE,-10.658574370171172,-37.30730703260873,1,23.99
mallet,PR,-25.883903118459568,-50.82702616356368,6,786.65
mamanguape,PB,-6.837168594957803,-35.12688719306731,6,969.75
mambai,GO,-14.494591086288205,-46.11153305218248,2,816.99
mambore,PR,-24.314251507368123,-52.52911313719751,8,780.24
mamonas,MG,-15.047725331864479,-42.951985807529596,1,230.0
manaira,PB,-7.724392467414579,-38.18546713690376,1,90.0
manaus,AM,-3.1438270002989426,-60.00815014999799,2,174.8
manaus,AM,-3.135250781327465,-60.0054613649678,3,301.74
manaus,AM,-3.1316720333175874,-60.019225134515096,2,274.9
manaus,AM,-3.1277437850703795,-60.024833224524734,4,446.7
manaus,AM,-3.1254388435373754,-60.01649237784937,6,311.18
manaus,AM,-3.1253557023267287,-59.99664021932086,1,159.9
manaus,AM,-3.1251687386104665,-60.00547649998491,1,99.9
manaus,AM,-3.120035553106245,-60.02499960797718,5,974.49
manaus,AM,-3.118842573646691,-60.0332521009571,2,686.0
manaus,AM,-3.115485206546872,-59.99689340156598,3,299.09
manaus,AM,-3.114482021162486,-59.96494548362762,3,733.8199999999999
manaus,AM,-3.1124836387415935,-60.03633478911141,2,91.9
manaus,AM,-3.1111936472821315,-59.987124434975854,4,364.86
manaus,AM,-3.1103660695216515,-59.97374390406242,2,424.0
manaus,AM,-3.1078057735394253,-60.00414999270041,1,169.99
manaus,AM,-3.1062572087366402,-60.03431145970383,4,812.1999999999999
manaus,AM,-3.1061686267997723,-60.06110451585891,3,512.3
manaus,AM,-3.10353259675113,-59.98879585317361,1,171.9
manaus,AM,-3.1010264942576704,-60.00813543094551,1,405.0
manaus,AM,-3.0994820393809954,-60.033509479867675,1,87.0
manaus,AM,-3.096086359545171,-60.02055283108904,6,345.18
manaus,AM,-3.0942126564933896,-60.05881016657311,1,299.99
manaus,AM,-3.0925784332257362,-59.99997763267154,5,582.6
manaus,AM,-3.0920355,-59.92157474999999,1,27.99
manaus,AM,-3.0919596163057417,-59.95542952412666,3,262.5
manaus,AM,-3.0886150599110977,-60.03744327382933,3,2037.9
manaus,AM,-3.086199793453682,-59.9716835697008,4,299.19
manaus,AM,-3.083741355284717,-60.011318876180226,3,1404.8
manaus,AM,-3.0786847051348123,-60.05046383694713,4,239.78
manaus,AM,-3.077463446473964,-60.0569026831439,1,29.99
manaus,AM,-3.0742616331664427,-60.02800274756472,3,92.39
manaus,AM,-3.073350152453084,-60.00195277435232,9,879.93
manaus,AM,-3.0722862661958668,-60.08166537799496,8,939.19
manaus,AM,-3.0698215056718423,-59.95642763625398,3,700.78
manaus,AM,-3.0684913304526997,-59.94522281570346,3,283.88
manaus,AM,-3.065283554001103,-60.051943138621766,1,255.0
manaus,AM,-3.0650170637724843,-60.05898192929597,4,353.78999999999996
manaus,AM,-3.06092879986861,-59.950967775108154,1,199.0
manaus,AM,-3.059880579753169,-60.04231423904054,1,19.99
manaus,AM,-3.059253457903311,-60.00599868437107,3,168.9
manaus,AM,-3.053257486851735,-59.9663216275799,1,66.9
manaus,AM,-3.0532274696162474,-60.03153543802427,1,45.0
manaus,AM,-3.0386872781068193,-59.933884957824944,2,238.0
manaus,AM,-3.0375184726705897,-59.968363413808255,1,69.9
manaus,AM,-3.0307424281061137,-59.991964327808574,2,629.89
manaus,AM,-3.030126951682473,-59.951613304050845,3,290.89
manaus,AM,-3.028251576141933,-59.97625499485036,1,149.9
manaus,AM,-3.0190548983840833,-60.009304722092956,2,257.48
manaus,AM,-3.0118070411247753,-60.040931697282694,4,1711.77
manaus,AM,-3.0034547160757588,-60.03660522632765,1,19.9
manaus,AM,-2.9729251661779674,-60.004894783011686,1,47.49
mandaguacu,PR,-23.34495591219923,-52.09904825765634,4,3222.0
mandaguari,PR,-23.522116589381856,-51.6776633579356,18,5039.15
mandirituba,PR,-25.770383610713115,-49.32480184605346,1,12.67
manduri,SP,-23.006344507717284,-49.31841495453075,3,239.62
manfrinopolis,PR,-26.14422230537972,-53.30975982980494,1,111.0
manga,MG,-14.753638660717579,-43.93965471559108,3,378.8
mangaratiba,RJ,-22.947798006321072,-44.01477821887254,12,974.84
mangueirinha,PR,-25.940474358861895,-52.17787723251204,8,1524.77
manhuacu,MG,-20.25268829369247,-42.040598534498436,64,8510.0
manhumirim,MG,-20.35584130637538,-41.956169737677804,16,2461.7799999999997
manoel ribas,PR,-24.51763874503543,-51.67440944339136,4,631.65
manoel urbano,AC,-8.838577670536376,-69.2613848114748,1,194.99
manoel viana,RS,-29.573581139077255,-55.48382309408964,3,208.79
mansidao,BA,-10.719509150237368,-44.034708491994536,1,49.0
mantena,MG,-18.777954733022707,-40.98336116136959,11,1652.22
mantenopolis,ES,-18.86369285485961,-41.11875851381642,4,423.78999999999996
maquine,RS,-29.657982816170207,-50.210125920847354,1,122.99
mar de espanha,MG,-21.86581058176019,-43.007507724822055,9,1014.72
mar vermelho,AL,-9.451208581887236,-36.387711825813625,2,519.98
mara rosa,GO,-14.018136979135805,-49.17836381667351,2,143.9
maraba,PA,-5.379029058855997,-49.13068889186578,4,304.59000000000003
maraba,PA,-5.369681393207208,-49.117481015561495,9,1904.48
maraba,PA,-5.3557119749525635,-49.09177628895931,3,306.7
maraba,PA,-5.355627461383321,-49.10450303092855,1,14.5
maraba,PA,-5.349464385816629,-49.134264951232225,3,214.0
maraba,PA,-5.343238064232739,-49.098826832799865,1,693.0
maracacume,MA,-2.0475975239584945,-45.9576785250743,4,617.18
maracai,SP,-22.615059082577268,-50.66808209417246,8,1114.58
maracaju,MS,-21.622807014494487,-55.16419800267772,13,2791.96
maracana,SC,-28.85999261061286,-49.45152082532771,2,238.0
maracanau,CE,-3.882391865125537,-38.619175302565104,3,189.2
maracanau,CE,-3.881840993720744,-38.63293110246262,1,108.9
maracanau,CE,-3.8788741702259135,-38.618745979476834,4,434.89
maracanau,CE,-3.8766119999527464,-38.60676972682407,2,47.8
maracanau,CE,-3.8751524793805094,-38.59362068376482,1,79.9
maracanau,CE,-3.8731481064959863,-38.60015676068473,2,1349.6
maracanau,CE,-3.8701132572254404,-38.62664978449965,4,328.79
maracanau,CE,-3.8689208715978345,-38.60140637290832,2,791.38
maracanau,CE,-3.858717379326444,-38.584384257815714,4,453.89
maracanau,CE,-3.8579802353325716,-38.59800404471724,1,84.99
maracanau,CE,-3.850145585617893,-38.612569902669996,3,247.1
maracanau,CE,-3.8460783124510995,-38.61214355015963,1,14.0
maracanau,CE,-3.8427563768260495,-38.61310413697873,1,29.99
maracas,BA,-13.439365307409346,-40.43331071784074,5,703.64
maragogi,AL,-9.007675987232085,-35.220048242659786,5,1897.05
maragogipe,BA,-12.781836602100842,-38.91586725355916,2,152.8
maranguape,CE,-3.9063403907897514,-38.682382803415614,1,179.9
maranguape,CE,-3.8952485831063695,-38.68444092511334,1,29.98
maranguape,CE,-3.8734528004522946,-38.67236440318995,1,79.99
maranhaozinho,MA,-2.2444368174490115,-45.858553645784795,1,40.9
marataizes,ES,-21.0323181161207,-40.82269689695655,16,2907.27
marau,RS,-28.445913394643156,-52.20283767459886,22,2167.34
maravilha,AL,-9.233525306895219,-37.35892521057616,2,214.8
maravilha,SC,-26.76740365829759,-53.18449911898906,9,497.17
maravilhas,MG,-19.515017571479863,-44.67673891755669,4,420.81
marcelino vieira,RN,-6.290720653421996,-38.16257764200831,1,117.7
marco,CE,-3.123797441185686,-40.15414598800406,3,582.6
marcos parente,PI,-7.120923086505935,-43.889738276564074,1,13.65
marechal candido rondon,PR,-24.554525017898506,-54.05852495786673,30,3469.71
marechal deodoro,AL,-9.731920433403758,-35.85914026286754,1,349.9
marechal floriano,ES,-20.415508811333915,-40.689012695583465,5,559.64
mari,PB,-7.058829894333504,-35.316723123710524,3,264.55
maria da fe,MG,-22.30891409822217,-45.37334742476387,3,305.55
marialva,PR,-23.48392434035238,-51.79990910433005,16,2573.17
mariana,MG,-20.37497229153692,-43.418085248936116,33,4416.58
mariano moro,RS,-27.351152029483522,-52.144949415883694,1,125.0
mariapolis,SP,-21.796085690866683,-51.18213886034931,2,111.9
maribondo,AL,-9.575858848762762,-36.30347185082699,1,49.9
marica,RJ,-22.956592971962397,-42.88349437707549,8,615.57
marica,RJ,-22.955984494690547,-42.80761537855785,3,326.70000000000005
marica,RJ,-22.954278207609658,-42.96711894755224,16,2305.71
marica,RJ,-22.95260981760148,-42.808872638137295,1,95.9
marica,RJ,-22.95115200845083,-42.99376127553226,2,269.98
marica,RJ,-22.950970620400135,-42.94683341061871,6,691.6
marica,RJ,-22.94856570290517,-42.70343236618995,2,78.9
marica,RJ,-22.946221164792778,-42.88645951724069,3,698.74
marica,RJ,-22.944576333355766,-42.82844129113664,2,265.99
marica,RJ,-22.93464894999394,-42.88228044187334,9,1258.29
marica,RJ,-22.934535219557365,-42.911752855372335,6,430.05
marica,RJ,-22.931025691802716,-42.92272114486791,5,378.47
marica,RJ,-22.92700535031622,-42.8293157127626,2,187.8
marica,RJ,-22.92610775291927,-42.89850356371279,4,387.59000000000003
marica,RJ,-22.926005021364876,-42.940013982950965,2,254.0
marica,RJ,-22.923608277456783,-42.81985709837894,7,842.17
marica,RJ,-22.923453985690255,-42.85760247749489,7,646.25
marica,RJ,-22.919618105516072,-42.83978957558533,14,2316.08
marica,RJ,-22.91428296653683,-42.83456332388645,6,828.97
marica,RJ,-22.913221103749397,-42.837959070033506,2,179.89000000000001
marica,RJ,-22.911669634752162,-42.80609731472158,6,365.96
marica,RJ,-22.911125479829508,-42.833775639475675,6,792.4399999999999
marica,RJ,-22.910596890425232,-42.81704615497582,3,301.15
marica,RJ,-22.909483056983007,-42.92582680004856,5,407.86
marica,RJ,-22.895953023136546,-42.84243328776303,1,9.9
marica,RJ,-22.895520218492944,-42.936940669865514,5,280.3
mariental,PR,-25.50943247821568,-49.298553,1,1799.0
marilac,MG,-18.508114563074084,-42.08210977053469,1,657.8
marilandia,ES,-19.412026310370646,-40.54293876855565,8,1436.07
marilandia do sul,PR,-23.748005928972272,-51.30400991404446,1,159.9
marilena,PR,-22.73724580824453,-53.03334337675801,1,89.99
marilia,SP,-22.25167779016187,-49.938571349430454,6,579.38
marilia,SP,-22.249300995173364,-49.93028262336312,6,1498.5
marilia,SP,-22.241706750682766,-49.93219852435151,6,1046.1899999999998
marilia,SP,-22.239521710872413,-49.916684980140204,4,696.98
marilia,SP,-22.239089540413712,-49.92502404183078,7,417.78
marilia,SP,-22.2350430736762,-49.965920177291444,1,110.0
marilia,SP,-22.234383425374755,-49.976667294193106,9,676.4300000000001
marilia,SP,-22.22996262864652,-49.936188527463024,10,1186.33
marilia,SP,-22.223537431139363,-49.95851394851808,5,1343.69
marilia,SP,-22.223278613966094,-49.92623448675976,13,1674.27
marilia,SP,-22.222454492299004,-49.94698229538768,10,1086.18
marilia,SP,-22.219369298918057,-49.97447319583887,4,183.73
marilia,SP,-22.21807153723716,-49.95022135910164,1,379.9
marilia,SP,-22.213865032134283,-49.95851972439904,4,138.8
marilia,SP,-22.212335154405466,-49.945661185214945,5,451.79999999999995
marilia,SP,-22.211054243453667,-49.938798019286814,8,609.79
marilia,SP,-22.20342137980158,-49.95906782582629,7,7490.98
marilia,SP,-22.20322912952781,-49.93870967553518,6,575.62
marilia,SP,-22.20185839938673,-49.968323182105024,7,1836.6
marilia,SP,-22.197206766114302,-49.95219526811751,7,634.96
marilia,SP,-22.190884203220932,-49.96365583541794,4,557.88
marilia,SP,-22.187498347891424,-49.97903411745887,2,98.7
marilia,SP,-22.185586681748312,-49.92633365043049,19,4071.07
marilia,SP,-22.179141091683242,-49.95694812195039,25,3790.31
marilia,SP,-22.158801244993846,-49.96150594898236,18,2528.2599999999998
mariluz,PR,-24.009964476201365,-53.15131914175904,2,308.99
maringa,PR,-23.458408561739528,-51.91966280632187,8,632.5799999999999
maringa,PR,-23.451471584687205,-51.90562110023076,3,557.8
maringa,PR,-23.449039756796463,-51.95342305448068,9,919.5799999999999
maringa,PR,-23.445068629664828,-51.9771308204789,5,395.03999999999996
maringa,PR,-23.44174075913739,-51.92749158191649,15,1462.93
maringa,PR,-23.43849893588831,-51.93518924887094,17,2242.36
maringa,PR,-23.431130605372818,-51.918235319335594,17,5415.72
maringa,PR,-23.428802653557174,-51.94819436139045,8,1795.33
maringa,PR,-23.428319760676168,-51.95833421266876,11,1528.52
maringa,PR,-23.42413885933309,-51.89568585707489,17,1635.83
maringa,PR,-23.42248646391639,-51.938405087888434,20,4767.3
maringa,PR,-23.414432773281256,-51.88601798709872,3,330.75
maringa,PR,-23.413770021773328,-51.92706989550015,10,679.08
maringa,PR,-23.413742909500797,-51.90754329130873,2,118.80000000000001
maringa,PR,-23.41291430618596,-51.94203814434729,39,4519.26
maringa,PR,-23.41289154834567,-51.980249580348975,4,1137.79
maringa,PR,-23.40740155497924,-51.958423082961545,2,238.99
maringa,PR,-23.40126751381884,-51.89433304784447,13,1676.6999999999998
maringa,PR,-23.400509240196108,-51.91837732694123,3,199.70000000000002
maringa,PR,-23.39560726780438,-51.97479745603948,5,304.38
maringa,PR,-23.39123314589431,-51.93529184840365,16,2142.65
maringa,PR,-23.387797682667,-51.90893073812971,5,685.89
maringa,PR,-23.387644893671034,-51.95519370458188,14,2369.25
maringa,PR,-23.382472093966726,-51.927966489669885,12,1392.77
maringa,PR,-23.380859985985847,-52.05159326177887,1,129.9
maringa,PR,-23.37019500194067,-51.944212320497044,1,20.3
marinopolis,SP,-20.441329545770056,-50.823099173961076,2,158.88
mario campos,MG,-20.058159043126047,-44.178587125845986,3,618.64
mariopolis,PR,-26.354778741435545,-52.554335786909114,1,154.99
maripa,PR,-24.42130134635351,-53.82848894873443,3,361.97
maristela,SP,-23.03876670092714,-47.89387609159676,4,639.3199999999999
marituba,PA,-1.3669818638394693,-48.33763710174524,14,1224.29
marmeleiro,PR,-26.14973579423784,-53.02966720898468,7,698.44
marques de souza,RS,-29.31989803725467,-52.101715835577885,1,29.9
martinesia,MG,-18.947673738116595,-48.17591170124266,1,34.89
martinho campos,MG,-19.338557253719472,-45.22748738163027,2,415.2
martinopolis,SP,-22.148084858468284,-51.16954949489018,8,3708.09
martins,RN,-6.089642364788444,-37.91213084551946,2,177.89000000000001
martins soares,MG,-20.25731159513661,-41.87310733510026,6,408.79
mascote,BA,-15.588427783636105,-39.37293085727166,2,122.4
massape,CE,-3.5225907610052434,-40.34841900899414,2,155.9
massaranduba,SC,-26.610216926670343,-49.002534048018276,3,347.86
mata,RS,-29.56152930010417,-54.45662672556166,1,399.85
mata de sao joao,BA,-12.526844137454761,-38.26312041332726,11,1083.55
mata grande,AL,-9.117820475748035,-37.74224490331262,2,378.65
mata roma,MA,-3.624041087270268,-43.114992633354376,2,193.0
mata verde,MG,-15.690291833040085,-40.73844595333425,6,1512.53
matao,SP,-21.63768799537827,-48.33536994352243,9,635.02
matao,SP,-21.622766528986364,-48.36457234000102,4,780.8
matao,SP,-21.6048047700843,-48.36556109601182,22,3767.89
matao,SP,-21.599272492462994,-48.38883067591943,1,79.9
matao,SP,-21.592172722177946,-48.356937061543654,12,1661.15
matao,SP,-21.588190983281883,-48.37488382226852,3,237.96
matelandia,PR,-25.197781812101827,-53.907610151341544,2,57.980000000000004
materlandia,MG,-18.472854246322914,-43.059486696118356,2,79.98
mateus leme,MG,-19.99123842180006,-44.42872947177971,8,497.38
matias barbosa,MG,-21.869485342722417,-43.31977116023607,13,2169.86
matias olimpio,PI,-3.7160767249664968,-42.55389066321159,1,600.0
matinhos,PR,-25.813132721140203,-48.5363046397346,27,2862.15
matipo,MG,-20.29523058250375,-42.344496728529315,4,491.19000000000005
mato leitao,RS,-29.52488661228705,-52.12811749982887,2,179.0
mato rico,PR,-24.702111221053855,-52.159168671726796,1,72.9
mato verde,MG,-15.39316055412574,-42.86084368198853,3,420.43
matoes,MA,-5.521318854487161,-43.203509560192636,1,72.0
matoes do norte,MA,-3.6283011943315135,-44.55683603279019,2,698.9
matozinhos,MG,-19.56083264961986,-44.075581349214794,12,750.65
matrincha,GO,-15.444496329541428,-50.72338918548001,2,163.29
matriz de camaragibe,AL,-9.156550877434656,-35.53292851997611,1,64.0
matupa,MT,-10.144574145793701,-54.8697929592983,7,871.1700000000001
matutina,MG,-19.22229992242833,-45.96985523856589,2,134.89000000000001
maua,SP,-23.696375623592306,-46.45579294852484,14,1031.15
maua,SP,-23.695111596533234,-46.465573494465,1,19.99
maua,SP,-23.684914927517188,-46.45695782334157,17,1706.22
maua,SP,-23.684033795365625,-46.43879046263101,28,3207.7400000000002
maua,SP,-23.680729252163324,-46.444238272702385,17,1895.15
maua,SP,-23.67857502266464,-46.46508387745465,18,4034.94
maua,SP,-23.67804543953714,-46.45020300098349,1,19.9
maua,SP,-23.67360772906079,-46.420312249792104,14,5997.35
maua,SP,-23.673149270468024,-46.41985501627955,2,228.5
maua,SP,-23.671406718740272,-46.430267450470716,7,1020.14
maua,SP,-23.670348459035758,-46.45122585319371,26,2478.57
maua,SP,-23.669872959824414,-46.47621306270232,56,5983.17
maua,SP,-23.667685116586767,-46.40768678365546,1,68.45
maua,SP,-23.664871555007743,-46.41677139888487,4,131.9
maua,SP,-23.663212563450802,-46.415286664885194,1,116.89
maua,SP,-23.662298503303166,-46.42169512048245,25,3807.9700000000003
maua,SP,-23.66003087272816,-46.44151148849927,23,3781.38
maua,SP,-23.65890825724862,-46.46546353843509,2,136.9
maua,SP,-23.656936594800825,-46.41797406476567,5,445.9
maua,SP,-23.654195034752103,-46.45365381825393,20,2100.21
maua,SP,-23.650851903347615,-46.44685783667512,1,53.0
maua,SP,-23.648730193239793,-46.43630674015864,22,4476.1
maua,SP,-23.648718716107386,-46.41773261934037,1,109.9
maua,SP,-23.641735998374518,-46.478645021121224,11,509.54
maua da serra,PR,-23.89965920315964,-51.227297658218994,2,129.99
maurilandia,GO,-17.97857682219264,-50.340164438186015,4,265.63
mauriti,CE,-7.38773575202977,-38.77213919129912,1,14.9
maximiliano de almeida,RS,-27.631778380283844,-51.804719613244764,3,363.49
medeiros,MG,-19.996631243192493,-46.21976153825772,2,279.49
medeiros neto,BA,-17.375406123452056,-40.22236401991968,7,660.24
medianeira,PR,-25.29320167334103,-54.095134218967516,21,2883.5299999999997
medicilandia,PA,-3.4509323381238595,-52.890698787639884,1,8.99
medina,MG,-16.227412654546985,-41.47835277276773,6,579.19
meleiro,SC,-28.834639881806513,-49.63181747150646,3,210.8
mendes,RJ,-22.526046307478865,-43.73322381234702,12,1240.75
mendes pimentel,MG,-18.659970826739325,-41.40437128121699,5,372.69
mendonca,MG,-21.77059918122806,-43.35523022384441,1,149.9
mendonca,SP,-21.18468406109974,-49.57940128335437,4,230.37
mercedes,PR,-24.452002184845046,-54.167799767946796,2,213.9
merces,MG,-21.197009034368783,-43.343187965687314,4,219.76
meridiano,SP,-20.358241234875713,-50.17546015055213,1,119.0
meruoca,CE,-3.544255119013516,-40.46178684697543,2,95.0
mesquita,MG,-20.016170443597517,-42.791107664347116,1,59.9
mesquita,RJ,-22.80462139272945,-43.4357429099578,2,109.9
mesquita,RJ,-22.79835084305232,-43.434750437897016,3,338.9
mesquita,RJ,-22.79705192396206,-43.42658602251409,2,135.4
mesquita,RJ,-22.791786349943763,-43.41589366647349,5,832.5
mesquita,RJ,-22.790892213128686,-43.43692215015001,4,380.88
mesquita,RJ,-22.78727630139065,-43.42104793086865,5,455.78999999999996
mesquita,RJ,-22.786322478605623,-43.43138510904005,6,760.7
mesquita,RJ,-22.784670333851196,-43.41150550604952,4,613.7
mesquita,RJ,-22.781707096310384,-43.42552236371597,10,1064.2
mesquita,RJ,-22.77814678640116,-43.4171342747468,2,176.99
mesquita,RJ,-22.77776602762561,-43.43662348759625,4,592.38
mesquita,RJ,-22.77767719983202,-43.403866973597395,4,671.2
mesquita,RJ,-22.77328132742342,-43.417817145369014,6,590.59
mesquita,RJ,-22.772872235146963,-43.42497545965702,4,702.76
mesquita,RJ,-22.771105803454297,-43.436388705139315,2,407.97
mesquita,RJ,-22.77075741016515,-43.4312991356195,4,251.79
mesquita,RJ,-22.770064916804248,-43.422339662467735,8,1046.37
messias targino,RN,-6.079137345909716,-37.51443645815574,1,59.9
miguel calmon,BA,-11.430232476786514,-40.59743564218764,5,616.64
miguel pereira,RJ,-22.455516587510118,-43.47008296388347,28,3602.2
miguelopolis,SP,-20.182732189905014,-48.02780172057328,14,1984.27
milagres,BA,-12.870182039732622,-39.85502158056103,2,502.53999999999996
milagres,CE,-7.31229126770766,-38.94493412071386,2,334.0
milha,CE,-5.676691722902132,-39.19451500469474,2,207.9
mimoso de goias,GO,-15.058480568297375,-48.16143213393636,1,159.9
mimoso do sul,ES,-21.061570668726116,-41.36296449402211,9,687.37
minacu,GO,-13.52855704116866,-48.221095879632536,11,1561.6200000000001
minas do leao,RS,-30.13951748189073,-52.044881306470145,1,256.0
minas novas,MG,-17.22409325173999,-42.585292129283744,4,433.77
minduri,MG,-21.681808590818736,-44.6011619309737,1,19.9
mineiros,GO,-17.569465064064214,-52.5362470760418,1,364.0
mineiros,GO,-17.557090737968647,-52.550319924465285,22,2716.31
mineiros,GO,-17.55507506559905,-52.549556134508315,1,49.0
mineiros,GO,-17.542150555065394,-52.54304582479548,1,249.99
mineiros do tiete,SP,-22.41339600173933,-48.45129697299396,3,216.15
ministro andreazza,RO,-11.189419682393686,-61.52464349969754,1,69.9
mira estrela,SP,-19.9756132774764,-50.13439239768762,1,198.0
miracatu,SP,-24.27876853096373,-47.44974510482228,5,863.99
miracema,RJ,-21.41145054043178,-42.19638618566784,17,1547.26
miradouro,MG,-20.890677076161335,-42.34391248509654,1,49.9
miraguai,RS,-27.491427495073015,-53.68604465670731,1,169.97
mirai,MG,-21.193427607018222,-42.614449696492215,8,841.8100000000001
miraima,CE,-3.5669148176495655,-39.93850253170076,2,254.0
miranda,MS,-20.238080566923223,-56.39545861043507,4,273.8
miranda do norte,MA,-3.563524483801414,-44.58210331397584,1,120.0
mirandiba,PE,-8.12563596318617,-38.729259157399184,3,221.89
mirandopolis,SP,-21.132503677693613,-51.103186563082744,13,1274.99
miranorte,TO,-9.534960573689403,-48.591047290409776,2,635.9
mirante da serra,RO,-11.029251140290844,-62.669725996167365,1,120.9
mirante do paranapanema,SP,-22.29515174281066,-51.9115524214896,3,199.70000000000002
mirassol,SP,-20.814771998995393,-49.50692752488179,29,5850.89
mirassol d'oeste,MT,-15.67549165472028,-58.091327449650315,14,1912.02
miravania,MG,-14.749084707595326,-44.410436840678585,1,35.0
mirinzal,MA,-2.0668738085740657,-44.785179947070084,3,154.87
missal,PR,-25.09228097759096,-54.24220554511303,7,2490.76
missao velha,CE,-7.248568633878562,-39.14556286279263,1,14.99
mocajuba,PA,-2.5816048419757904,-49.50640761955974,1,59.9
mococa,SP,-21.4875586300279,-47.00866163574215,1,379.9
mococa,SP,-21.48198598103537,-47.00538902817873,7,952.6800000000001
mococa,SP,-21.47289191086977,-46.997082093249304,4,923.39
mococa,SP,-21.466660105003786,-47.00530729612842,8,2183.2799999999997
mococa,SP,-21.46463795262325,-47.018006347621714,2,69.98
mococa,SP,-21.456753030411576,-47.00587428230458,6,716.8
mococa,SP,-21.456483739305426,-47.01412697783054,5,794.94
moeda,MG,-20.33159553899561,-44.05135830727897,1,69.9
moema,MG,-19.842861578463324,-45.41231213762334,1,189.99
mogi das cruzes,SP,-23.67266387719291,-46.1833131521842,1,99.99
mogi das cruzes,SP,-23.63878239033844,-46.122668018365836,1,99.9
mogi das cruzes,SP,-23.599734457721812,-46.24425352033103,2,124.88999999999999
mogi das cruzes,SP,-23.572856395674282,-46.22173824466213,1,79.99
mogi das cruzes,SP,-23.57201202255187,-46.219148024353075,5,448.68
mogi das cruzes,SP,-23.561696330882008,-46.22145308933835,2,119.9
mogi das cruzes,SP,-23.561245022024075,-46.219106510132825,5,647.79
mogi das cruzes,SP,-23.55920252198315,-46.180584079236446,1,115.0
mogi das cruzes,SP,-23.558203685085278,-46.20979881878358,1,39.9
mogi das cruzes,SP,-23.555409578770284,-46.218132250650505,12,1510.58
mogi das cruzes,SP,-23.55415126218908,-46.18437947767748,11,1336.98
mogi das cruzes,SP,-23.552241458338038,-46.20076519558149,7,302.79
mogi das cruzes,SP,-23.549581926933282,-46.213814653380254,1,539.8
mogi das cruzes,SP,-23.548514659300903,-46.250895837694316,14,2311.85
mogi das cruzes,SP,-23.547623460546816,-46.226992006126736,7,1566.6799999999998
mogi das cruzes,SP,-23.54727095771482,-46.23366962104131,11,1346.33
mogi das cruzes,SP,-23.543394600163566,-46.262085681846166,5,432.31
mogi das cruzes,SP,-23.54285387223124,-46.2157459533423,7,712.69
mogi das cruzes,SP,-23.541494161505167,-46.205127355114236,11,943.58
mogi das cruzes,SP,-23.540872984544006,-46.1642899242929,4,520.96
mogi das cruzes,SP,-23.54050313841087,-46.17951599274321,6,447.24
mogi das cruzes,SP,-23.539784850233072,-46.19090421090354,22,1797.99
mogi das cruzes,SP,-23.535671151861834,-46.20113833469229,18,2546.79
mogi das cruzes,SP,-23.534371613792526,-46.21285332003901,10,1203.44
mogi das cruzes,SP,-23.532002301785656,-46.17979628874057,6,531.49
mogi das cruzes,SP,-23.528928233255044,-46.17165148842832,22,2454.1800000000003
mogi das cruzes,SP,-23.526640124463412,-46.2000036427079,2,1364.99
mogi das cruzes,SP,-23.5259699975248,-46.18844218219641,6,1288.7
mogi das cruzes,SP,-23.522840094345344,-46.1955458411618,23,4696.74
mogi das cruzes,SP,-23.520213894289633,-46.17732269163664,23,3135.35
mogi das cruzes,SP,-23.519975947056054,-46.18756607644843,3,551.0
mogi das cruzes,SP,-23.516452223980373,-46.20602049086485,6,567.59
mogi das cruzes,SP,-23.51562982228005,-46.1411121720396,24,2335.9
mogi das cruzes,SP,-23.513611625675388,-46.18967506489788,31,8287.11
mogi das cruzes,SP,-23.50893894612542,-46.15005921825601,10,1046.2
mogi das cruzes,SP,-23.501501454838422,-46.15067015542788,14,1090.35
mogi das cruzes,SP,-23.499702301795004,-46.18523295889001,13,1328.08
mogi das cruzes,SP,-23.484291191821647,-46.08949684756371,4,337.96
mogi das cruzes,SP,-23.482177500178672,-46.13804883519811,6,608.78
mogi das cruzes,SP,-23.47972043266996,-46.28060346557528,3,254.99
mogi das cruzes,SP,-23.472431708106374,-46.27637913641988,1,55.0
mogi das cruzes,SP,-23.46369115983586,-46.15286255126098,12,1065.22
mogi mirim,SP,-22.461559601994644,-46.97495192099507,6,862.14
mogi mirim,SP,-22.447055707474817,-46.94277716745162,1,389.9
mogi mirim,SP,-22.438585382264673,-46.952188251866374,8,675.57
mogi mirim,SP,-22.43724449758527,-46.96545705034646,18,1729.6200000000001
mogi mirim,SP,-22.436899908376112,-46.93652617736022,11,1158.47
mogi mirim,SP,-22.420002291515978,-46.96800110638154,22,2723.91
mogi mirim,SP,-22.409495973729328,-46.95544666295389,9,1294.36
mogi-guacu,SP,-22.384819483042275,-46.92635049383281,2,519.9
mogi-guacu,SP,-22.38343651404282,-46.947926542619655,9,729.59
mogi-guacu,SP,-22.383407730307617,-46.93598735087051,17,1863.88
mogi-guacu,SP,-22.366040649505827,-46.93816713358193,12,1479.77
mogi-guacu,SP,-22.364963223378926,-46.92438594468527,4,1483.7
mogi-guacu,SP,-22.356314123198462,-46.9512633640901,9,1744.96
mogi-guacu,SP,-22.350097224332373,-46.941155690979315,7,776.5799999999999
mogi-guacu,SP,-22.33978411439518,-46.924309679539405,15,1563.4
mogi-guacu,SP,-22.33277427705416,-46.94968396481364,13,1398.04
mogi-guacu,SP,-22.291319311130906,-47.12036174022281,1,70.0
mogi-mirim,SP,-22.420002291515978,-46.96800110638154,2,89.8
moju,PA,-1.8897855716183642,-48.76695377709679,4,242.88
mojui dos campos,PA,-2.6832381040406053,-54.63846808173611,2,119.59
mombaca,CE,-5.745164121760787,-39.628785542900346,1,219.9
mombuca,SP,-20.56936647541443,-46.02311914850127,3,107.13999999999999
moncao,MA,-3.4952781661019174,-45.24770532027483,1,85.99
moncoes,SP,-20.852480515464546,-50.09068914679384,2,346.98
mondai,SC,-27.101575115595427,-53.400361871374365,2,409.0
mongagua,SP,-24.11189555747921,-46.665437421768196,41,5212.53
monsenhor paulo,MG,-21.75692776880969,-45.54211959977871,1,53.99
monsenhor tabosa,CE,-4.811069197938342,-40.066456844180365,3,329.8
montadas,PB,-7.08689252783847,-35.95922466090243,1,84.99
montalvania,MG,-14.416785953121789,-44.38216215825128,3,352.2
montanha,ES,-18.13113299686834,-40.35711188194904,10,1586.54
montanhas,RN,-6.4885010935799885,-35.28736471075277,1,325.0
montauri,RS,-28.65338084251949,-52.075866110814346,2,429.89
monte alegre,PA,-1.9969953841766244,-54.07097385279389,1,98.0
monte alegre,RN,-6.070730665880155,-35.335571173526176,1,19.99
monte alegre de minas,MG,-18.86885090447068,-48.878546586414245,4,213.68
monte alegre de sergipe,SE,-10.028089695011241,-37.56306971851773,1,80.0
monte alegre do sul,SP,-22.698918169851417,-46.84649616728969,3,3172.89
monte alegre do sul,SP,-22.69294884489288,-46.98287754029338,3,1008.9
monte alto,SP,-21.263459220114285,-48.495496727506335,32,2355.01
monte alverne,RS,-29.63334025597507,-52.389486761273076,1,268.0
monte aprazivel,SP,-20.770002235308883,-49.711833620552895,10,948.11
monte azul,MG,-15.152585076654928,-42.87098092596081,5,619.9
monte azul paulista,SP,-20.90649544090401,-48.64248793800183,19,2887.91
monte belo,MG,-21.325337015065983,-46.36803921930899,5,1109.78
monte belo do sul,RS,-29.16319437700109,-51.63695370139826,1,79.98
monte bonito,RS,-31.63880715441437,-52.41553423919472,1,29.5
monte carlo,SC,-27.210942777159808,-50.973045717160865,3,309.5
monte carmelo,MG,-18.73255318535424,-47.49636761511996,23,2869.14
monte castelo,SC,-26.460947401412344,-50.23037014662203,1,78.0
monte castelo,SP,-21.299468617508854,-51.5678132069837,1,91.5
monte formoso,MG,-16.8633370066028,-41.254925476729326,2,72.99
monte gordo,BA,-12.625605667070458,-38.074572836797316,1,199.9
monte mor,SP,-22.944389409694327,-47.295351221518395,38,4517.2
monte santo,BA,-10.438905632289902,-39.33166015708399,1,23.21
monte santo de minas,MG,-21.01108618935938,-46.81173307883256,9,869.28
monte siao,MG,-22.430217898121075,-46.57340512991158,20,2530.2799999999997
monte verde,MG,-22.860174010216742,-46.03257024981759,3,343.09999999999997
monteiropolis,AL,-9.603077766424372,-37.24771684332587,1,159.9
montenegro,RS,-29.68780422662315,-51.467963988245124,32,4910.6
montes claros,MG,-16.75272520535767,-43.87182429520995,25,2270.59
montes claros,MG,-16.74032365920852,-43.84816627484434,37,4062.64
montes claros,MG,-16.727573410349535,-43.88612955102336,4,273.7
montes claros,MG,-16.72463312407852,-43.87247844204142,52,7293.9800000000005
montes claros,MG,-16.72222885484652,-43.8308610253888,4,395.78
montes claros,MG,-16.721976101453777,-43.86291363894473,70,10557.0
montes claros,MG,-16.702903785611095,-43.83173842366981,15,1113.46
montezuma,MG,-15.171322156662706,-42.500336051042744,2,186.89000000000001
montividiu do norte,GO,-13.352843374404667,-48.690562356137626,1,17.99
morada nova,CE,-5.093598886770048,-38.37505895208918,9,1295.28
morada nova,PA,-5.367055329732242,-49.12499133553474,1,59.99
morada nova de minas,MG,-18.60522950472143,-45.353299377474784,3,658.89
moreilandia,PE,-7.61803954616468,-39.543021952508624,2,230.9
moreira sales,PR,-24.051547975700355,-53.00637296762316,3,345.67
moreno,PE,-8.117514384880712,-35.110601358453785,5,763.5
morpara,BA,-11.564151518259994,-43.27671953865007,2,357.12
morretes,PR,-25.482183572886715,-48.82919131856336,3,587.98
morrinhos,CE,-3.241045739308473,-40.1072066202293,4,917.8
morrinhos,GO,-17.733896355961825,-49.11590889021752,14,1479.79
morro agudo,SP,-20.72828330325555,-48.05514852208202,9,1670.95
morro agudo de goias,GO,-15.315496976111609,-50.05803955934807,1,32.9
morro da fumaca,SC,-28.651461411045457,-49.21095771779099,7,1676.0
morro da garca,MG,-18.543011590275103,-44.60180934821425,1,199.0
morro de sao paulo,BA,-16.746867739073753,-41.47408760772705,1,691.96
morro do chapeu,BA,-11.548025813188566,-41.15916631362808,7,557.57
morro do ferro,MG,-20.768046872119893,-44.57978038279778,1,120.0
morro do pilar,MG,-19.219598574626463,-43.38193923972434,1,69.9
morro grande,SC,-28.803420626886183,-49.714754963930766,1,119.8
morro redondo,RS,-31.59224096153106,-52.624349365652066,1,209.9
morro reuter,RS,-29.539460510721494,-51.08264807709507,3,627.34
morro vermelho,MG,-19.95826027121757,-43.69681781577193,1,31.9
morungaba,SP,-22.875938478414557,-46.793434706878294,7,582.6899999999999
mossamedes,GO,-16.124703093317933,-50.21340932752605,1,49.99
mossoro,RN,-5.213570953984841,-37.33623578092242,7,760.58
mossoro,RN,-5.20850368149881,-37.362441897610516,1,44.99
mossoro,RN,-5.204509064907853,-37.32602554324669,3,222.7
mossoro,RN,-5.203345254879048,-37.301608438274975,2,659.8
mossoro,RN,-5.200508203302213,-37.35011527597812,3,349.0
mossoro,RN,-5.190287925014005,-37.33984428255541,3,456.59999999999997
mossoro,RN,-5.18996471254512,-37.350746744770134,1,149.9
mossoro,RN,-5.185115023820631,-37.36342775205033,2,248.89000000000001
mossoro,RN,-5.18237423073426,-37.33704247600095,3,340.87
mossoro,RN,-5.181754798018344,-37.347160528981796,2,202.89
mossoro,RN,-5.17583849470704,-37.34617049247141,3,314.46000000000004
mossoro,RN,-5.1750115601728,-37.358979585990916,3,435.89
mossoro,RN,-5.170476131722328,-37.33502300560519,1,99.0
mossoro,RN,-5.15407384095141,-37.362271329235774,1,349.9
mostardas,RS,-31.102961069926018,-50.91340742099437,11,1517.83
motuca,SP,-21.50979127631984,-48.15053355851478,2,158.9
mozarlandia,GO,-14.75127393843723,-50.56816461230508,7,806.4
mucambo,CE,-3.905726996478778,-40.74612755881526,1,119.9
mucuge,BA,-13.008789697437837,-41.37410859508287,1,256.99
mucuri,BA,-18.071603357754014,-39.56837083080777,7,2203.67
mucurici,ES,-18.08497000761245,-40.521050875979604,1,259.8
mundo novo,BA,-11.872145244234288,-40.48244632951041,1,129.0
mundo novo,GO,-13.773088398359624,-50.27830982382427,2,306.0
mundo novo,MS,-23.93812183536004,-54.288775419299284,3,667.99
munhoz,MG,-22.61384923072915,-46.3625578974145,4,384.66999999999996
munhoz de melo,PR,-23.148268304523533,-51.774096846514354,4,953.89
muniz freire,ES,-20.46250862812245,-41.41468639351346,2,238.9
muquem do sao francisco,BA,-12.114785602659982,-43.5530546987918,2,61.32
muqui,ES,-20.95206473566138,-41.342187048258076,4,485.48
muriae,MG,-21.139142186952437,-42.37332242019821,5,585.8
muriae,MG,-21.136625292389418,-42.360129420293525,6,777.1800000000001
muriae,MG,-21.136388018041888,-42.399282851834,1,34.99
muriae,MG,-21.130295875987645,-42.381132217265296,11,2026.8200000000002
muriae,MG,-21.130015778682374,-42.36814522541781,22,4569.66
muriae,MG,-21.129053028843952,-42.357050866903734,12,1505.02
muriae,MG,-21.1280137842606,-42.39734841367991,4,330.36
muriae,MG,-21.12516668817324,-42.38593200783573,2,1119.6
murici,AL,-9.31049621523562,-35.94520587502116,1,49.9
muritiba,BA,-12.622423750740422,-38.98946847054154,1,159.49
murucupi,PA,-1.5650067328210797,-48.761537583255155,1,129.9
murutinga do sul,SP,-20.99263572309109,-51.2785202245721,2,809.0
mussurepe,RJ,-21.84251257848949,-41.25341551332294,1,99.99
mutuipe,BA,-13.228299940041628,-39.506295861448365,4,448.78999999999996
mutum,MG,-19.826182498347983,-41.43855366446426,8,1397.94
mutum parana,RO,-9.295284884215345,-64.54803083490056,1,39.9
mutunopolis,GO,-13.728156076776243,-49.28255872909269,1,24.41
muzambinho,MG,-21.368981491695624,-46.523156559190284,9,665.8
nacip raydan,MG,-18.455770957857247,-42.249104419606944,1,74.9
nantes,SP,-22.619609862785907,-51.23805573941728,1,79.0
nanuque,MG,-17.844081255954336,-40.34915577347187,25,2395.9700000000003
nao-me-toque,RS,-28.46111701460003,-52.81932731120382,7,859.6800000000001
narandiba,SP,-22.40647530951502,-51.52387024341253,2,408.97999999999996
natal,RN,-5.880048766497236,-35.18057365082821,3,1349.8
natal,RN,-5.87992875883264,-35.17693590893308,7,1194.8200000000002
natal,RN,-5.87939332015166,-35.19819461228769,5,1135.68
natal,RN,-5.875625074484976,-35.20414083013931,2,364.89
natal,RN,-5.871514279315584,-35.18385752324734,1,987.0
natal,RN,-5.870991776498122,-35.22867421536271,6,537.89
natal,RN,-5.869612637565207,-35.20098681984582,1,122.99
natal,RN,-5.866604369212288,-35.210272877738205,9,979.01
natal,RN,-5.86257940664892,-35.196030967864836,10,880.39
natal,RN,-5.85807323002309,-35.23933298255136,3,308.99
natal,RN,-5.855344038566544,-35.2082284443252,7,1181.69
natal,RN,-5.851687998296135,-35.21756570209818,2,213.9
natal,RN,-5.849251628304106,-35.25313114105833,2,369.79999999999995
natal,RN,-5.84756120198158,-35.24208155145853,4,951.9
natal,RN,-5.846927746260256,-35.20377476820843,3,233.89000000000001
natal,RN,-5.837772582291003,-35.21901832648959,2,169.0
natal,RN,-5.834605203282273,-35.21889025300884,8,1729.55
natal,RN,-5.829790514266212,-35.21448217333384,3,1286.9
natal,RN,-5.828558061838678,-35.26121340451021,2,134.69
natal,RN,-5.8235971150512675,-35.208431584894505,5,912.35
natal,RN,-5.823073861447334,-35.23567921382871,3,355.0
natal,RN,-5.822761520759947,-35.23916705935673,5,587.89
natal,RN,-5.822190535664666,-35.22120711888331,6,435.61
natal,RN,-5.8176185536918545,-35.20508926971087,9,2602.3
natal,RN,-5.8161631003297165,-35.237839309413026,1,98.0
natal,RN,-5.815988594626085,-35.22696997242396,2,372.89
natal,RN,-5.811200387378497,-35.22011226834218,10,1031.44
natal,RN,-5.807745201853521,-35.22988162565379,2,307.99
natal,RN,-5.80575751660412,-35.199733841905676,4,249.43
natal,RN,-5.805682325551981,-35.2167447954388,2,241.99
natal,RN,-5.802034788241243,-35.206692126012605,5,542.88
natal,RN,-5.801473641129741,-35.22360169972219,1,58.99
natal,RN,-5.800909686255446,-35.22957673063081,1,44.9
natal,RN,-5.797782626277699,-35.2120391998891,3,264.0
natal,RN,-5.794336560817082,-35.23589300661402,1,161.99
natal,RN,-5.792244362728698,-35.201519792539244,10,2566.8900000000003
natal,RN,-5.789817888864893,-35.192418406445576,4,1499.76
natal,RN,-5.787061775444423,-35.20673154531877,7,2424.23
natal,RN,-5.786214572397755,-35.22561748594978,1,29.9
natal,RN,-5.779975675771432,-35.20015898583558,1,144.9
natal,RN,-5.7709514949954155,-35.199552272816234,3,198.0
natal,RN,-5.770407247862637,-35.25943921165087,1,173.99
natal,RN,-5.770353826502608,-35.269744619487604,1,12.99
natal,RN,-5.762972982167294,-35.2585456030627,3,2006.7
natal,RN,-5.756299798222198,-35.24513004720402,3,161.29
natal,RN,-5.755930608105756,-35.25412781257779,1,452.6
natal,RN,-5.755568285660706,-35.25893319528012,1,145.0
natal,RN,-5.752577821146112,-35.27238650725424,5,480.28
natal,RN,-5.7516896449525055,-35.2769420364894,2,139.99
natal,RN,-5.750473799731762,-35.25079971523115,3,347.48
natal,RN,-5.749755906362356,-35.22386647162744,4,289.49
natal,RN,-5.746629791112075,-35.24746629248232,3,188.96999999999997
natal,RN,-5.746578225261904,-35.2433396370339,1,135.0
natal,RN,-5.743497762330869,-35.25913733032603,1,636.0
natal,RN,-5.739410602262188,-35.24575071822909,2,242.0
natal,RN,-5.737931184003783,-35.23659271771213,3,588.6
natal,RN,-5.72999449976842,-35.252217067712756,1,27.99
natal,RN,-5.729452829926924,-35.26613618011208,2,458.9
natercia,MG,-22.11828175878632,-45.51156447559829,1,39.9
natividade,RJ,-21.044518401659875,-41.975047892864765,15,2645.37
natividade,TO,-11.713284776645507,-47.72150567887336,1,349.9
natividade da serra,SP,-23.377650255194677,-45.4439920506923,1,125.0
navegantes,SC,-26.890665854149656,-48.65532838709395,18,5004.92
navegantes,SC,-26.870633550295356,-48.683030727601924,4,563.3
navegantes,SC,-26.84343121927079,-48.63491566536206,8,1174.96
navegantes,SC,-26.796065057113076,-48.75628939061173,1,39.99
navirai,MS,-23.06107639693415,-54.20037679183215,8,1910.88
nazare,BA,-13.024718668171314,-39.00732926130363,3,419.84000000000003
nazare da mata,PE,-7.743509777420115,-35.22705300810346,1,99.99
nazare paulista,SP,-23.17365980834384,-46.39950999120283,7,815.64
nazareno,MG,-21.218426460567624,-44.615820980959015,2,161.8
nazario,GO,-16.580899236343214,-49.88292119198271,2,237.89000000000001
neopolis,SE,-10.32593083501133,-36.57752881665699,1,235.0
nepomuceno,MG,-21.236352172815856,-45.23626913181331,9,610.94
neropolis,GO,-16.405922323480205,-49.221319687063634,7,1297.22
neves paulista,SP,-20.843958221870825,-49.631101809394146,3,112.58
nhandeara,SP,-20.693537430599775,-50.042499092685674,7,595.26
nilopolis,RJ,-22.82027720659127,-43.42270906150816,3,316.9
nilopolis,RJ,-22.816628254842055,-43.416324968037635,21,3009.2
nilopolis,RJ,-22.81382105979965,-43.40235279737406,9,1338.5700000000002
nilopolis,RJ,-22.81249234447968,-43.42909625891298,17,1366.2
nilopolis,RJ,-22.809500731742084,-43.43250149322672,6,760.79
nilopolis,RJ,-22.80794794860136,-43.407730986708756,7,1044.22
nilopolis,RJ,-22.805706631753832,-43.42307905240664,20,2828.57
nilopolis,RJ,-22.804257068335087,-43.42109060717076,2,279.8
nilopolis,RJ,-22.80164222999227,-43.41601787718497,8,1042.26
nilopolis,RJ,-22.799760130437146,-43.41047447797409,10,1140.67
nipoa,SP,-20.913083868087895,-49.77811856559246,2,337.8
niquelandia,GO,-14.469844694917848,-48.4569498848423,13,1577.6699999999998
niteroi,RJ,-22.970402738373885,-43.03213294708582,5,414.14
niteroi,RJ,-22.954105582144187,-43.0680054361715,20,2331.51
niteroi,RJ,-22.94923036239725,-43.02805520804324,12,1772.21
niteroi,RJ,-22.947654432561993,-43.03365087049761,20,2547.8
niteroi,RJ,-22.9411555966564,-43.043134176624925,11,1544.7
niteroi,RJ,-22.940616864219162,-43.06545401112341,36,6386.0599999999995
niteroi,RJ,-22.937391616620623,-43.022146384113576,21,2043.1200000000001
niteroi,RJ,-22.93685983573083,-43.014915229908226,10,2482.99
niteroi,RJ,-22.924664773806036,-43.09986986144608,4,2545.9
niteroi,RJ,-22.912243204052235,-43.08150933080395,3,386.6
niteroi,RJ,-22.9110328213164,-43.06742681237905,8,427.54
niteroi,RJ,-22.904219800443407,-43.09158065028214,21,2001.4699999999998
niteroi,RJ,-22.90324481661885,-43.107023598220486,115,17242.79
niteroi,RJ,-22.902823180776025,-43.05085812937721,21,3476.62
niteroi,RJ,-22.901684792085458,-43.06891496088816,22,2712.0
niteroi,RJ,-22.901199547746405,-42.991174595669065,9,775.0
niteroi,RJ,-22.9006237676799,-43.127072924198885,69,7669.09
niteroi,RJ,-22.897237232548903,-43.09915756428693,59,6874.15
niteroi,RJ,-22.89632305663318,-43.03845772727727,5,543.39
niteroi,RJ,-22.893701145563103,-43.12041784927668,34,10724.53
niteroi,RJ,-22.893486245089814,-43.11089097581806,1,56.1
niteroi,RJ,-22.889267493261833,-43.04860885808703,6,241.67000000000002
niteroi,RJ,-22.888697457782282,-43.11830702093674,33,4484.4
niteroi,RJ,-22.88593419631651,-43.1106543708203,9,1055.94
niteroi,RJ,-22.88327023685682,-43.09227400558896,36,4472.32
niteroi,RJ,-22.882735624308985,-43.12349628123474,4,439.41999999999996
niteroi,RJ,-22.879226893202652,-43.09157186572144,26,3916.8300000000004
niteroi,RJ,-22.878636914963273,-43.08609614601055,117,17100.69
niteroi,RJ,-22.87816915718994,-43.05564163085743,4,373.78999999999996
niteroi,RJ,-22.87517503985885,-43.109560284753925,2,242.9
niteroi,RJ,-22.867915276400392,-43.09960548772942,44,4099.18
niteroi,RJ,-22.86398451494475,-43.09252306679081,2,74.9
niteroi,RJ,-22.86343492846253,-43.09725737403164,1,38.9
niteroi,RJ,-22.830988719475524,-43.03086077591251,31,4068.82
niteroi,RJ,-22.830563953896416,-43.045196029261426,3,294.89
niteroi,RJ,-21.2189719026067,-41.87752350568823,1,27.9
nobres,MT,-14.712726951281516,-56.31519130999977,1,41.99
nonoai,RS,-27.368607339813273,-52.77330694615436,2,175.9
nortelandia,MT,-14.45246234638014,-56.80464529140043,1,174.9
nossa senhora da gloria,SE,-10.231930446072239,-37.41298592778491,2,221.45000000000002
nossa senhora das dores,SE,-10.464356642872392,-37.210806466356985,1,559.0
nossa senhora das gracas,PR,-22.914073517756407,-51.797181091346296,2,54.8
nossa senhora de caravaggio,SC,-25.779146417776126,-48.26006409087198,1,120.0
nossa senhora de lourdes,SE,-10.078082211566453,-37.05431618159144,1,79.99
nossa senhora do o,PE,-8.36072323908884,-34.98625112512223,1,37.0
nossa senhora do socorro,SE,-10.864589292249612,-37.09579239297197,14,2282.92
nova alvorada,RS,-28.67701523953113,-52.164869686533066,3,261.8
nova alvorada do sul,MS,-21.45877491165093,-54.365640213038574,3,380.85
nova america,GO,-15.02206686103527,-49.893398070713395,1,51.0
nova america da colina,PR,-23.33126668325342,-50.71854215134922,1,58.99
nova andradina,MS,-22.247795402944273,-53.34735455657627,11,2194.87
nova araca,RS,-28.659589690065662,-51.74863202315353,1,119.99
nova aurora,GO,-18.058583667460102,-48.255939560009146,1,490.0
nova aurora,PR,-24.527179594929716,-53.25915099741323,3,575.89
nova bandeirantes,MT,-9.850183497966546,-57.82294898680789,4,548.51
nova bassano,RS,-28.73275657187561,-51.704570818803276,4,387.24
nova boa vista,RS,-27.992458122241498,-52.980951758737106,1,52.9
nova brasilandia d'oeste,RO,-11.72587550968041,-62.31699294184998,2,402.79999999999995
nova campina,SP,-24.121789977420086,-48.904884830442995,2,156.5
nova canaa,BA,-14.669574171941456,-40.122280444625304,2,156.9
nova canaa do norte,MT,-10.616297326127215,-55.81061910383138,3,149.77999999999997
nova canaa paulista,SP,-20.38262457034294,-50.94343646027845,2,109.89000000000001
nova cantu,PR,-24.67235812364705,-52.57056261357077,2,199.9
nova crixas,GO,-14.094530496663717,-50.3435023323089,1,153.4
nova cruz,RN,-6.4801497212964305,-35.432799303715115,3,462.88
nova era,MG,-19.764914311361164,-43.02993999536734,15,2074.71
nova erechim,SC,-26.90380516299316,-52.90589294135718,3,254.79
nova esperanca,PR,-23.18538719138743,-52.20422371871447,8,1579.78
nova esperanca do piria,PA,-2.25722575385321,-46.95885788805854,1,2199.0
nova esperanca do sudoeste,PR,-25.899983729717466,-53.26151800839115,1,84.99
nova esperanca do sul,RS,-29.420808676228408,-54.90616870311035,2,259.4
nova europa,SP,-21.780472771981888,-48.56577873780284,8,634.44
nova fatima,BA,-11.608126706996915,-39.630423046437684,1,143.8
nova fatima,PR,-23.433905336392048,-50.56156092080512,4,254.89
nova floresta,PB,-6.455501841703926,-36.20590796891664,1,129.6
nova friburgo,RJ,-22.323794866229523,-42.51973077441476,5,861.78
nova friburgo,RJ,-22.32342916812479,-42.54761385688765,8,818.06
nova friburgo,RJ,-22.31576375825697,-42.421195084565035,4,319.78999999999996
nova friburgo,RJ,-22.308358842444736,-42.540742867479935,7,759.24
nova friburgo,RJ,-22.301981282979206,-42.53765402389688,10,1245.77
nova friburgo,RJ,-22.29292920770179,-42.521276631270716,4,792.9
nova friburgo,RJ,-22.28820720388089,-42.53124510791558,13,3155.07
nova friburgo,RJ,-22.285310885417903,-42.52415219219638,2,207.9
nova friburgo,RJ,-22.28479683466109,-42.531654096775355,10,3323.0
nova friburgo,RJ,-22.28303811019071,-42.53811896096648,33,5385.75
nova friburgo,RJ,-22.269903758517675,-42.51971931487772,10,1767.78
nova friburgo,RJ,-22.251294327685233,-42.540627381377185,9,4489.990000000001
nova friburgo,RJ,-22.238025218273112,-42.525863570577975,16,2589.08
nova friburgo,RJ,-22.237700639848438,-42.518754457064084,7,1422.3899999999999
nova friburgo,RJ,-22.21481460112106,-42.516952572022966,3,161.7
nova granada,SP,-20.536387134122258,-49.32085573063807,19,1790.33
nova guarita,MT,-10.310601820328687,-55.404855127740255,1,25.0
nova guataporanga,SP,-21.332455863200394,-51.64596990139046,1,75.0
nova hartz,RS,-29.588354352147714,-50.9006766106218,3,618.88
nova iguacu,RJ,-22.84103615023977,-43.61515804577371,1,148.9
nova iguacu,RJ,-22.821289601573383,-43.583917046351964,5,1986.8600000000001
nova iguacu,RJ,-22.81315246690653,-43.58884053145267,3,503.8
nova iguacu,RJ,-22.800125589753282,-43.59358340822262,3,1570.8899999999999
nova iguacu,RJ,-22.79249083598364,-43.57524682495404,1,265.0
nova iguacu,RJ,-22.775922205954583,-43.53552518598715,4,1112.41
nova iguacu,RJ,-22.771786935706576,-43.513737001536,2,153.65
nova iguacu,RJ,-22.7692389862532,-43.52530849381608,12,2442.91
nova iguacu,RJ,-22.76580597634655,-43.44413388623215,6,1438.98
nova iguacu,RJ,-22.765388055774636,-43.513740263369385,3,551.96
nova iguacu,RJ,-22.765111723156874,-43.559026201122336,6,1152.69
nova iguacu,RJ,-22.764974904450163,-43.43867207315254,6,918.48
nova iguacu,RJ,-22.76240169452735,-43.49189992116156,8,705.1800000000001
nova iguacu,RJ,-22.761895289271685,-43.44132518888005,6,612.4
nova iguacu,RJ,-22.76149082223366,-43.49983733727016,1,64.99
nova iguacu,RJ,-22.761268184110865,-43.504602353534416,2,508.9
nova iguacu,RJ,-22.760838936119498,-43.45665101381061,33,8364.01
nova iguacu,RJ,-22.75945387444939,-43.48287991446073,10,1303.87
nova iguacu,RJ,-22.758659494455966,-43.46865496838731,4,274.88
nova iguacu,RJ,-22.758522248481707,-43.5081270171475,3,84.89
nova iguacu,RJ,-22.758405694137398,-43.442957719272016,12,2165.8
nova iguacu,RJ,-22.757514514925703,-43.47418414534944,1,12.99
nova iguacu,RJ,-22.75641397681851,-43.468057858785166,1,141.4
nova iguacu,RJ,-22.75587652233678,-43.45011309119682,13,1269.0
nova iguacu,RJ,-22.7551063244127,-43.42858334530357,13,1374.93
nova iguacu,RJ,-22.754343447271268,-43.42874379900237,1,287.70000000000005
nova iguacu,RJ,-22.75365868027963,-43.50568209999401,7,574.58
nova iguacu,RJ,-22.751116321636196,-43.4803664070067,9,1057.78
nova iguacu,RJ,-22.751111606071024,-43.46011896476947,3,104.39
nova iguacu,RJ,-22.750950306589704,-43.5104936361956,3,103.89
nova iguacu,RJ,-22.749383783452853,-43.443731820645425,12,1237.46
nova iguacu,RJ,-22.749261034645645,-43.457434797409576,10,1061.39
nova iguacu,RJ,-22.749193696741642,-43.469546131254496,8,760.57
nova iguacu,RJ,-22.748785105742307,-43.43168107136049,9,1347.66
nova iguacu,RJ,-22.747655366540023,-43.50045199921573,8,564.72
nova iguacu,RJ,-22.746340793942444,-43.51599943467023,3,704.5
nova iguacu,RJ,-22.745675146224826,-43.44388802788447,13,1767.75
nova iguacu,RJ,-22.74498697417717,-43.43911485622618,7,453.85
nova iguacu,RJ,-22.743455469856766,-43.48205928698698,5,487.77000000000004
nova iguacu,RJ,-22.743267765418626,-43.47080427462203,2,174.9
nova iguacu,RJ,-22.73962521457062,-43.51130348349012,6,578.48
nova iguacu,RJ,-22.739120145317514,-43.438923776976765,9,836.7
nova iguacu,RJ,-22.739051517422563,-43.47469667232987,4,319.92
nova iguacu,RJ,-22.7378823853966,-43.540626520424674,2,176.86
nova iguacu,RJ,-22.733144913944965,-43.47564299726109,4,339.28999999999996
nova iguacu,RJ,-22.73307786504663,-43.4496138786291,14,1474.25
nova iguacu,RJ,-22.732232372714957,-43.460676715526674,10,1023.6800000000001
nova iguacu,RJ,-22.731168484612926,-43.4796971945155,5,382.69
nova iguacu,RJ,-22.730849923063516,-43.501629004388285,1,69.0
nova iguacu,RJ,-22.72927766291159,-43.46322545433846,9,1362.08
nova iguacu,RJ,-22.728830116665797,-43.516628593810466,3,174.99
nova iguacu,RJ,-22.727495091333505,-43.52334987524174,5,398.8
nova iguacu,RJ,-22.7265203412345,-43.43963538573774,5,570.89
nova iguacu,RJ,-22.72546659818089,-43.5110829974867,5,558.6800000000001
nova iguacu,RJ,-22.722956089481777,-43.4618987093067,1,29.0
nova iguacu,RJ,-22.72277955303024,-43.46645519648206,1,98.0
nova iguacu,RJ,-22.718698741050478,-43.47704074319361,1,20.89
nova iguacu,RJ,-22.718454478738636,-43.45333006616676,1,129.34
nova iguacu,RJ,-22.716288877191023,-43.51530571258531,14,2048.68
nova iguacu,RJ,-22.715476981048564,-43.45497446506072,5,659.4
nova iguacu,RJ,-22.712261582859313,-43.43397796646818,18,3306.44
nova iguacu,RJ,-22.709994584521123,-43.52081425760519,5,417.02
nova iguacu,RJ,-22.709788663568432,-43.465657949741065,9,478.73
nova iguacu,RJ,-22.708401272321506,-43.47914027612773,1,179.0
nova iguacu,RJ,-22.70596026208645,-43.44426093479684,6,722.87
nova iguacu,RJ,-22.693709309049854,-43.45569367309577,6,353.46
nova iguacu,RJ,-22.692333946397017,-43.4678329284204,4,370.59000000000003
nova iguacu,RJ,-22.682661738953115,-43.44763426447411,7,912.53
nova iguacu,RJ,-22.676424784708487,-43.46514837118791,2,271.99
nova iguacu,RJ,-22.663299180487797,-43.42190649887993,1,134.9
nova independencia,SP,-21.107561050741538,-51.49134299887708,1,23.9
nova ipixuna,PA,-4.9214714305945515,-49.07880708174833,1,328.0
nova itaberaba,SC,-26.94061305970668,-52.8151697400277,2,308.89
nova lacerda,MT,-14.474447766348016,-59.58685492554173,1,339.74
nova laranjeiras,PR,-25.305346043348553,-52.53942861117956,1,208.1
nova lima,MG,-20.111626607711685,-43.93436943089234,7,5131.78
nova lima,MG,-20.090295388611786,-43.95750538727779,2,186.78
nova lima,MG,-20.05734811835673,-43.9289531776618,1,79.99
nova lima,MG,-20.037114000084788,-43.9265421826455,1,274.99
nova lima,MG,-20.034335397356873,-43.96642982270806,9,1317.56
nova lima,MG,-20.00532479052168,-43.85098134058036,14,1851.07
nova lima,MG,-20.001542906194736,-43.888102883552385,9,1033.24
nova lima,MG,-20.00010104672836,-43.928368571462386,1,40.0
nova lima,MG,-19.99919317875783,-43.84782993620252,6,1040.1
nova lima,MG,-19.99409402882276,-43.887058022372244,8,1591.5
nova lima,MG,-19.993191026225645,-43.85183380951944,5,605.7
nova lima,MG,-19.986615844847748,-43.86167962070278,9,2180.5
nova lima,MG,-19.98048628881467,-43.93981496058217,24,5481.94
nova londrina,PR,-22.763496600457717,-52.98829848487106,9,743.53
nova luzitania,SP,-20.856451163027177,-50.26211321114505,1,22.9
nova mamore,RO,-10.401331772538782,-65.2672107239507,2,594.9
nova monte verde,MT,-9.979483347743496,-57.449932389721454,3,245.79
nova mutum,MT,-13.81190941318278,-56.08321769268831,5,571.38
nova odessa,SP,-22.803511012903027,-47.302615013490154,2,154.8
nova odessa,SP,-22.800422818214695,-47.30746366559665,2,144.5
nova odessa,SP,-22.79108894458042,-47.29384174508786,6,1427.9499999999998
nova odessa,SP,-22.785778889541046,-47.312537141740734,10,746.06
nova odessa,SP,-22.78503597435333,-47.295187414369096,10,1314.25
nova odessa,SP,-22.777256055092117,-47.28318210696585,6,460.35
nova odessa,SP,-22.76428975859273,-47.226612971490795,1,104.8
nova olimpia,MT,-14.779770956593296,-57.29385453891894,2,168.0
nova olinda,CE,-7.097252821632011,-39.67537189924241,3,1490.8
nova olinda,TO,-7.630078590577124,-48.42301010954237,1,29.9
nova olinda do maranhao,MA,-2.806361803992104,-45.70419740771682,4,1546.4
nova padua,RS,-29.027600933861294,-51.30913401762652,1,69.9
nova palma,RS,-29.46857622844848,-53.45869367289793,2,428.9
nova petropolis,RS,-29.375117732594422,-51.10823005629176,8,459.89
nova ponte,MG,-19.3364369651837,-47.113221804399366,9,1409.49
nova prata,RS,-28.78225459518229,-51.60921296756925,16,1230.94
nova prata do iguacu,PR,-25.635752110869912,-53.3472924775523,6,1049.78
nova redencao,BA,-12.8161305099824,-41.069748002827914,1,19.9
nova resende,MG,-21.11141078117889,-46.420562692445976,1,10.99
nova roma,GO,-13.741770516069945,-46.88151285654092,1,49.99
nova roma do sul,RS,-28.987234388238626,-51.40785295265843,1,1106.99
nova russas,CE,-4.7085259993750315,-40.5573026886814,7,1504.94
nova santa barbara,PR,-23.588055104023535,-50.76292673504195,1,113.0
nova santa rita,PI,-8.074450129153925,-42.04957577845157,1,13.98
nova santa rita,RS,-29.86087323102249,-51.27283476987696,5,954.78
nova santa rosa,PR,-24.462380148280616,-53.95650432324312,4,398.88
nova serrana,MG,-19.874060044307274,-44.98701334631972,49,7447.26
nova soure,BA,-11.24056027473802,-38.48111201874123,3,255.52
nova timboteua,PA,-1.1827933479544828,-47.38893559148273,1,99.9
nova trento,SC,-27.28299944363184,-48.93077294776362,6,870.6
nova ubirata,MT,-13.016623505122645,-55.17194331679937,1,99.9
nova venecia,ES,-18.70658082589379,-40.406383792282284,19,2439.9
nova veneza,GO,-16.3728020737293,-49.31666655626662,4,339.95
nova veneza,SC,-28.653457526883095,-49.49953380771339,3,422.89
nova vicosa,BA,-17.898358182362454,-39.37363049842613,1,205.99
nova xavantina,MT,-14.66646434914308,-52.353931091841375,10,3274.69
novais,SP,-20.99543528043601,-48.919331724846614,1,99.9
novo alegre,TO,-12.914308930078104,-46.57394544207846,1,279.99
novo barreiro,RS,-27.91177282672538,-53.114835359549815,2,197.59
novo brasil,ES,-19.249396534825074,-40.518293109768535,1,85.9
novo cabrais,RS,-29.73735462458039,-52.95390846390036,1,55.0
novo cruzeiro,MG,-17.460076462397126,-41.88544113747723,9,805.78
novo gama,GO,-16.091274999999968,-48.03174499999997,1,35.9
novo gama,GO,-16.069203519493158,-48.05054168496758,2,178.12
novo gama,GO,-16.056320706382433,-48.03491456060777,8,1443.23
novo hamburgo,RS,-29.753679550388416,-51.04851299894726,3,859.89
novo hamburgo,RS,-29.729169490973064,-51.13286145300927,3,277.95
novo hamburgo,RS,-29.72109743779502,-51.11451402023661,3,313.9
novo hamburgo,RS,-29.719448367638606,-51.140924732630694,3,873.8
novo hamburgo,RS,-29.712985969863347,-51.13718521097419,4,843.4499999999999
novo hamburgo,RS,-29.70659147497419,-51.12192430996145,4,460.12
novo hamburgo,RS,-29.706552545551585,-51.14139211369367,4,527.6
novo hamburgo,RS,-29.704812988905317,-51.13227331551383,3,407.9
novo hamburgo,RS,-29.699056348457525,-51.100592718032274,2,83.78999999999999
novo hamburgo,RS,-29.695645655808672,-51.08821853260563,3,327.89
novo hamburgo,RS,-29.694265352619368,-51.1267494891969,9,1407.88
novo hamburgo,RS,-29.694212981471743,-51.137740223385705,7,1228.28
novo hamburgo,RS,-29.691335597767342,-51.14899414367738,1,42.9
novo hamburgo,RS,-29.68888489152506,-51.11443622736192,7,462.67
novo hamburgo,RS,-29.684330843096387,-51.09298402937747,4,668.4
novo hamburgo,RS,-29.68373160083914,-51.15144933613463,3,539.8
novo hamburgo,RS,-29.682879324211484,-51.165420941482694,4,229.99
novo hamburgo,RS,-29.682712407822727,-51.137380013249334,6,1288.78
novo hamburgo,RS,-29.682440885033067,-51.12347134361094,19,2738.84
novo hamburgo,RS,-29.68092687407378,-51.103469137265506,6,801.68
novo hamburgo,RS,-29.676251737361145,-51.13422437220156,4,671.3
novo hamburgo,RS,-29.674727503663902,-51.14719299561719,1,40.0
novo hamburgo,RS,-29.674528376033695,-51.12607688127654,6,631.38
novo hamburgo,RS,-29.674367640950194,-51.15348451836329,3,618.6
novo hamburgo,RS,-29.668714635069033,-51.11787999977435,2,309.6
novo hamburgo,RS,-29.667806766827326,-51.10495877621398,1,129.95
novo hamburgo,RS,-29.653163130272215,-51.10769407511752,3,318.79
novo hamburgo,RS,-29.643953644135106,-51.138843677207454,2,63.0
novo horizonte,SC,-26.45080476069953,-52.82987613528218,1,74.9
novo horizonte,SP,-21.4696009553403,-49.222216847438304,16,2588.4
novo itacolomi,PR,-23.765090555947094,-51.50670423186026,1,90.0
novo jardim,TO,-11.819560788904193,-46.62521807090953,1,23.9
novo lino,AL,-8.941920209972302,-35.6635919416324,1,79.9
novo machado,RS,-27.561450348196107,-54.50039835905089,1,59.99
novo mundo,MT,-9.97568264413675,-55.17406986024913,1,59.15
novo oriente,CE,-5.536525052704697,-40.77414915894402,3,231.98000000000002
novo oriente do piaui,PI,-6.45634291116789,-41.93335362072891,2,152.01
novo planalto,GO,-13.240724859882576,-49.50851878407679,1,27.99
novo progresso,PA,-7.093480792948906,-55.40306116634601,5,2219.01
novo repartimento,PA,-4.258293108188548,-49.97543464497394,2,155.0
novo sao joaquim,MT,-14.912518702749331,-53.0196461246,3,292.6
nucleo residencial pilar,BA,-10.33361416984474,-40.15152490130054,8,2024.35
nuporanga,SP,-20.72929875103183,-47.752326415093854,3,821.8
ocara,CE,-4.487947696050415,-38.59237493596233,2,109.88999999999999
ocaucu,SP,-22.43978584339526,-49.920418157041055,5,241.6
oeiras,PI,-7.015859272902651,-42.1265255109234,6,553.44
oeiras do para,PA,-2.0050840872794637,-49.85879971902692,2,178.64999999999998
oiapoque,AP,3.842508276217248,-51.833958416345595,1,385.0
olaria,MG,-21.86084295267034,-43.93540762223418,1,79.9
oleo,SP,-22.940462126440508,-49.3404494057287,1,59.9
olho d'agua das cunhas,MA,-4.141830301699068,-45.11597018322988,2,312.99
olho d'agua das flores,AL,-9.533953252639773,-37.294750505356646,3,254.48
olhos d'agua,MG,-17.401603862301886,-43.571005447498884,1,99.9
olimpia,SP,-20.73752999199967,-48.9090364662508,36,5643.54
olinda,PE,-8.027703476975502,-34.87098929763982,4,346.52
olinda,PE,-8.021520855806024,-34.853740023522406,1,59.9
olinda,PE,-8.014229482791126,-34.85483288596921,3,427.89
olinda,PE,-8.012711647510768,-34.86432212619963,3,400.9
olinda,PE,-8.011018017034472,-34.876195278299896,4,416.88
olinda,PE,-8.007697077147153,-34.870234201873046,1,29.99
olinda,PE,-8.007673288188608,-34.88192810816669,3,469.7
olinda,PE,-8.007554280059292,-34.85263432892024,3,253.99
olinda,PE,-8.00509408044454,-34.87464952801602,1,679.0
olinda,PE,-8.002681528958316,-34.859883965473884,2,274.98
olinda,PE,-8.000503403653333,-34.852525305015675,1,98.4
olinda,PE,-8.000135492188553,-34.88802442227059,2,452.7
olinda,PE,-7.999297482644604,-34.84243280531435,3,126.89
olinda,PE,-7.997036690212409,-34.90095324038228,3,265.78000000000003
olinda,PE,-7.9957485284173515,-34.88956445139243,2,49.98
olinda,PE,-7.993719538599385,-34.85994604666572,8,1405.77
olinda,PE,-7.992113153308165,-34.89835512873548,2,269.8
olinda,PE,-7.988275170234823,-34.84064226447355,8,1394.81
olinda,PE,-7.987752492175717,-34.90686140154443,3,849.52
olinda,PE,-7.986800631250462,-34.8631012673603,2,176.89000000000001
olinda,PE,-7.98631472867118,-34.85240536092095,1,166.99
olinda,PE,-7.9790113093811215,-34.883360255374775,1,44.9
olinda,PE,-7.977473123792891,-34.842078875265294,5,1554.8
olinda,PE,-7.973234388493194,-34.84930541041316,2,218.83
olinda,PE,-7.9730849668768355,-34.83982271371051,1,69.99
olinda,PE,-7.971125601007125,-34.834333933307946,4,445.98
olinda,PE,-7.964744260762524,-34.83988108028696,8,990.17
olinda,PE,-7.964655550440267,-34.84517018955053,1,215.56
olinda,PE,-7.962007384553471,-34.85114362023706,5,362.78000000000003
olinda,PE,-7.96053554991577,-34.852961330111,2,169.79
olindina,BA,-11.36300217337656,-38.32943880702623,2,189.89000000000001
oliveira,MG,-20.698563939792177,-44.82676038665832,22,2579.0
oliveira dos brejinhos,BA,-12.315531502909078,-42.88346083742181,2,138.9
onda verde,SP,-20.608164456239606,-49.29805907727272,1,69.81
oriente,SP,-22.153846197462396,-50.093950330212785,3,1017.2700000000001
orindiuva,SP,-20.185267431091138,-49.35290379035787,5,541.78
orizania,MG,-20.506175664051682,-42.20584853608781,1,129.95
orizona,GO,-17.032172054328477,-48.30001770873917,6,546.8100000000001
orlandia,SP,-20.716823599737285,-47.87953500680893,28,4027.32
orleans,SC,-28.357506793762706,-49.288673597165094,8,1408.5900000000001
orobo,PE,-7.749149101441677,-35.60411555603403,1,99.9
oroco,PE,-8.617094295363048,-39.60183695539925,3,294.9
oros,CE,-6.244549790818907,-38.91497112899601,2,100.65
ortigueira,PR,-24.205572115297535,-50.933840621265624,8,993.29
osasco,SP,-23.581811122565803,-46.813416028593906,8,948.07
osasco,SP,-23.578696544453585,-46.807730260858335,3,113.89
osasco,SP,-23.576525641385473,-46.80087428761866,12,2085.57
osasco,SP,-23.572885906855078,-46.79287786501947,12,782.7
osasco,SP,-23.57025590139547,-46.811308031928874,18,2546.11
osasco,SP,-23.570069601776062,-46.80295938767627,5,429.91
osasco,SP,-23.569548092281053,-46.79786431233294,6,909.6
osasco,SP,-23.56929879236466,-46.78310812662827,7,669.16
osasco,SP,-23.566932612528717,-46.80093561012173,4,717.79
osasco,SP,-23.566292989796676,-46.78782137212703,11,978.37
osasco,SP,-23.56553029762195,-46.778367232669964,5,400.62
osasco,SP,-23.563613808908727,-46.80360899327983,5,401.78
osasco,SP,-23.560420707901525,-46.77789975633018,7,838.88
osasco,SP,-23.560171767981803,-46.787089953936395,9,599.5600000000001
osasco,SP,-23.560055882960995,-46.8044683595317,5,725.5
osasco,SP,-23.5591147795387,-46.78762555874676,9,1912.78
osasco,SP,-23.55807593943666,-46.776020963910796,16,1580.39
osasco,SP,-23.55755124440892,-46.796787215995884,4,249.42
osasco,SP,-23.557419361355258,-46.81212888634085,22,2919.4500000000003
osasco,SP,-23.557078636437588,-46.76757875189629,12,1565.65
osasco,SP,-23.556559690754995,-46.79838841332349,7,857.6700000000001
osasco,SP,-23.55500650824253,-46.7903447222238,8,1086.73
osasco,SP,-23.55355703888978,-46.80913962478848,14,1495.16
osasco,SP,-23.553054468928526,-46.78198098470049,4,421.88
osasco,SP,-23.551599742813256,-46.79452337779028,11,1080.82
osasco,SP,-23.551579822740532,-46.76387498562264,6,457.78
osasco,SP,-23.549490299085967,-46.78783091895185,5,1011.97
osasco,SP,-23.54814672435353,-46.780528828710864,10,886.52
osasco,SP,-23.546687632927863,-46.798109784495324,6,745.13
osasco,SP,-23.5461356426017,-46.767263769805204,8,866.2
osasco,SP,-23.545487374669083,-46.8048655124169,13,1251.6
osasco,SP,-23.54353287060003,-46.78492157358007,11,971.29
osasco,SP,-23.543439210064776,-46.77031626609237,5,533.3
osasco,SP,-23.542451430607542,-46.81284888182181,19,2287.56
osasco,SP,-23.54231356870517,-46.79881675488462,6,208.48
osasco,SP,-23.542105276100596,-46.778728427276576,14,1054.55
osasco,SP,-23.54189480860793,-46.79178865992953,3,262.79
osasco,SP,-23.540899991961364,-46.77611296981493,13,2299.2
osasco,SP,-23.53847816936169,-46.76162168584186,33,2909.61
osasco,SP,-23.538413803439994,-46.80799647915472,10,1518.3799999999999
osasco,SP,-23.536524750087455,-46.80341057457764,6,413.59000000000003
osasco,SP,-23.536401844867527,-46.79599574353978,9,1267.03
osasco,SP,-23.535463859649585,-46.768062570670615,7,901.78
osasco,SP,-23.534653020202683,-46.7850642027234,8,762.92
osasco,SP,-23.533560116307562,-46.79780463580426,7,1012.4000000000001
osasco,SP,-23.533321200262986,-46.782255416470186,2,96.2
osasco,SP,-23.53325761928266,-46.813092215922886,11,841.6700000000001
osasco,SP,-23.53246342609349,-46.77954307516129,4,262.0
osasco,SP,-23.531876148430193,-46.777163269736114,3,276.9
osasco,SP,-23.5315877754592,-46.79142511158972,5,487.2
osasco,SP,-23.530180175352864,-46.76822273554511,11,902.6999999999999
osasco,SP,-23.530037173754266,-46.79888215459073,10,1991.77
osasco,SP,-23.53002050935749,-46.78276805735585,4,467.8
osasco,SP,-23.529106968546415,-46.812418104383376,15,1141.93
osasco,SP,-23.528549092116897,-46.77978832664409,2,293.0
osasco,SP,-23.52841509308243,-46.76627100055368,10,712.44
osasco,SP,-23.527692837305906,-46.80134979266691,7,1579.44
osasco,SP,-23.525695396205027,-46.77159123618125,8,507.09000000000003
osasco,SP,-23.525358837547422,-46.80190233237287,5,261.28000000000003
osasco,SP,-23.521147044001143,-46.7540355613545,3,338.79
osasco,SP,-23.520280407395536,-46.77128848275885,4,1041.49
osasco,SP,-23.518182231515194,-46.75729593473039,3,115.8
osasco,SP,-23.51660025727027,-46.78697369149597,16,1411.24
osasco,SP,-23.516494995637714,-46.782358149282196,2,229.8
osasco,SP,-23.5164047227284,-46.7998399571437,13,1074.57
osasco,SP,-23.516295138962597,-46.762880480951715,8,1109.08
osasco,SP,-23.515745677711003,-46.77764057451374,2,308.0
osasco,SP,-23.514445473398524,-46.76816095053011,12,885.22
osasco,SP,-23.510107869522784,-46.78735481666445,22,1466.48
osasco,SP,-23.50978858539193,-46.7668485367209,6,695.86
osasco,SP,-23.508287072878808,-46.77809618473146,8,1515.48
osasco,SP,-23.50655625612319,-46.77205872145585,10,891.39
osasco,SP,-23.503984478867597,-46.80555306737292,3,318.43
osasco,SP,-23.50355323505828,-46.79825426414906,8,1981.7400000000002
osasco,SP,-23.502363375182355,-46.76555984372987,3,226.8
osasco,SP,-23.50065650537136,-46.796003402734534,5,951.25
osasco,SP,-23.50004966943102,-46.77822733184515,11,1910.52
osasco,SP,-23.4993915260227,-46.79104298348422,6,430.21000000000004
osasco,SP,-23.499062689784743,-46.76793857798513,13,1153.48
osasco,SP,-23.498858559998244,-46.80706577753118,7,467.67
osasco,SP,-23.49706387038927,-46.797449279127356,12,1301.45
osasco,SP,-23.496201243987443,-46.77137977151545,5,343.58000000000004
osasco,SP,-23.49379694614944,-46.7965163068496,7,809.1
osasco,SP,-23.493205285898785,-46.78788920002157,9,1489.49
osasco,SP,-23.48445637925961,-46.77506800791145,4,272.76
osasco,SP,-23.478838903373145,-46.77875442842892,2,319.70000000000005
oscar bressane,SP,-22.314424455023925,-50.27711765740892,3,301.8
osorio,RS,-29.89559160193635,-50.25566064711838,35,6251.24
osvaldo cruz,SP,-21.795711019289442,-50.879277765103,16,1786.46
osvaldo kroeff,RS,-28.976685770130608,-50.06326295388895,1,239.99
otacilio costa,SC,-27.498995619501198,-50.11624713130414,5,913.29
ourem,PA,-1.5484759472986485,-47.11441508631301,1,31.9
ouricuri,PE,-7.887590132628159,-40.08427106445938,8,2246.86
ourilandia do norte,PA,-6.783329340091706,-51.08162715259289,5,1710.0800000000002
ourinhos,SP,-23.013242104637857,-49.88488334801446,1,258.0
ourinhos,SP,-22.996628159483343,-49.88339501018027,8,957.8100000000001
ourinhos,SP,-22.993798700375834,-49.86082117499602,1,329.9
ourinhos,SP,-22.991132964016035,-49.86919399860744,4,3159.8
ourinhos,SP,-22.98470598279763,-49.881834805384784,10,946.49
ourinhos,SP,-22.981358365381055,-49.85356610907134,4,967.3399999999999
ourinhos,SP,-22.981063259567787,-49.86704149598352,10,2089.08
ourinhos,SP,-22.98027055155439,-49.86041843388249,5,462.53
ourinhos,SP,-22.974466157111515,-49.881382569015905,12,1338.28
ourinhos,SP,-22.9695000031031,-49.90369745650362,1,69.98
ourinhos,SP,-22.96751044844727,-49.87139306137049,12,1138.15
ourinhos,SP,-22.965205093606425,-49.89259404540896,4,412.68999999999994
ourinhos,SP,-22.95853780501236,-49.863638481289975,5,412.98
ourizona,PR,-23.40463243548767,-52.19355180319951,1,143.8
ouro,SC,-27.333700204666858,-51.605259013403035,1,278.79
ouro branco,MG,-20.520692144641046,-43.704435469350024,41,4419.23
ouro fino,MG,-22.278485305030316,-46.37130155156736,16,2511.84
ouro preto,MG,-20.391011466737957,-43.507047162023525,55,6711.5599999999995
ouro preto do oeste,RO,-10.715751177252601,-62.25613931045199,4,437.49
ouro verde,SP,-21.489809661372444,-51.700982299933294,3,307.96999999999997
ouro verde de goias,GO,-16.2184895491168,-49.196335588450886,1,82.9
ouro verde de minas,MG,-18.06957244803235,-41.27328437311341,2,80.78999999999999
ouro verde do oeste,PR,-24.773798104953304,-53.90499628743192,1,14.9
ouroeste,SP,-20.00168960671946,-50.375282349761356,11,1235.19
ouvidor,GO,-18.232893885782634,-47.83426376593868,1,345.0
pacaembu,SP,-21.56305953664043,-51.26333287520684,6,1505.29
pacaja,PA,-3.815264666681339,-50.61876737410132,6,2651.06
pacajus,CE,-4.175669333979667,-38.46376761942315,6,1262.59
pacatuba,CE,-3.982713437889252,-38.61406393043666,1,141.09
pacatuba,CE,-3.907262551320178,-38.599590051605446,2,4030.0
pacatuba,CE,-3.892540242565715,-38.60542420310129,2,146.89000000000001
paco do lumiar,MA,-2.532493843274056,-44.16157841476527,7,766.38
pacoti,CE,-4.225633003744864,-38.91830464970819,2,149.8
pacotuba,ES,-20.762729094305136,-41.271606233951005,1,50.9
pacuja,CE,-3.979862753185089,-40.696004315252104,1,339.95000000000005
padre bernardo,GO,-15.173405629090755,-48.283736974882885,4,195.7
padre carvalho,MG,-16.347208540874067,-42.531075839373294,1,563.0
padre gonzales,RS,-27.4340091145216,-53.96116798493659,1,50.0
padre paraiso,MG,-17.074140117786982,-41.48690537761204,1,59.9
paial,SC,-27.254960532992147,-52.4994708847488,1,139.99
paicandu,PR,-23.50180568783496,-52.15092591967641,1,59.9
paicandu,PR,-23.45682094005969,-52.03990549710547,9,883.26
paineiras,MG,-18.90455108362535,-45.53364907227385,1,58.99
pains,MG,-20.37057964180463,-45.66311955597219,3,298.33
paiva,MG,-21.290953944399842,-43.41847642583561,2,146.2
palestina,SP,-20.38969210204517,-49.43452930521689,10,499.55
palhano,CE,-4.7456620869071395,-37.96176139959635,1,99.0
palhoca,SC,-27.88554368424846,-48.59071410107894,1,89.0
palhoca,SC,-27.753926417441956,-48.63349416431826,4,506.79
palhoca,SC,-27.67954431446214,-48.65065384660466,5,355.43
palhoca,SC,-27.678198545039596,-48.687096816464226,15,1903.76
palhoca,SC,-27.65685287785421,-48.666588409943984,5,628.88
palhoca,SC,-27.656420949374397,-48.665839739218136,9,1744.09
palhoca,SC,-27.646892846781906,-48.68054504487325,24,2387.75
palhoca,SC,-27.640827548878654,-48.709477713256035,6,497.78
palhoca,SC,-27.636539573712753,-48.655489318243326,12,1519.87
palhoca,SC,-27.62939454251467,-48.664483887373414,9,1277.1100000000001
palma,MG,-21.37586629145424,-42.31567440074626,4,415.89
palma sola,SC,-26.348449405272163,-53.27739176431275,4,938.8
palmares,PE,-8.68031200519373,-35.58892050493797,8,1206.82
palmares do sul,RS,-30.270760902030478,-50.49760468288321,5,435.77
palmares paulista,SP,-21.086251669471906,-48.804567588986195,1,59.9
palmas,PR,-26.485010427834762,-51.99006235031654,19,1921.38
palmas,TO,-10.341682825281547,-48.28193545227866,1,49.0
palmas,TO,-10.337822227769726,-48.29316997925563,1,43.9
palmas,TO,-10.317773143556302,-48.30290134985056,3,407.79
palmas,TO,-10.315481751652001,-48.318233585894326,2,205.59
palmas,TO,-10.256725088941858,-48.33787335287173,1,24.9
palmas,TO,-10.254309931672257,-48.32300099950004,2,337.7
palmas,TO,-10.246245381211429,-48.346442728098964,1,69.99
palmas,TO,-10.233040367517955,-48.32213221891963,8,1557.01
palmas,TO,-10.219555619948185,-48.3235595739523,8,3805.37
palmas,TO,-10.217294005384439,-48.34630845990466,5,1618.85
palmas,TO,-10.205196943020475,-48.32379566066405,6,755.77
palmas,TO,-10.199200116851008,-48.34503644640124,11,3103.9900000000002
palmas,TO,-10.189407022515114,-48.32059323254705,10,1692.39
palmas,TO,-10.184960908730341,-48.344840562532426,1,19.49
palmas,TO,-10.175309351373924,-48.31917296101117,14,1878.2
palmas,TO,-10.168506073718646,-48.34090900475208,11,1592.88
palmas,TO,-10.162703550893575,-48.343445993171656,2,222.9
palmas,TO,-10.154228038108592,-48.31450204139296,1,34.9
palmeira,PR,-25.42373221861194,-49.996474544439145,12,2013.3200000000002
palmeira,SC,-27.573569045013784,-50.155864922583724,3,626.9
palmeira d oeste,SP,-20.415904962736956,-50.7621543967218,1,49.9
palmeira d'oeste,SP,-20.415904962736956,-50.7621543967218,5,319.18
palmeira das missoes,RS,-27.89852791719222,-53.31111050685997,16,1559.51
palmeira dos indios,AL,-9.417662771842386,-36.62939841220927,1,329.9
palmeira dos indios,AL,-9.417336430817024,-36.643864727695956,1,199.0
palmeira dos indios,AL,-9.41588615646702,-36.62221434079581,1,71.82
palmeira dos indios,AL,-9.41351174055005,-36.63639383676392,1,58.9
palmeira dos indios,AL,-9.411547825477285,-36.62319104259304,3,334.8
palmeira dos indios,AL,-9.410005917339076,-36.647410054144544,1,99.99
palmeiras,BA,-12.51688809101802,-41.57768001723085,2,174.95
palmeiras de goias,GO,-16.80658045924258,-49.92213743295041,3,334.8
palminopolis,GO,-16.79339818324716,-50.16222221242237,1,199.0
palmital,PR,-24.88563458678617,-52.21014090533628,1,179.0
palmital,SP,-22.786532737910925,-50.21831951855033,18,1760.16
palmitinho,RS,-27.353301619777028,-53.55804287681173,5,271.69
palmitos,SC,-27.071407007773114,-53.162444901815576,5,667.9
palmopolis,MG,-16.74456482624012,-40.41430611310587,1,89.99
palotina,PR,-24.28579720485287,-53.837677556703355,10,872.76
panambi,RS,-28.293540609837006,-53.5022378421305,17,3640.9900000000002
pancas,ES,-19.195901004272244,-40.84616628146892,1,159.94
panelas,PE,-8.666594276232464,-36.023923038948816,2,161.79000000000002
panorama,SP,-21.36187313887081,-51.85690282245926,5,404.39
pantano grande,RS,-30.194715607982822,-52.36693198827829,3,297.79
papagaios,MG,-19.446963600345548,-44.747435062312555,4,269.67
papanduva,SC,-26.40493104975987,-50.1457709126807,8,669.41
papucaia,RJ,-22.602306948260036,-42.76142622840878,10,1126.77
para de minas,MG,-19.88162966223919,-44.74243631615966,1,193.99
para de minas,MG,-19.870304664180168,-44.593325702902746,15,1229.98
para de minas,MG,-19.853541121211897,-44.60882226071132,21,5738.110000000001
paracambi,RJ,-22.61483382699214,-43.705683375748585,35,6571.96
paracatu,MG,-17.2241790239998,-46.874264632410174,62,8376.42
paracuru,CE,-3.4207176307291225,-39.0353693374114,4,550.89
paragominas,PA,-3.004374315883542,-47.371878487196156,5,740.57
paragominas,PA,-2.997589409724026,-47.35837753808218,4,308.57000000000005
paragominas,PA,-2.9968488277105894,-47.3572106078406,5,190.03
paragominas,PA,-2.983374721607248,-47.34985101585513,4,794.48
paraguacu,MG,-21.55014754152817,-45.73500868719834,12,1452.85
paraguacu paulista,SP,-22.42125482604227,-50.580730780337454,20,2766.8
parai,RS,-28.596703774432147,-51.786946085315805,3,233.4
paraiba do sul,RJ,-22.16428987434635,-43.29222008230457,18,2949.57
paraibano,MA,-6.431676477848956,-43.987968021822276,3,259.90999999999997
paraibuna,SP,-23.39314863042592,-45.660762194770186,10,1610.99
paraipaba,CE,-3.436832300222164,-39.149632430369145,5,558.97
paraiso,SC,-26.622474945538524,-53.67563706127842,1,79.9
paraiso,SP,-21.01941408788335,-48.774583314334855,5,770.78
paraiso das aguas,MS,-19.029384395433585,-53.01467279197081,1,34.99
paraiso do norte,PR,-23.283475744802093,-52.604001028395885,3,187.82
paraiso do sul,RS,-29.723802873745612,-53.17918716660632,1,28.99
paraiso do tocantins,TO,-10.174506533679002,-48.888445237183845,10,1799.04
paraisopolis,MG,-22.551533713566133,-45.77857277716529,14,2041.76
paraju,ES,-20.340183139504454,-40.73167973417412,1,79.9
parambu,CE,-6.2102878470152,-40.696809343504476,4,141.86
paramirim,BA,-13.45331780953808,-42.23950486413497,5,407.68
parana,TO,-12.616803753950634,-47.87578736776262,2,108.88
paranacity,PR,-22.93102348123286,-52.15363036049149,3,178.15
paranagua,PR,-25.577998004570073,-48.576779887124886,2,198.8
paranagua,PR,-25.567266599388308,-48.565075878874005,8,1997.8899999999999
paranagua,PR,-25.555554232448607,-48.554265998739886,7,710.9
paranagua,PR,-25.543156176940684,-48.534428906394886,4,189.44
paranagua,PR,-25.526098993795376,-48.522928203139465,10,885.65
paranagua,PR,-25.520025797148804,-48.53487613865822,9,746.38
paranagua,PR,-25.516972963676007,-48.51071562319435,17,2590.91
paranaiba,MS,-19.67394902539021,-51.19287959241918,14,1396.24
paranaiguara,GO,-18.903257418828375,-50.649640624584805,3,236.89
paranaita,MT,-9.696548460783545,-56.60884628098378,4,1858.75
paranapanema,SP,-23.38877804716619,-48.73436604485556,11,560.45
paranapoema,PR,-22.656836069117308,-52.083648676568565,1,89.99
paranapua,SP,-20.10058497472937,-50.587202548420095,2,64.99000000000001
paranatinga,MT,-14.379562568914999,-54.05867213555142,2,2463.29
paranavai,PR,-23.097365659039202,-52.479188094114065,3,449.79999999999995
paranavai,PR,-23.096683014106908,-52.465858842848625,5,916.14
paranavai,PR,-23.092034540074778,-52.45462622327744,2,1538.7
paranavai,PR,-23.08620415529677,-52.44664326083702,4,294.7
paranavai,PR,-23.08508941952949,-52.4628751574055,1,14.9
paranavai,PR,-23.081055018707943,-52.453449532149314,6,788.54
paranavai,PR,-23.080020081590053,-52.460789878033545,6,974.26
paranavai,PR,-23.0795112278234,-52.44205735510799,2,134.98
paranavai,PR,-23.077166435089072,-52.4572323024351,10,1495.26
paranavai,PR,-23.06998862013084,-52.415858961216394,2,229.89
paranavai,PR,-23.065974709795622,-52.464550952835424,4,283.78
paranhos,MS,-23.892317950135578,-55.42947870233529,1,279.0
paraopeba,MG,-19.27857905090132,-44.40088546208934,9,880.67
parapua,SP,-21.78166536507636,-50.79155691581234,8,1178.4
parati,RJ,-23.212886071407144,-44.70778007705104,13,2779.7
paraty,RJ,-23.212886071407144,-44.70778007705104,19,2780.77
parauapebas,PA,-6.074386550627748,-49.90637044692308,27,4092.06
parauna,GO,-16.966459120735912,-50.461019041009045,4,556.88
pardinho,SP,-23.08998348577017,-48.384063172673436,1,272.8
pareci novo,RS,-29.63739644121202,-51.40402786525684,1,22.0
parelhas,RN,-6.689736437594984,-36.66057082946716,4,1233.8899999999999
paripiranga,BA,-10.68050249649417,-37.86599600865977,2,77.71000000000001
paripueira,AL,-9.462653803070658,-35.546981410965365,1,349.9
pariquera-acu,SP,-24.715275336616124,-47.88138462884032,15,1765.1
parisi,SP,-20.305991533548113,-50.011150681476224,1,34.49
parnaiba,PI,-2.9375711380257283,-41.76768127643681,1,97.4
parnaiba,PI,-2.9292136958563155,-41.75578530178979,2,869.9
parnaiba,PI,-2.924804463235745,-41.74410526006423,1,129.0
parnaiba,PI,-2.9199945121832185,-41.745495323431996,2,289.9
parnaiba,PI,-2.919926569459052,-41.74086251995257,1,125.0
parnaiba,PI,-2.9164418848620075,-41.7609701882889,3,507.89
parnaiba,PI,-2.912935824415898,-41.77880306772577,5,974.68
parnaiba,PI,-2.9070892147040457,-41.760261680960845,3,707.89
parnaiba,PI,-2.903243737642899,-41.77704114243992,2,73.55
parnaiba,PI,-2.90078369951472,-41.756088216132646,2,134.9
parnamirim,PE,-8.091550631758572,-39.58027764245357,4,1884.22
parnamirim,RN,-5.945562416502499,-35.167461305892076,1,40.8
parnamirim,RN,-5.944257525353402,-35.28541609820104,1,399.0
parnamirim,RN,-5.9292523417666745,-35.270042089373675,1,29.9
parnamirim,RN,-5.928235412822184,-35.25024113081047,1,84.99
parnamirim,RN,-5.924296491286361,-35.263947226566856,5,593.15
parnamirim,RN,-5.923446049706152,-35.219361727338,6,449.78
parnamirim,RN,-5.921088469071094,-35.27548993308556,3,309.74
parnamirim,RN,-5.912678850184818,-35.280134245667554,1,12.5
parnamirim,RN,-5.907105699689435,-35.2616298253866,2,185.9
parnamirim,RN,-5.886563452788081,-35.208241315938245,14,987.9
parnamirim,RN,-5.883632920510785,-35.20384948972186,16,3322.88
parnamirim,RN,-5.881642801844248,-35.249188258210104,2,308.9
parnamirim,RN,-5.878333976924599,-35.21376995744588,4,579.88
parnarama,MA,-5.681526563363478,-43.09391386530676,1,166.99
parobe,RS,-29.631686469472015,-50.834573957474056,12,1750.48
passa quatro,MG,-22.387188678365757,-44.96728626925755,9,1576.66
passa tempo,MG,-20.652362406747603,-44.49185581676562,1,120.0
passa tres,RJ,-22.69580382907742,-44.00290735476933,2,63.85
passagem franca,MA,-6.1798968851136795,-43.77918230870625,1,37.98
passira,PE,-7.98068080703048,-35.581976980508955,1,374.98
passo de camaragibe,AL,-9.250591921209962,-35.48615736906864,1,41.98
passo de torres,SC,-29.315305255958787,-49.720961505227535,7,587.99
passo fundo,RS,-28.279737730803678,-52.38488490299348,3,395.8
passo fundo,RS,-28.275844570121826,-52.37500795789541,5,508.88
passo fundo,RS,-28.27272533377297,-52.39574588313523,2,165.48
passo fundo,RS,-28.271326174690017,-52.452764804935036,1,35.99
passo fundo,RS,-28.270902883125142,-52.40609071091227,5,951.5
passo fundo,RS,-28.27075286645487,-52.54089769848736,40,6722.98
passo fundo,RS,-28.264639959180762,-52.425420642162244,7,1196.95
passo fundo,RS,-28.26437200288176,-52.39247186584886,13,1289.04
passo fundo,RS,-28.264259868371422,-52.43706503188005,2,199.8
passo fundo,RS,-28.26062160465467,-52.37556885323504,2,194.2
passo fundo,RS,-28.253212107955743,-52.456622436636984,6,314.36
passo fundo,RS,-28.2504401891353,-52.41055964370881,5,658.18
passo fundo,RS,-28.24976510296633,-52.426630232421736,8,814.54
passo fundo,RS,-28.24410971738653,-52.387712398313305,5,672.36
passo fundo,RS,-28.241128974882518,-52.43765877796006,1,356.96999999999997
passo fundo,RS,-28.233273406921914,-52.372582196719335,6,546.69
passo fundo,RS,-28.226596432935995,-52.46750482654652,1,139.99
passos,MG,-20.73584717355837,-46.59906911664476,11,1040.07
passos,MG,-20.729284202791742,-46.613836512463095,5,566.69
passos,MG,-20.719638211559776,-46.604848528571765,24,2489.53
passos,MG,-20.714892979717714,-46.62774341410062,3,150.99
passos maia,SC,-26.780719237820662,-52.058828204381285,2,208.9
pastos bons,MA,-6.599689696480659,-44.08440457193341,2,137.9
patis,MG,-16.86498107171183,-44.06830280816432,1,49.9
pato bragado,PR,-24.625809140863744,-54.22673085775215,2,86.69999999999999
pato branco,PR,-26.265947453467763,-52.68368411266408,1,349.9
pato branco,PR,-26.243986285097968,-52.674283683954854,7,1526.56
pato branco,PR,-26.241173548756425,-52.702227722108724,1,119.0
pato branco,PR,-26.232283245152757,-52.68459203438631,4,523.06
pato branco,PR,-26.230254971929227,-52.66454030827258,7,1347.49
pato branco,PR,-26.226411667052986,-52.67454717796045,24,3908.33
pato branco,PR,-26.213874466597478,-52.666432031645165,6,1074.32
pato branco,PR,-26.19873116851817,-52.68188085718353,3,198.98000000000002
patos,PB,-7.048126922332642,-37.27400786026725,1,50.0
patos,PB,-7.034988385150796,-37.28415466077647,8,2105.46
patos,PB,-7.027245629698309,-37.28781399148343,2,354.8
patos,PB,-7.026354824577366,-37.275998445160006,1,816.0
patos,PB,-7.017301362929116,-37.284414647137915,2,96.89
patos,PB,-7.017105777115312,-37.27514818099525,2,613.5
patos de minas,MG,-18.619647617723388,-46.50544980979099,13,1803.88
patos de minas,MG,-18.595141030878885,-46.51867937098783,27,5696.9
patos de minas,MG,-18.595028900819276,-46.50050758304553,9,2351.58
patos de minas,MG,-18.576866743217636,-46.494770717684425,16,1867.99
patos de minas,MG,-18.57640750971047,-46.52598592302643,19,2472.99
patos de minas,MG,-18.57194907121821,-46.516148307867496,15,2533.64
patrocinio,MG,-18.967552046458948,-47.000692409559406,2,88.97999999999999
patrocinio,MG,-18.960995248143256,-46.99225148089458,6,681.9
patrocinio,MG,-18.94707354685371,-46.99146764794275,12,1956.67
patrocinio,MG,-18.942431542076708,-46.985211427771375,9,2219.9300000000003
patrocinio,MG,-18.936874053113986,-47.00168811744175,11,945.77
patrocinio,MG,-18.935759174510494,-46.98670616243892,2,381.79
patrocinio,MG,-18.92558726423977,-46.96674524242258,3,472.5
patrocinio do muriae,MG,-21.151981730077477,-42.210901163695674,2,94.8
patrocinio paulista,SP,-20.644424619529307,-47.28110045998544,2,1059.2
patu,RN,-6.10372927485607,-37.639415885109074,3,144.49
paty do alferes,RJ,-22.420957055962976,-43.421068368395325,13,2234.66
pau brasil,BA,-15.464697689957577,-39.65303845786902,1,239.2
pau d'arco,PA,-7.833845096031688,-50.04147561161541,1,48.9
pau dos ferros,RN,-6.11306189477227,-38.20667004551809,9,2745.5499999999997
paudalho,PE,-7.8943420623158795,-35.178641709843,2,878.9
paula candido,MG,-20.873017430242566,-42.98126645882965,1,129.0
paula freitas,PR,-26.205468507303863,-50.93207217140116,1,474.9
pauliceia,SP,-21.311172478188915,-51.834902374357675,2,421.27
paulinia,SP,-22.79357602214079,-47.15676076906817,7,805.6500000000001
paulinia,SP,-22.782167915490536,-47.178161063769345,27,4043.56
paulinia,SP,-22.777094880902556,-47.11265601762946,8,1048.85
paulinia,SP,-22.76960017971,-47.150402273886904,43,5603.41
paulinia,SP,-22.756383362709226,-47.20083632524295,2,134.8
paulinia,SP,-22.735332235607455,-47.17665406567105,33,4054.5
paulinia,SP,-22.733134362183417,-47.14026536262738,1,84.6
paulinia,SP,-22.727983118438654,-47.167445482161156,6,699.6800000000001
paulista,PB,-6.5983787544880474,-37.62309129188835,1,475.6
paulista,PE,-7.957770245058087,-34.874869068727094,4,738.49
paulista,PE,-7.952929014646711,-34.892739141273076,3,269.98
paulista,PE,-7.948599818828405,-34.89545662741138,2,321.89
paulista,PE,-7.948278228033668,-34.87024922837949,5,1015.79
paulista,PE,-7.944796589865693,-34.834431600249545,2,132.99
paulista,PE,-7.941991375515172,-34.87869746907281,2,168.8
paulista,PE,-7.9412111910046805,-34.896140023201106,1,75.0
paulista,PE,-7.933580267602221,-34.88569779728009,3,449.9
paulista,PE,-7.933195273508644,-34.861777001369674,1,115.99
paulista,PE,-7.931669361200958,-34.831871452955525,6,1056.08
paulista,PE,-7.925731129371575,-34.85961449051528,1,45.0
paulista,PE,-7.919257255913787,-34.83286235577259,2,212.9
paulista,PE,-7.910020608626326,-34.837751419920615,5,558.88
paulista,PE,-7.900344430595887,-34.83970546918739,1,297.8
paulista,PE,-7.890258353618568,-34.83347799953369,3,277.28000000000003
paulistana,PI,-8.135320340886297,-41.14407279754487,3,862.6700000000001
paulistania,SP,-22.57807210421951,-49.40335898887546,1,99.0
paulo afonso,BA,-9.44149199276727,-38.22319062329672,1,42.0
paulo afonso,BA,-9.431109890516382,-38.21744324850699,7,1345.22
paulo afonso,BA,-9.408942714164107,-38.22959426285921,4,499.18
paulo afonso,BA,-9.404467767344052,-38.222337498861826,5,1398.8400000000001
paulo afonso,BA,-9.404393764766883,-38.220296794372175,5,660.9
paulo afonso,BA,-9.402825560604192,-38.213612928480096,4,1055.8899999999999
paulo afonso,BA,-9.397535125536914,-38.2263169333816,8,1095.69
paulo afonso,BA,-9.395804783766835,-38.21886121917105,2,112.4
paulo afonso,BA,-9.392623276572063,-38.23891950462654,2,102.47999999999999
paulo afonso,BA,-9.392588798682945,-38.210168155223315,1,179.99
paulo de faria,SP,-20.031912284089135,-49.40546507066173,5,588.5799999999999
paulo frontin,PR,-26.047812754242287,-50.81148910425042,5,560.9
paulo jacinto,AL,-9.36857180165382,-36.37146069359348,2,368.89
paulo lopes,SC,-27.978665492288254,-48.68271760811336,2,238.99
pavao,MG,-17.429588073089196,-41.000179991325815,1,60.0
peabiru,PR,-23.91624467444983,-52.34483820131129,4,675.39
pecanha,MG,-18.545586065437625,-42.56117021133504,4,794.8
pederneiras,SP,-22.348013116995098,-48.784495697020546,21,3007.07
pedra,PE,-8.51517030806794,-36.93883612607134,3,267.68
pedra azul,MG,-15.994741731063716,-41.27255704695075,5,416.12
pedra bela,SP,-22.795078505153498,-46.4459800210432,2,250.9
pedra branca,CE,-5.45697491231725,-39.7144967300376,2,36.89
pedra branca,PB,-7.428534985166792,-38.070508598916206,1,44.99
pedra do indaia,MG,-20.260530272029385,-45.20927693273886,1,72.99
pedra lavrada,PB,-6.7576486810483125,-36.467601490733436,1,50.0
pedra menina,MG,-21.358676506270264,-46.150542635850535,1,23.4
pedra preta,MT,-16.635911309973924,-54.45664136017813,4,539.89
pedralva,MG,-22.24588527451921,-45.4658149248674,3,743.97
pedranopolis,SP,-20.249109437731097,-50.11125021710777,1,59.9
pedrao,BA,-12.146156745779068,-38.64382697435264,1,325.0
pedras altas,RS,-31.73356683118392,-53.586333437758334,1,89.9
pedras de fogo,PB,-7.40198929384412,-35.11521553577262,2,159.99
pedregulho,SP,-20.248446312480418,-47.476741704155444,2,1039.4
pedreira,SP,-22.74032548616481,-46.896753691339335,36,2893.6
pedreiras,MA,-4.572865408732536,-44.59883125646943,3,1002.69
pedrinhas paulista,SP,-22.815272553334733,-50.79127156718951,4,420.87
pedrinopolis,MG,-19.22838556931582,-47.46448927176541,3,481.01
pedro afonso,TO,-9.008680982153361,-48.145337615418356,3,235.89000000000001
pedro canario,ES,-18.293163679149735,-39.95858510869711,5,363.79
pedro de toledo,SP,-24.279033957085804,-47.235761825825534,8,733.22
pedro gomes,MS,-18.10000654047169,-54.5517524207499,1,113.0
pedro ii,PI,-4.429295476576521,-41.45392129985152,1,74.9
pedro leopoldo,MG,-19.613117562252093,-44.03989226354459,40,5057.01
pedro osorio,RS,-31.86679866455726,-52.82170088352622,3,692.4499999999999
pedro velho,RN,-6.43572967465714,-35.21941217608294,1,61.99
peixe,TO,-12.032918171228046,-48.53987814765796,1,89.99
peixoto de azevedo,MT,-10.24891506350181,-54.9093311180316,4,357.7
pejucara,RS,-28.41944855924533,-53.654098747811844,4,699.65
pelotas,RS,-31.77233288809363,-52.33919520280354,26,2811.14
pelotas,RS,-31.771425250792085,-52.35582077742327,1,53.9
pelotas,RS,-31.76834109104748,-52.32696817042405,7,826.58
pelotas,RS,-31.765482554628306,-52.32048399660753,1,78.9
pelotas,RS,-31.762679492581828,-52.3383354860887,25,4405.16
pelotas,RS,-31.760565247048916,-52.37099645651435,11,901.5
pelotas,RS,-31.75992162922645,-52.23554163696004,7,627.77
pelotas,RS,-31.75888431571451,-52.272004518870276,6,1130.98
pelotas,RS,-31.75710255905281,-52.31766668746678,4,462.18
pelotas,RS,-31.7554965196217,-52.34127190287297,20,1745.38
pelotas,RS,-31.751071747621015,-52.3232017075999,8,661.07
pelotas,RS,-31.7505954230308,-52.30625558113885,14,1874.9099999999999
pelotas,RS,-31.74920670921828,-52.37466329333114,10,1689.56
pelotas,RS,-31.748134827255857,-52.39092820788068,1,25.0
pelotas,RS,-31.740292846015794,-52.3921167973857,3,297.89
pelotas,RS,-31.738306987947905,-52.314131234772624,2,129.8
pelotas,RS,-31.737640548499677,-52.3368449929841,4,400.68
pelotas,RS,-31.734625422878846,-52.21480363990495,1,69.0
pelotas,RS,-31.7260403900006,-52.32287401071021,4,418.69
pelotas,RS,-31.719759796332397,-52.35233925500248,20,2633.85
pelotas,RS,-31.701542554051233,-52.31475014335947,2,688.39
pelotas,RS,-31.69725421849868,-52.339119321208784,6,324.9
penaforte,CE,-7.8295250168819885,-39.075499485055396,2,479.89
penapolis,SP,-21.437402661479663,-50.07693057198177,2,168.3
penapolis,SP,-21.429445995996016,-50.08791776464028,6,1189.5
penapolis,SP,-21.429164915147535,-50.07236054860448,2,90.88
penapolis,SP,-21.427002247037205,-50.06500913181639,4,704.52
penapolis,SP,-21.42071989648959,-50.07647119060041,18,2071.2799999999997
penapolis,SP,-21.414851214679825,-50.088172776728285,2,314.4
penapolis,SP,-21.410930461967745,-50.08044340926446,2,108.7
penapolis,SP,-21.397697760273616,-50.080292692082644,1,129.0
pendencias,RN,-5.259305875315556,-36.718540718094914,2,326.5
penedo,AL,-10.286413219075994,-36.568256813115546,8,1239.8700000000001
penedo,RJ,-22.43448727902013,-44.53201065722094,1,89.9
penha,SC,-26.79083266065954,-48.63124274488887,15,2092.39
pentecoste,CE,-3.7957425830621236,-39.27256514944034,2,239.8
pequi,MG,-19.63002318390696,-44.66083922666543,1,169.99
pequizeiro,TO,-8.596253471656617,-48.934494426926754,1,219.99
perdigao,MG,-20.044102902323626,-45.01623976625967,6,284.5
perdizes,MG,-19.360654988886733,-47.28562643685491,8,1163.31
perdoes,MG,-21.096165638552552,-45.08823599152949,9,603.88
pereira barreto,SP,-20.642057869063198,-51.1070106789236,18,4044.82
pereiras,SP,-23.07451956740896,-47.975358605522175,1,54.99
pereiro,CE,-6.0464780492466845,-38.46068961238022,3,285.89
peri mirim,MA,-2.5778026730853143,-44.85721804208877,1,34.99
periquito,MG,-19.32785270372425,-42.288582889143946,2,1526.0
peritiba,SC,-27.37274382176564,-51.90567427153452,2,106.9
perobal,PR,-23.89484680955963,-53.40752932108066,1,80.0
perola,PR,-23.803095878753485,-53.68155087435691,2,272.74
perola d'oeste,PR,-25.827583060430136,-53.740672010897434,2,619.9
perpetuo socorro,MG,-19.312148417523655,-42.37318971562277,2,149.89000000000001
peruibe,SP,-24.30309880267998,-46.98704897913631,43,6531.12
pescador,MG,-18.35655666791846,-41.59649748734009,1,29.9
pesqueira,PE,-8.36168493950807,-36.69857349963936,9,667.79
petrolandia,PE,-8.977994568290818,-38.22122765434695,9,1520.49
petrolandia,SC,-27.523330283710887,-49.687281874420606,5,589.85
petrolina,PE,-9.398533594391141,-40.49488188413543,3,458.12
petrolina,PE,-9.394953002962945,-40.51367507775067,8,1611.8799999999999
petrolina,PE,-9.393612108471578,-40.50075029186138,5,665.77
petrolina,PE,-9.38898466176481,-40.48899850698815,5,896.35
petrolina,PE,-9.387946394923306,-40.51177920634421,6,512.4000000000001
petrolina,PE,-9.387741324928962,-40.544393675855964,3,781.55
petrolina,PE,-9.387578875425405,-40.46695943734612,3,272.99
petrolina,PE,-9.383555604898802,-40.49564362903116,9,2773.69
petrolina,PE,-9.381290778388324,-40.53232435840612,7,2394.14
petrolina,PE,-9.378901687991549,-40.51856460542662,2,1681.24
petrolina,PE,-9.369440533528255,-40.53616224249572,1,169.0
petrolina,PE,-9.369420180117771,-40.50782533802839,1,166.99
petrolina,PE,-9.36895023488623,-40.49100224148205,3,314.88
petrolina,PE,-9.36887070593929,-40.53800840832713,1,37.9
petrolina,PE,-9.362301362458028,-40.54883039123136,1,142.0
petrolina,PE,-9.35906736503584,-40.48617233253317,3,766.9
petropolis,RJ,-22.54079651100627,-43.20123507158808,6,586.79
petropolis,RJ,-22.531038247576937,-43.212309414991445,10,1438.08
petropolis,RJ,-22.529027105018844,-43.176611016577574,13,1790.38
petropolis,RJ,-22.524744277401208,-43.21160357990256,10,2676.57
petropolis,RJ,-22.52424789468128,-43.161617138310994,3,239.22
petropolis,RJ,-22.522799072828054,-43.183566224490704,7,563.6800000000001
petropolis,RJ,-22.52044984882392,-43.19101234595281,20,3301.56
petropolis,RJ,-22.515824878742336,-43.17136715693798,3,193.99
petropolis,RJ,-22.512038240121388,-43.204725857599755,8,456.75
petropolis,RJ,-22.510230788197468,-43.175443874455105,14,1920.38
petropolis,RJ,-22.509186267903694,-43.219827486060126,16,2453.9
petropolis,RJ,-22.508131637080282,-43.18141468751699,9,647.68
petropolis,RJ,-22.50218363248224,-43.16843451995522,4,784.5799999999999
petropolis,RJ,-22.49698456394848,-43.20060728812907,6,1020.77
petropolis,RJ,-22.496114223843747,-43.156204439943224,9,2496.53
petropolis,RJ,-22.489637241978972,-43.18376265001703,12,1880.45
petropolis,RJ,-22.489507019910214,-43.210414436144696,1,103.9
petropolis,RJ,-22.475562635890434,-43.148370152985294,16,2736.4
petropolis,RJ,-22.47150966453406,-43.1620277638875,6,572.8
petropolis,RJ,-22.43222926280023,-43.14086038411682,15,1427.66
petropolis,RJ,-22.427894024726776,-43.201389799035404,3,345.89
petropolis,RJ,-22.408608081087024,-43.13140914649253,18,2144.82
petropolis,RJ,-22.391519377055197,-43.10829358749547,6,538.43
petropolis,RJ,-22.374645351841945,-43.12909370218015,4,350.20000000000005
petropolis,RJ,-22.338529289758174,-43.12899883949998,10,1118.48
petropolis,RJ,-22.26889273967007,-43.07681259121553,5,457.79
piacabucu,AL,-10.40198438356759,-36.419966170263685,2,228.9
piacatu,SP,-21.592648210982134,-50.59921179543152,1,51.19
piacu,ES,-20.335972909905706,-41.3904879524313,1,166.99
pianco,PB,-7.198683515770482,-37.92494830350167,1,2200.0
piata,BA,-13.11064956773182,-41.68870144744786,2,80.97999999999999
piau,MG,-21.5071675989488,-43.321559205639325,2,125.88999999999999
picada cafe,RS,-29.444505592178658,-51.13237861130522,1,32.0
picarra,PA,-6.4496616307787376,-48.867987802707056,1,1014.5999999999999
picarras,SC,-26.760771390660455,-48.681909781747734,1,155.0
picos,PI,-7.085030293218806,-41.46986633554552,8,1855.9399999999998
picos,PI,-7.084631139832054,-41.409742793507746,3,1047.9
picos,PI,-7.082007019392199,-41.445805740248765,1,69.0
picos,PI,-7.07767610903498,-41.472010973497916,2,67.89
picos,PI,-7.070937040804607,-41.45044447914891,2,159.8
picui,PB,-6.506546016675193,-36.34468987915423,2,107.99
piedade,SP,-23.715944600804164,-47.4142318899136,22,2523.87
piedade de caratinga,MG,-19.760164772344595,-42.07556527702556,7,662.07
piedade do rio grande,MG,-21.470429487492787,-44.19240555850847,3,362.78
piedade dos gerais,MG,-20.466776347513083,-44.337936209234876,3,392.88
pien,PR,-26.097239791026904,-49.42823343997141,4,330.4
pilao arcado,BA,-9.996898033622134,-42.48536810560051,4,279.87
pilar,AL,-9.599890845411252,-35.95674769602995,3,99.7
pilar,PB,-7.262389717269751,-35.26037387251013,1,58.99
pilar do sul,SP,-23.81197455444591,-47.72290759681854,12,1002.36
pimenta,MG,-20.481597211404083,-45.80293182841383,2,233.99
pimenta bueno,RO,-11.687572920711828,-61.17124596903098,7,1243.79
pimenteiras,PI,-6.235368577666913,-41.420549314374846,2,102.5
pindai,BA,-14.488150497918747,-42.68510770141822,2,134.8
pindamonhangaba,SP,-22.95735385930446,-45.48825756661392,3,657.97
pindamonhangaba,SP,-22.953070810064496,-45.45910290851091,12,1883.74
pindamonhangaba,SP,-22.95084468077828,-45.47887281233689,3,1281.9
pindamonhangaba,SP,-22.947360870214748,-45.419263242807915,2,128.98
pindamonhangaba,SP,-22.946357355535095,-45.50318830428457,2,119.99
pindamonhangaba,SP,-22.945432107582036,-45.407988510722085,6,742.55
pindamonhangaba,SP,-22.94310641504543,-45.46523661649501,4,252.87
pindamonhangaba,SP,-22.938526521345235,-45.38231034960361,1,179.9
pindamonhangaba,SP,-22.936425609192046,-45.47206960119008,10,1362.39
pindamonhangaba,SP,-22.934744945078158,-45.4566779657252,9,669.38
pindamonhangaba,SP,-22.93129428181601,-45.43592124225664,5,664.79
pindamonhangaba,SP,-22.931255651141978,-45.47658489549645,3,327.3
pindamonhangaba,SP,-22.926357443984426,-45.46285091085812,8,1396.98
pindamonhangaba,SP,-22.924583605264854,-45.370284302858785,1,49.9
pindamonhangaba,SP,-22.923916492417288,-45.43765990159927,3,322.8
pindamonhangaba,SP,-22.921732048290643,-45.44386026623783,5,489.48
pindamonhangaba,SP,-22.920186332834536,-45.46440222679634,3,168.25
pindamonhangaba,SP,-22.917340261223625,-45.447347737894226,7,956.5899999999999
pindamonhangaba,SP,-22.912977836349942,-45.368567655138904,3,179.65
pindamonhangaba,SP,-22.896914141331756,-45.37921535608738,2,103.47999999999999
pindamonhangaba,SP,-22.896323278994668,-45.37170640368484,3,288.79
pindamonhangaba,SP,-22.888249250266018,-45.37619387549241,1,14.9
pindamonhangaba,SP,-22.8861757881407,-45.36757500018274,1,98.7
pindare mirim,MA,-3.619697420144632,-45.349365699330235,3,481.9
pindoba,AL,-9.475011165772862,-36.288993222832076,2,432.0
pindobacu,BA,-10.740203324663495,-40.37833401958889,3,169.9
pindorama,SP,-21.184170397432016,-48.9079733309035,2,368.9
pindorama do tocantins,TO,-11.143886531031116,-47.57513582310215,2,99.66
pindoretama,CE,-4.032750767689878,-38.305221614936656,1,37.55
pingo-d'agua,MG,-19.7269865253272,-42.412160219061974,1,369.48
pinhais,PR,-25.45822497671693,-49.1849729329014,12,1087.87
pinhais,PR,-25.446809987466878,-49.1769727607593,8,1015.07
pinhais,PR,-25.441978954828226,-49.1606508070723,7,2866.76
pinhais,PR,-25.437225932288545,-49.19396558589781,9,1197.8
pinhais,PR,-25.43244434474803,-49.17709778395994,5,363.6
pinhais,PR,-25.43127950080893,-49.15897627577145,2,144.56
pinhais,PR,-25.425234868690314,-49.18911084076795,9,947.07
pinhais,PR,-25.415147854141832,-49.18059028549587,6,433.8
pinhais,PR,-25.400782005748162,-49.185116837001196,6,436.29999999999995
pinhais,PR,-25.398094931342857,-49.160376455112726,2,189.99
pinhal da serra,RS,-30.233660772021317,-50.23357365986018,1,19.9
pinhalao,PR,-23.78967571984096,-50.058695203268186,7,1894.94
pinhalzinho,SC,-26.847939738284047,-52.98723222324769,9,816.86
pinhalzinho,SP,-22.780736129682907,-46.588867109618306,12,1300.42
pinhao,PR,-25.696207537162962,-51.657107558032365,8,920.28
pinhao,SE,-10.56830774713608,-37.7234170916446,1,420.0
pinheiral,RJ,-22.51199207678125,-44.00681729463327,14,2165.19
pinheiro,MA,-2.523977179331303,-45.08620291497239,4,426.8
pinheiro machado,RS,-31.578575056364723,-53.38246136866199,5,542.89
pinheiros,ES,-18.410899011847384,-40.219401752231356,8,1024.32
pintadas,BA,-11.812466362034584,-39.90706127081498,2,449.79999999999995
pio ix,PI,-6.834909907295532,-40.613488499166415,1,149.99
pio xii,MA,-3.8894224919585265,-45.17044471626072,1,479.99
piquerobi,SP,-21.876429667589164,-51.72439698579344,1,85.0
piquete,SP,-22.60890713530282,-45.1833131511937,9,771.09
piracaia,SP,-23.0558608520058,-46.359235959126025,21,2466.93
piracanjuba,GO,-17.30349906583519,-49.02636879088997,10,1893.26
piracema,MG,-20.50986040765885,-44.47612953751707,1,149.0
piracicaba,SP,-22.769761724280997,-47.597279910981115,6,518.37
piracicaba,SP,-22.76287427435325,-47.628370056992935,12,1466.0
piracicaba,SP,-22.757692968580447,-47.5923053059093,7,661.1800000000001
piracicaba,SP,-22.75455659447897,-47.620841411360644,13,1621.52
piracicaba,SP,-22.752482799036017,-47.65917249272996,26,2698.19
piracicaba,SP,-22.750239757060193,-47.60243087899415,3,387.9
piracicaba,SP,-22.749481886689026,-47.64546148891776,9,1966.5900000000001
piracicaba,SP,-22.7482791791705,-47.67199285331236,6,323.5
piracicaba,SP,-22.742950313410162,-47.574634735332424,1,99.95
piracicaba,SP,-22.73987798156068,-47.63618969875937,23,4703.43
piracicaba,SP,-22.73595274251212,-47.61839862005819,28,2286.7400000000002
piracicaba,SP,-22.73449702243286,-47.55711834788916,1,59.8
piracicaba,SP,-22.729029230512737,-47.6411480898057,30,6178.02
piracicaba,SP,-22.72591927501642,-47.651635811139556,27,3984.53
piracicaba,SP,-22.725079692431567,-47.630333420285545,27,3513.52
piracicaba,SP,-22.723826526212957,-47.672897830228365,19,2593.71
piracicaba,SP,-22.71690158165374,-47.64018826320613,29,5369.73
piracicaba,SP,-22.708702100662567,-47.664700852471455,34,4169.15
piracicaba,SP,-22.706970558711525,-47.59475322169452,1,27.93
piracicaba,SP,-22.691518954467206,-47.640952768102984,5,735.4200000000001
piracicaba,SP,-22.682286408835736,-47.662111832661616,21,2155.62
piracicaba,SP,-22.681854080965383,-47.70472147918883,2,909.47
piracicaba,SP,-22.677027534705967,-47.707706861260746,4,535.19
piracicaba,SP,-22.676147267600527,-47.772230748330024,1,45.0
piracicaba,SP,-22.67206791185116,-47.69572533972834,9,801.88
piracicaba,SP,-22.670100311395657,-47.68745994590649,10,1191.33
piracicaba,SP,-22.67005207442684,-47.60857710455389,2,169.8
piracuruca,PI,-3.9289602259519874,-41.709687435604465,2,235.9
pirai,RJ,-22.625000967990932,-43.89666343676933,15,2218.16
pirai do norte,BA,-13.765552472473683,-39.37731108822477,1,29.49
pirai do sul,PR,-24.53385608366247,-49.939370262890066,6,601.29
piraju,SP,-23.19820343035484,-49.38278049595409,17,4659.09
pirajuba,MG,-19.907590492605774,-48.7020297102952,1,135.9
pirajui,SP,-21.996311034143513,-49.454691250831175,12,1583.52
pirambu,SE,-10.738915617987436,-36.85682459718917,1,289.0
piranga,MG,-20.66243387929683,-43.29970611995731,4,316.19
pirangi,SP,-21.095628417437535,-48.66404771711195,7,1055.0900000000001
piranguinho,MG,-22.39447928412845,-45.54133645163208,9,1475.65
piranhas,GO,-16.43263532663801,-51.81759945569071,4,718.79
pirapetinga,MG,-21.661382378379866,-42.349693185518994,7,486.39
pirapo,PR,-23.562489121681917,-51.51954817440014,1,75.27
pirapora,MG,-17.340845395897375,-44.933534144970096,42,6803.070000000001
pirapora do bom jesus,SP,-23.4030477324338,-46.99511625156263,16,2744.66
pirapozinho,SP,-22.275856087480665,-51.49849889926355,14,1319.3700000000001
piraquara,PR,-25.455330306370577,-49.06611535740164,1,177.75
piraquara,PR,-25.452394485603882,-49.14008483325342,1,55.0
piraquara,PR,-25.451921656109388,-49.15354761010624,1,292.9
piraquara,PR,-25.45176887501101,-49.10399294250758,3,628.88
piraquara,PR,-25.448219929194625,-49.073680791446115,2,146.4
piraquara,PR,-25.447307432429138,-49.050549743303,3,211.69
piraquara,PR,-25.43178191883538,-49.0571740497372,3,91.89
pirassununga,SP,-22.01870996108974,-47.430647021979276,5,608.69
pirassununga,SP,-22.016230021078254,-47.42398672830743,12,1919.55
pirassununga,SP,-22.01327199468417,-47.41515436456504,16,1456.24
pirassununga,SP,-21.994466598287346,-47.42819522253257,16,2201.6
pirassununga,SP,-21.99020007060543,-47.41585136240993,5,595.3
pirassununga,SP,-21.974027665543204,-47.427078505542234,10,1243.13
pirassununga,SP,-21.95405229655631,-47.372124462524155,1,64.9
pirassununga,SP,-21.945131376653986,-47.367170913183365,1,29.0
pirassununga,SP,-21.931770844716947,-47.3698129495408,3,431.92
piratini,RS,-31.437823478808454,-53.10346643852284,1,69.9
piratininga,SP,-22.414599706790426,-49.139359658774346,8,1583.28
piratuba,SC,-27.420999300127587,-51.775171480099665,5,941.48
pirauba,MG,-21.273008835958645,-43.0283534011806,3,247.77
pirenopolis,GO,-15.861728144235814,-48.968851608331036,4,273.87
pires do rio,GO,-17.305108052105656,-48.28212587529559,12,3500.83
pires ferreira,CE,-4.25175167620517,-40.62503550778546,1,18.95
piripa,BA,-14.943191650637957,-41.717850447763524,2,71.99000000000001
piripiri,PI,-4.276353324093241,-41.778085846855895,7,537.28
piritiba,BA,-11.73075405938191,-40.55525167902206,5,387.79
pirpirituba,PB,-6.779830500449045,-35.49712702239184,1,1340.0
pitanga,PR,-24.75784641485761,-51.76595818161726,3,532.7
pitangueiras,SP,-21.00987455542997,-48.219255640094126,16,1362.6200000000001
pitangui,MG,-19.684235018418942,-44.89175789294177,22,2517.23
pitimbu,PB,-7.490764881771025,-34.812920718377214,1,388.9
pium,TO,-10.441796768345636,-49.17797610985666,1,20.0
piuma,ES,-20.839948654995545,-40.73441103540229,17,2216.18
piumhi,MG,-20.46910716689903,-45.96079974138365,3,195.73000000000002
piumhii,MG,-20.46910716689903,-45.96079974138365,28,3707.31
placas,PA,-3.866943073901409,-54.217563134175556,2,220.29000000000002
planaltina,GO,-15.49434999999994,-47.63636545999998,1,143.8
planaltina,GO,-15.482401380999931,-47.58963499999993,1,64.8
planaltina,GO,-15.45657509599985,-47.610193491249696,2,91.59
planaltina,GO,-15.453750636967458,-47.59978772286097,3,293.6
planaltina,GO,-15.435886132786075,-47.605277997029184,3,160.45
planaltina de goias,GO,-15.453750636967458,-47.59978772286097,2,95.6
planaltina do parana,PR,-23.022127106102264,-52.92013456180749,1,10.75
planaltino,BA,-13.388773703858275,-40.37881622437182,1,191.8
planalto,BA,-14.670952825259961,-40.479648946440946,1,91.0
planalto,PR,-25.72122317623509,-53.763827164876965,4,353.7
planalto,RS,-27.33216878232534,-53.058859552370144,3,292.99
planalto,SP,-21.032862305116268,-49.92797976129439,1,69.99
planura,MG,-20.137976352535798,-48.70215937495428,2,102.16
poa,SP,-23.555099899673362,-46.34688798471853,1,58.0
poa,SP,-23.549190351458428,-46.35222982983538,4,262.95
poa,SP,-23.54522218222076,-46.34714098098393,3,367.96999999999997
poa,SP,-23.54055477596229,-46.34208700493809,2,183.0
poa,SP,-23.53877847237823,-46.35194721552097,2,219.99
poa,SP,-23.53344361631144,-46.35002398882964,6,645.79
poa,SP,-23.531825413303835,-46.34493306106585,7,887.79
poa,SP,-23.53080074986904,-46.33535642852005,8,1277.62
poa,SP,-23.528382181486563,-46.3537887027251,8,797.77
poa,SP,-23.52819999645665,-46.34035409986554,6,379.99
poa,SP,-23.52246677964441,-46.36355504875132,5,157.58999999999997
poa,SP,-23.52231969313152,-46.34861658234897,3,184.98000000000002
poa,SP,-23.52194421054593,-46.34087492614052,6,942.97
poa,SP,-23.517485175413324,-46.3357957796424,6,715.5699999999999
poa,SP,-23.514817113492626,-46.36083962603232,6,736.35
poa,SP,-23.51477567974978,-46.34803876628072,2,109.89000000000001
poa,SP,-23.512737270121878,-46.34231544074307,8,1327.54
poa,SP,-23.510491000828782,-46.35347291973801,1,44.9
poa,SP,-23.50883338978464,-46.33532284499006,1,42.79
pocao,PE,-8.185397109329609,-36.70560146960363,1,299.99
pocao de pedras,MA,-4.753592281421204,-44.94242988623388,1,179.0
pocinhos,PB,-7.07871104426015,-36.05967093459546,3,223.8
poco fundo,MG,-21.780150901757477,-45.967467696634145,8,933.99
poco redondo,SE,-9.81875967097764,-37.69009179553092,1,419.8
poco verde,SE,-10.715133690394454,-38.17508556926912,4,447.79999999999995
pocoes,BA,-14.52830483612981,-40.367157245915756,2,308.99
pocoes de paineiras,MG,-18.877925536018072,-45.41273035413269,1,102.89000000000001
pocos de caldas,MG,-21.88129040399997,-46.61625499999997,1,105.0
pocos de caldas,MG,-21.832047863514777,-46.55914153706293,1,229.9
pocos de caldas,MG,-21.83041022834041,-46.54939078654484,14,2936.3
pocos de caldas,MG,-21.807384454982383,-46.54404588762175,6,366.78
pocos de caldas,MG,-21.798884378340517,-46.600932735788916,1,37.0
pocos de caldas,MG,-21.79593356719637,-46.590195698334966,1,117.6
pocos de caldas,MG,-21.79283890701778,-46.56736517999681,30,4299.8
pocos de caldas,MG,-21.789131323861138,-46.56757074031744,62,7528.3
pocrane,MG,-19.618046015916363,-41.62973553584847,3,172.99
pojuca,BA,-12.425449890980156,-38.32736451308023,13,1481.09
poloni,SP,-20.784966444923445,-49.81418240130234,3,163.12
pombal,PB,-6.7675469145337415,-37.79582970815996,6,1577.5
pombos,PE,-8.140531792080113,-35.390746668788175,1,105.0
pomerode,SC,-26.732885867295668,-49.170139485950855,9,1579.36
pompeia,SP,-22.10367343012363,-50.17893613850754,17,1907.08
pompeu,MG,-19.224024396093256,-45.0002372431444,11,1055.18
pongai,SP,-21.737106980100833,-49.3581019226654,4,343.8
ponta grossa,PR,-25.154758898021452,-50.14767262613904,6,540.6899999999999
ponta grossa,PR,-25.142820807083172,-50.16838386435018,2,87.2
ponta grossa,PR,-25.12970348214204,-50.156856594260546,7,951.8900000000001
ponta grossa,PR,-25.126192756089438,-50.14566867735102,4,294.4
ponta grossa,PR,-25.116586107270994,-50.11740021748187,3,352.9
ponta grossa,PR,-25.112276206068508,-50.20716465037956,5,756.5
ponta grossa,PR,-25.109926548355528,-50.17055039542989,4,632.79
ponta grossa,PR,-25.108614001193278,-50.16175098124214,6,1335.26
ponta grossa,PR,-25.10727190687242,-50.15243746995066,4,352.69
ponta grossa,PR,-25.105887998391612,-50.10739102093966,2,169.0
ponta grossa,PR,-25.103369935709225,-50.142000116068694,4,200.60000000000002
ponta grossa,PR,-25.099430516979943,-50.17685102933054,1,219.0
ponta grossa,PR,-25.098180223308567,-50.117882600655854,3,203.79
ponta grossa,PR,-25.096019048287463,-50.20428153617877,7,610.4300000000001
ponta grossa,PR,-25.094349162546603,-50.16088307377575,16,1936.1100000000001
ponta grossa,PR,-25.091000858722392,-50.13687154434075,7,2523.6
ponta grossa,PR,-25.087261203262102,-50.102396175736985,7,1632.1699999999998
ponta grossa,PR,-25.0870894024892,-50.18337727902856,4,421.78000000000003
ponta grossa,PR,-25.083027447492974,-50.202520231468355,3,437.79
ponta grossa,PR,-25.07996038746567,-50.132557804400314,15,1389.74
ponta grossa,PR,-25.078993794267554,-50.177260032134456,8,1038.4
ponta grossa,PR,-25.075805112880232,-50.15949587252997,12,1549.49
ponta grossa,PR,-25.067056610638705,-50.14331264591559,4,334.87
ponta grossa,PR,-25.06665089085803,-50.210809902659136,1,44.9
ponta grossa,PR,-25.057131448474586,-50.162584661915545,2,232.61
ponta grossa,PR,-25.052630787141467,-50.16963776346265,1,70.0
ponta grossa,PR,-25.050953823178602,-50.23272008361921,3,254.88000000000002
ponta pora,MS,-22.562058824854066,-55.692148790223264,1,2062.99
ponta pora,MS,-22.553063369712653,-55.710679786007866,1,13.65
ponta pora,MS,-22.533201139020484,-55.72438266319034,10,1342.08
ponta pora,MS,-22.51404073957211,-55.723633126703916,2,131.9
ponta pora,MS,-22.512289387153597,-55.706725409649884,1,159.0
ponta pora,MS,-22.50904359141813,-55.732429268358324,3,328.89
pontal,SP,-21.0264930112105,-48.03716928656765,12,1097.38
pontal do parana,PR,-25.640064483362185,-48.42767049926185,8,1084.26
pontalina,GO,-17.518138770022407,-49.45041060514923,2,405.0
pontalinda,SP,-20.440257815245186,-50.52198390309789,2,60.8
pontao,RS,-28.061294244860377,-52.67703001667451,1,44.9
ponte alta do norte,SC,-27.164118597254408,-50.46914219331401,1,39.99
ponte nova,MG,-20.422130891984963,-42.91859746925551,1,122.9
ponte nova,MG,-20.410060488150783,-42.89881690745697,38,6724.990000000001
ponte serrada,SC,-26.872459601864854,-52.01530607142447,3,423.9
pontes e lacerda,MT,-15.235746482425006,-59.333280230440195,9,1556.77
pontes gestal,SP,-20.184430743008765,-49.70282581180715,1,89.99
ponto belo,ES,-18.129889045356208,-40.53833069801776,1,79.9
ponto do marambaia,MG,-9.290888362386307,-44.95442285575326,1,13.7
ponto dos volantes,MG,-16.75951876773973,-41.49681223856985,2,41.4
ponto novo,BA,-10.875984806034019,-40.12802187077235,1,360.0
populina,SP,-19.94298711402836,-50.53746036679595,1,47.6
porangaba,SP,-23.180441288501907,-48.12477521833464,2,166.39
porangatu,GO,-13.438920474296195,-49.14655847853908,13,1828.15
porciuncula,RJ,-20.966705988175868,-42.04149743158904,8,936.8800000000001
porecatu,PR,-22.752396036051785,-51.379434799393636,9,735.42
portalegre,RN,-6.025217180076264,-37.98828381697318,2,408.8
portao,RS,-29.694204375791138,-51.23318877432421,10,772.15
porteiras,CE,-7.533616259304609,-39.11451825223131,1,16.55
porteirinha,MG,-15.742828130781307,-43.028069642155806,5,282.69
portela,RJ,-15.30715572439691,-38.85053052908849,1,229.9
portelandia,GO,-17.357162303098534,-52.67826404549904,1,43.0
portelandia,GO,-17.354796244546908,-52.67918719946472,1,50.99
porto acre,AC,-9.595140028479923,-67.54296064346511,1,74.9
porto alegre,RS,-30.201053899505194,-51.130970490264545,1,120.0
porto alegre,RS,-30.197932693222523,-51.18131123572988,5,452.58000000000004
porto alegre,RS,-30.18570762445531,-51.17435605397353,2,88.9
porto alegre,RS,-30.178748805929928,-51.14277606016652,1,23.7
porto alegre,RS,-30.175019756853676,-51.18166924861336,1,359.8
porto alegre,RS,-30.170601024432525,-51.081018139449576,2,117.80000000000001
porto alegre,RS,-30.16044588588245,-51.195381196468155,9,785.4000000000001
porto alegre,RS,-30.157486153891497,-51.15654975984019,26,2671.22
porto alegre,RS,-30.153638298281358,-51.14877249775743,1,179.0
porto alegre,RS,-30.15321040163987,-51.14326579712898,7,596.96
porto alegre,RS,-30.152809375880064,-51.16557960728455,4,702.88
porto alegre,RS,-30.15114647350837,-51.2173619761807,20,3244.0
porto alegre,RS,-30.147586971832453,-51.127138127645885,1,37.25
porto alegre,RS,-30.1308422421083,-51.21798275435879,9,1329.46
porto alegre,RS,-30.130673114991186,-51.23370085557171,17,3104.06
porto alegre,RS,-30.125749926191148,-51.20858749583112,11,1950.17
porto alegre,RS,-30.119665493583973,-51.107617438201366,2,458.0
porto alegre,RS,-30.111750866550857,-51.24389587828228,16,1814.47
porto alegre,RS,-30.110818064864606,-51.107001498618935,6,742.87
porto alegre,RS,-30.108668249875183,-51.22225389903746,15,1543.0700000000002
porto alegre,RS,-30.107636803745297,-51.25045031930646,14,1389.52
porto alegre,RS,-30.103114340162882,-51.24261099293992,30,3428.81
porto alegre,RS,-30.09615300075805,-51.179700410650625,3,180.57
porto alegre,RS,-30.093451458007475,-51.13622147145307,15,1597.06
porto alegre,RS,-30.09046769797437,-51.23553037033198,16,1991.44
porto alegre,RS,-30.08987671269889,-51.22679401005953,5,748.6899999999999
porto alegre,RS,-30.086147725644665,-51.21011025894578,16,1667.35
porto alegre,RS,-30.081475507040512,-51.13020843894735,5,774.38
porto alegre,RS,-30.07796614758054,-51.23964116784663,11,2052.54
porto alegre,RS,-30.077543451279457,-51.222800860649976,13,1150.85
porto alegre,RS,-30.077454851622484,-51.193185781508085,6,903.7
porto alegre,RS,-30.07653850836813,-51.12485036649549,1,799.6
porto alegre,RS,-30.073975766729266,-51.209209666711985,13,1486.4
porto alegre,RS,-30.07133502892093,-51.17775102637313,14,1580.3899999999999
porto alegre,RS,-30.068075416697393,-51.1669472048459,18,1960.67
porto alegre,RS,-30.06578689555878,-51.225993882131974,11,1452.47
porto alegre,RS,-30.065165420626524,-51.19984085059113,12,1275.46
porto alegre,RS,-30.064709236940818,-51.19229319549018,9,1117.05
porto alegre,RS,-30.06107220451981,-51.159504916643236,16,2458.31
porto alegre,RS,-30.060813567633577,-51.21610940415796,10,1655.01
porto alegre,RS,-30.059878636525212,-51.14618840980991,1,45.9
porto alegre,RS,-30.054736655635054,-51.19956059413188,14,1556.59
porto alegre,RS,-30.0528082231195,-51.20349940909082,15,1641.42
porto alegre,RS,-30.05256828188104,-51.22167277068934,13,1274.68
porto alegre,RS,-30.052226089372667,-51.22090602097402,18,2565.39
porto alegre,RS,-30.051007237154472,-51.21795745343656,6,2459.2
porto alegre,RS,-30.050784862188735,-51.195061225987146,5,1432.8
porto alegre,RS,-30.050784108299705,-51.14274869155843,7,649.89
porto alegre,RS,-30.050518862948493,-51.179855469372015,7,1365.16
porto alegre,RS,-30.05011878151954,-51.166904306285744,12,1861.23
porto alegre,RS,-30.049924834136867,-51.20192263924164,24,3300.4700000000003
porto alegre,RS,-30.049662260340096,-51.22708167490837,15,3287.48
porto alegre,RS,-30.048806233363713,-51.18867453193925,19,2229.58
porto alegre,RS,-30.046833541426064,-51.13604930747305,17,3940.37
porto alegre,RS,-30.04555850617237,-51.161051979627864,3,415.15000000000003
porto alegre,RS,-30.044900535662766,-51.09701786179232,2,326.9
porto alegre,RS,-30.043567869555396,-51.195071083947504,8,1999.53
porto alegre,RS,-30.041919232419254,-51.15143702712152,5,406.68
porto alegre,RS,-30.04134987079236,-51.18608912609568,6,637.03
porto alegre,RS,-30.041161395936474,-51.213660680950525,29,2459.15
porto alegre,RS,-30.040018026495485,-51.18716448662552,15,1978.47
porto alegre,RS,-30.039628920394776,-51.222633099068474,27,4830.15
porto alegre,RS,-30.03865360764886,-51.121878336551084,17,2045.21
porto alegre,RS,-30.03800906270191,-51.144626559356205,9,1325.0
porto alegre,RS,-30.037310253209416,-51.236700030467944,2,211.9
porto alegre,RS,-30.035780991917427,-51.20115101491416,20,1754.06
porto alegre,RS,-30.034631058661265,-51.14627605802357,5,663.5
porto alegre,RS,-30.033566088338503,-51.16255976401937,15,1784.1599999999999
porto alegre,RS,-30.033513650127862,-51.180472988640965,21,2205.73
porto alegre,RS,-30.033459014989063,-51.15138528014919,5,741.5
porto alegre,RS,-30.033349615179517,-51.11230914812807,1,42.9
porto alegre,RS,-30.033212764480137,-51.23143789959834,54,6869.54
porto alegre,RS,-30.03133220499309,-51.21280239906096,27,3753.63
porto alegre,RS,-30.030589473017823,-51.22769725328026,32,3835.58
porto alegre,RS,-30.030452740094894,-51.14038526633607,4,194.7
porto alegre,RS,-30.0297019753662,-51.20251936491882,21,3517.07
porto alegre,RS,-30.029508333494164,-51.23240150553516,2,356.8
porto alegre,RS,-30.0289981741667,-51.18923930531898,19,2982.7400000000002
porto alegre,RS,-30.027676358746632,-51.194555874065266,14,1061.3700000000001
porto alegre,RS,-30.026823730414925,-51.22181388079913,12,720.06
porto alegre,RS,-30.02640324602544,-51.180352151436615,15,3034.76
porto alegre,RS,-30.026346286427376,-51.22249899457566,1,153.8
porto alegre,RS,-30.02530441326677,-51.1632907503319,1,108.0
porto alegre,RS,-30.024579322271702,-51.19988617389882,6,1061.0
porto alegre,RS,-30.022995760143456,-51.11660296233996,9,979.5699999999999
porto alegre,RS,-30.022629896941265,-51.10505232627836,11,657.08
porto alegre,RS,-30.022177572330587,-51.16906936211728,11,1478.99
porto alegre,RS,-30.021970792739566,-51.202463920094345,9,1539.48
porto alegre,RS,-30.021136927745573,-51.209674184414446,19,1702.04
porto alegre,RS,-30.020688672514343,-51.200705977464835,11,2271.84
porto alegre,RS,-30.020228951578055,-51.154714915131336,15,1357.06
porto alegre,RS,-30.019007803599003,-51.1375177298783,7,862.36
porto alegre,RS,-30.018298859705798,-51.12547951200409,11,1515.56
porto alegre,RS,-30.017451288062443,-51.18959331993065,14,1493.19
porto alegre,RS,-30.01636540845181,-51.14349360047595,6,901.69
porto alegre,RS,-30.016072959902225,-51.17892132567786,21,2840.19
porto alegre,RS,-30.015889963916965,-51.14861204609,8,1198.35
porto alegre,RS,-30.015528344866176,-51.162708252374614,19,2505.9
porto alegre,RS,-30.01356847741822,-51.19024851930904,12,1458.66
porto alegre,RS,-30.01319616490516,-51.257159932059785,1,25.99
porto alegre,RS,-30.01031645298386,-51.106053192719884,7,1309.3899999999999
porto alegre,RS,-30.01005032806703,-51.1662554535854,7,568.9
porto alegre,RS,-30.008181567706295,-51.20130443913637,9,1936.49
porto alegre,RS,-30.007015310934644,-51.17488774416756,12,1643.6100000000001
porto alegre,RS,-30.00571772949833,-51.16054265599731,11,1788.28
porto alegre,RS,-30.004403834287338,-51.1520431901733,10,1348.52
porto alegre,RS,-30.004352940251774,-51.13114718861931,21,2568.8
porto alegre,RS,-30.00409696311078,-51.19631899770257,20,4520.32
porto alegre,RS,-30.00326017740812,-51.118735144263624,15,1797.72
porto alegre,RS,-30.002706671317462,-51.14562528981545,5,450.5
porto alegre,RS,-30.000128583308786,-51.136473154496656,10,764.36
porto alegre,RS,-29.99999504325933,-51.0962634583599,16,5693.56
porto alegre,RS,-29.995565074510544,-51.10254019758514,8,474.87
porto alegre,RS,-29.98812283875919,-51.11775252542612,5,590.99
porto alegre,RS,-29.98452568113661,-51.13010042048019,11,884.05
porto alegre,RS,-29.983958424284666,-51.19346699236304,3,748.89
porto alegre,RS,-29.98293522043827,-51.16871875557618,8,1024.59
porto alegre,RS,-29.98160993083021,-51.188586365945525,12,1927.77
porto alegre,RS,-29.9737755,-51.19155225,2,232.9
porto alegre do norte,MT,-10.872716557873717,-51.63671620309029,1,410.0
porto amazonas,PR,-25.548289202306858,-49.89341320142013,2,58.79
porto belo,SC,-27.15728166876613,-48.57004704358004,9,856.3199999999999
porto calvo,AL,-9.053688837131517,-35.39820163988539,2,323.39
porto de pedras,AL,-9.156245682424096,-35.30990791947603,1,179.9
porto esperidiao,MT,-15.837942412592737,-58.506438270261576,2,234.8
porto estrela,MT,-15.330308584541646,-57.20108733020316,1,129.9
porto feliz,SP,-23.21199047441578,-47.52209837709137,21,2974.07
porto ferreira,SP,-21.866032425983516,-47.4781017581213,26,1646.22
porto firme,MG,-20.699028840686484,-42.99946861920252,1,48.9
porto firme,MG,-20.626593709103236,-43.138124032298045,1,104.71
porto franco,MA,-6.344079329673677,-47.393865386583194,2,279.99
porto grande,AP,0.7076814373174959,-51.409521108823526,1,29.99
porto lucena,RS,-27.855939045426794,-55.01651508946106,1,59.89
porto murtinho,MS,-21.686269276680253,-57.86521030449083,1,55.0
porto nacional,TO,-10.705425521877858,-48.406267678182125,8,1577.68
porto real,RJ,-22.427801854013033,-44.30627265296701,7,1484.6
porto rico,PR,-22.775071075607276,-53.2678403728461,1,299.0
porto seguro,BA,-16.432027097855745,-39.07562867228171,38,10211.1
porto seguro,BA,-16.400187212609048,-39.26274691403601,1,29.99
porto trombetas,PA,22.56795175383837,-27.69808676596982,2,241.8
porto uniao,SC,-26.247995485947694,-51.07950025593373,14,3023.65
porto velho,RO,-8.807959407067964,-63.80605455919795,1,320.0
porto velho,RO,-8.798674164292708,-63.8634749862862,10,1105.15
porto velho,RO,-8.793823405610901,-63.88890915957687,3,455.78999999999996
porto velho,RO,-8.791199653190134,-63.884537089176774,2,528.2
porto velho,RO,-8.781499118972233,-63.879635011978166,2,564.99
porto velho,RO,-8.7797200898095,-63.90775235279775,1,27.49
porto velho,RO,-8.7757668662107,-63.8585133898608,2,274.79999999999995
porto velho,RO,-8.766194545807497,-63.89356545864417,12,2781.9300000000003
porto velho,RO,-8.765544007813704,-63.843165181629786,6,2801.58
porto velho,RO,-8.757220310311663,-63.8749300232889,22,5101.42
porto velho,RO,-8.752743887495246,-63.90551188207316,9,878.38
porto velho,RO,-8.747843794092704,-63.8567148301315,17,3047.79
porto velho,RO,-8.744639777474413,-63.84298985430505,2,429.99
porto velho,RO,-8.742421171992673,-63.89564637015813,10,1025.47
porto velho,RO,-8.738175443258836,-63.87686579614044,7,2168.67
porto velho,RO,-8.722944764354473,-63.876158146687494,2,378.9
porto xavier,RS,-27.90680205449298,-55.1390737732943,5,564.46
posse,GO,-14.086973323425672,-46.361570335997754,15,3520.35
posto da mata,BA,-17.88644999936857,-39.86169810856465,4,530.98
pote,MG,-17.80501033478597,-41.787552858707784,3,506.9
potengi,CE,-7.079038398020903,-40.05641516159247,2,245.89000000000001
potim,SP,-22.837559354084885,-45.257415742241896,2,249.8
potiragua,BA,-15.62923116778944,-39.79596981356357,7,495.97
potirendaba,SP,-21.045033707741553,-49.37615780505847,8,707.32
pouso alegre,MG,-22.268696380676413,-45.91714779406578,2,184.9
pouso alegre,MG,-22.26655682191526,-45.91635661318967,5,324.3
pouso alegre,MG,-22.248544487230255,-45.93559354359269,16,1919.66
pouso alegre,MG,-22.242433973563504,-45.94228025243746,9,1690.38
pouso alegre,MG,-22.235082800726914,-45.93392182723873,50,7871.400000000001
pouso alegre,MG,-22.22847579937794,-45.944983325101475,7,429.28
pouso alegre,MG,-22.22508693091426,-45.92335255679346,3,1063.0
pouso alegre,MG,-22.222115702560213,-45.929006680035435,10,2444.55
pouso alegre,MG,-22.220259017356117,-45.93781234891659,13,2286.59
pouso alegre,MG,-22.21533082341552,-45.91247616077022,6,215.29
pouso alegre,MG,-22.209160354419872,-45.855143653163026,6,2682.2
pouso alegre,MG,-22.186036847193915,-46.06310882370309,1,69.9
pouso alto,MG,-22.184387021366316,-44.97127698904319,3,251.0
pouso novo,RS,-29.157172911769422,-52.22293426249438,1,54.9
pouso redondo,SC,-27.257781334858,-49.93011922784603,3,597.29
poxoreu,MT,-15.828608569281172,-54.39147747426826,2,128.57
prado,BA,-17.328471244047822,-39.22480143405699,5,1090.79
pradopolis,SP,-21.35993680296325,-48.07391298482993,10,901.0
prados,MG,-21.059067150905058,-44.083411637917365,3,204.79
praia grande,ES,-20.039269371332946,-40.18713745738928,1,59.9
praia grande,SC,-29.19597250638167,-49.950968829581626,4,452.74
praia grande,SP,-24.078626536796136,-46.58934286638432,6,600.2
praia grande,SP,-24.076452551306858,-46.5936137728502,1,95.2
praia grande,SP,-24.067888805103607,-46.56761786544669,2,125.9
praia grande,SP,-24.05456065295481,-46.542091190596324,4,208.3
praia grande,SP,-24.047332489747546,-46.525443189675045,12,1539.25
praia grande,SP,-24.047101081589602,-46.534613698890226,3,206.39000000000001
praia grande,SP,-24.03661708098261,-46.50486334481665,21,1700.98
praia grande,SP,-24.035800350309216,-46.53027244443792,10,1308.18
praia grande,SP,-24.03084714756007,-46.52264892986977,12,2674.55
praia grande,SP,-24.026525667888205,-46.478236942635036,38,3645.51
praia grande,SP,-24.02534984500072,-46.51176250213163,3,409.89
praia grande,SP,-24.02276794977201,-46.49706890744068,5,506.63
praia grande,SP,-24.020432382666982,-46.45996058132934,17,1267.06
praia grande,SP,-24.016285702089217,-46.482021557134395,3,152.81
praia grande,SP,-24.014996228034303,-46.46602520017626,2,399.35
praia grande,SP,-24.014394674314207,-46.43835831981763,50,7625.87
praia grande,SP,-24.010996569087155,-46.45219165211514,3,322.89
praia grande,SP,-24.01038369810231,-46.406277006157715,46,8391.5
praia grande,SP,-24.00892314920889,-46.41912533835565,36,3449.73
praia grande,SP,-24.005082885034327,-46.449240297939156,2,474.8
praia grande,SP,-24.00472589896189,-46.43774006434078,3,367.89
praia grande,SP,-24.001499900399846,-46.4498635167305,8,1977.59
praia grande,SP,-23.99742100393031,-46.42279317244965,9,852.7
praia norte,TO,-5.4227037707870105,-47.80934643175413,1,79.0
pranchita,PR,-26.018156944432977,-53.73951203257938,1,158.67
prata,MG,-19.306826568443398,-48.922800961201254,10,1044.58
prata,PB,-7.695257989962354,-37.08341261588617,1,54.9
pratapolis,MG,-20.74438717274225,-46.86121274516443,1,49.99
presidente alves,SP,-22.097935903964224,-49.438575555250246,2,112.61
presidente bernardes,SP,-22.00850814387055,-51.55634360153442,5,466.86
presidente castello branco,SC,-27.222405045611026,-51.806757068668645,1,19.9
presidente dutra,BA,-11.296340431489769,-41.98876434561059,3,194.8
presidente dutra,MA,-5.293304861195717,-44.491505261222876,11,2000.98
presidente epitacio,SP,-21.773562635668824,-52.115709937410585,23,2572.52
presidente getulio,SC,-27.050238879786896,-49.62755144977645,6,654.1800000000001
presidente janio quadros,BA,-14.685748936568974,-41.680429120047435,1,149.9
presidente juscelino,MA,-2.92319248655288,-44.06273521723484,1,249.99
presidente kennedy,ES,-21.122930576727104,-41.04061029119547,2,238.64999999999998
presidente kubitschek,MG,-18.618915222252564,-43.57392768060846,2,115.42999999999999
presidente lucena,RS,-29.518286363401156,-51.17970480071749,1,16.99
presidente medici,MA,-2.3801968556878568,-45.82428533682955,1,105.0
presidente medici,RO,-11.17045722924229,-61.9058322401228,2,119.89000000000001
presidente nereu,SC,-27.279805250975247,-49.388247748371604,1,52.99
presidente olegario,MG,-18.41249436044673,-46.416960003175426,6,412.90999999999997
presidente prudente,SP,-22.1534507974589,-51.453195149957146,3,219.78
presidente prudente,SP,-22.146839992188088,-51.413610591951425,9,1524.6000000000001
presidente prudente,SP,-22.144834619070558,-51.380989493734276,1,69.9
presidente prudente,SP,-22.14306834447398,-51.45879875303213,1,85.8
presidente prudente,SP,-22.1394912025613,-51.42067602982886,2,118.80000000000001
presidente prudente,SP,-22.13769402066154,-51.37920406191891,4,268.86
presidente prudente,SP,-22.13659792734098,-51.40076721437253,8,880.6800000000001
presidente prudente,SP,-22.1362294598616,-51.37245004547979,1,54.9
presidente prudente,SP,-22.135728201280653,-51.392004159197725,11,3230.6
presidente prudente,SP,-22.132961060092885,-51.42613161289935,2,107.59
presidente prudente,SP,-22.132666750702214,-51.38417191873744,1,59.9
presidente prudente,SP,-22.12942014080256,-51.39686896811655,4,440.2
presidente prudente,SP,-22.12869519182828,-51.37899558656063,2,313.99
presidente prudente,SP,-22.128139671808405,-51.44143598380818,7,868.28
presidente prudente,SP,-22.127899989551175,-51.41024800482911,6,1192.7
presidente prudente,SP,-22.12536444276037,-51.37292316257348,1,54.9
presidente prudente,SP,-22.12273521177678,-51.38636933470502,17,1701.0
presidente prudente,SP,-22.122220461817367,-51.4275745410744,2,362.9
presidente prudente,SP,-22.12193692965455,-51.4137959669207,8,820.94
presidente prudente,SP,-22.121295785525298,-51.39492197648288,12,2564.34
presidente prudente,SP,-22.117354085644248,-51.37767518125017,1,34.9
presidente prudente,SP,-22.113507353635857,-51.38645500353058,5,311.78000000000003
presidente prudente,SP,-22.112262423842854,-51.42117966623059,4,314.81
presidente prudente,SP,-22.110785627280666,-51.439580908497405,1,28.9
presidente prudente,SP,-22.110680580939565,-51.399092120481306,8,4685.5599999999995
presidente prudente,SP,-22.10917396709721,-51.42906553295256,2,239.89000000000001
presidente prudente,SP,-22.10818260838763,-51.43192770919481,5,1367.6
presidente prudente,SP,-22.100730304914897,-51.39454259893536,1,89.99
presidente prudente,SP,-22.10031510183667,-51.40735633783322,8,804.13
presidente prudente,SP,-22.098987638094698,-51.41646068555834,12,1010.26
presidente prudente,SP,-22.096598404180398,-51.38878611192593,2,167.0
presidente prudente,SP,-22.088712457637875,-51.367590593825355,1,1200.0
presidente prudente,SP,-22.0880576468215,-51.38297284768365,2,144.35
presidente prudente,SP,-22.084715745810733,-51.432721964741376,2,127.6
presidente prudente,SP,-21.80310402568649,-51.30043489389272,1,49.9
presidente tancredo neves,BA,-13.446819962486437,-39.42750988352717,4,234.68
presidente venceslau,SP,-21.8742882795038,-51.84496960410871,22,2940.19
primavera,SP,-21.646334449010983,-49.38266329330534,9,996.78
primavera do leste,MT,-15.542518572911545,-54.29976942741652,28,6232.81
primeiro de maio,PR,-22.85364693155448,-51.027312904521914,7,1216.67
princesa isabel,PB,-7.736299776026694,-37.98999119518355,1,258.0
progresso,RS,-29.241307490689486,-52.318819283381295,1,215.0
promissao,SP,-21.540999972045167,-49.856858452635045,31,4189.85
propria,SE,-10.214470777179054,-36.83589781029558,3,382.89
protasio alves,RS,-28.759235137089306,-51.475095077519605,2,122.9
prudencio thomaz,MS,-21.65447886454879,-54.431618536132724,1,32.99
prudente de morais,MG,-19.47933772202455,-44.15763999812866,2,139.0
prudentopolis,PR,-25.215139810499565,-50.98763401109218,7,839.09
pugmil,TO,-10.421498999999947,-48.92569099999996,1,114.9
pureza,RJ,-21.58966622636175,-41.84131123934596,1,49.9
purilandia,RJ,-20.930128687294484,-41.955755421859884,1,166.99
putinga,RS,-29.001382772410064,-52.15716982762596,2,144.8
puxinana,PB,-7.147147254820864,-35.9613676216698,1,219.0
quadra,SP,-23.293914797337056,-48.05753808479264,2,114.9
quarai,RS,-30.38327593084103,-56.45186170954983,4,2402.99
quata,SP,-22.247296826398753,-50.70062907273488,12,3119.56
quatigua,PR,-23.567443775857694,-49.91405971164784,5,251.7
quatis,RJ,-22.413406412051476,-44.261830466210924,4,373.89
quatis,RJ,-22.4123581934767,-44.26607975263635,1,109.8
quatituba,MG,-19.413304362076545,-41.24778556412989,1,105.0
quatro barras,PR,-25.37140360277309,-49.07690711776502,18,1763.66
quatro bocas,PA,-2.584963132258858,-49.12518472623518,5,1486.99
quatro pontes,PR,-24.57158708173242,-53.97646971948627,1,149.0
quedas do iguacu,PR,-25.45540767476729,-52.91314803872301,8,842.25
queimadas,BA,-10.977524383139036,-39.62718302170117,4,834.4499999999999
queimadas,PB,-7.361945970086667,-35.899161236150825,5,1422.9
queimados,RJ,-22.735694400435158,-43.542197211853576,2,224.9
queimados,RJ,-22.726749869469312,-43.58842644869943,2,114.88999999999999
queimados,RJ,-22.723986948546326,-43.56859220120247,4,439.98
queimados,RJ,-22.7230667989856,-43.577531170720725,2,427.0
queimados,RJ,-22.721880392950524,-43.56120106689918,6,889.7
queimados,RJ,-22.720466020617074,-43.55679725976077,3,363.0
queimados,RJ,-22.71769036507631,-43.56406590011273,9,950.48
queimados,RJ,-22.709506815061726,-43.580279131181264,3,211.8
queimados,RJ,-22.7081915940706,-43.57351771589113,2,228.99
queimados,RJ,-22.707869677714925,-43.561315648938425,8,819.42
queimados,RJ,-22.707476317323948,-43.55071081533383,1,79.9
queimados,RJ,-22.705743887793954,-43.556562123447186,6,664.31
queimados,RJ,-22.6969098294197,-43.55741624112584,3,257.68
queimados,RJ,-22.692331349282565,-43.531816681604255,1,120.0
queimados,RJ,-22.691702991594582,-43.594666387857934,1,49.8
queiroz,SP,-21.79887288355797,-50.24002469627394,1,45.0
queixada,MG,-17.275828583692395,-42.014991706917755,1,59.0
queluz,SP,-22.538991613960807,-44.77246182546043,2,213.74
querencia,MT,-12.569805405342088,-52.249778856281836,10,2302.62
querencia do norte,PR,-23.08484822172952,-53.484538814859334,1,79.9
quevedos,RS,-29.34842566587726,-54.073151420133065,2,90.9
quijingue,BA,-10.753286846409909,-39.20884621512925,2,228.08999999999997
quilombo,SC,-26.728353256530664,-52.71900044773345,4,174.78
quilometro 14 do mutum,ES,-19.39858970116328,-40.905290937201045,1,49.9
quinta do sol,PR,-23.850051837280752,-52.132124862539804,3,118.99000000000001
quintana,SP,-22.069566562620427,-50.30397737674216,4,353.0
quipapa,PE,-8.827202845127042,-36.01204257471591,1,230.0
quirinopolis,GO,-18.446014425685497,-50.451540714418265,14,1475.95
quissama,RJ,-22.10915697043683,-41.470023578847695,11,1513.97
quitandinha,PR,-25.87255545133925,-49.49980722243734,2,368.9
quixabeira,BA,-11.418441272898717,-40.12357228292272,3,216.94
quixada,CE,-4.98296422865782,-39.0176815916028,2,244.89000000000001
quixada,CE,-4.973001429155113,-39.02293431182328,1,770.0
quixada,CE,-4.96853207804296,-39.01849584612181,5,635.88
quixada,CE,-4.965886762428397,-39.00861629885187,2,605.0
quixada,CE,-4.96340136094471,-39.0077181937364,2,364.9
quixada,PE,-7.718336395521887,-37.850028489304165,1,134.9
quixelo,CE,-6.241155539473785,-39.19200029464084,2,115.99
quixeramobim,CE,-5.198700104551449,-39.29377385907465,6,859.79
quixere,CE,-5.071963778883321,-37.985429156584956,2,744.3
rafard,SP,-23.017863885236956,-47.5287510906979,5,556.4
rainha do mar,RS,-29.85199246917771,-50.06690688738297,1,59.9
rancharia,SP,-22.229310649130582,-50.894681271077815,21,2623.29
rancho alegre,PR,-23.071765486986397,-50.91397510629001,1,89.9
rancho alegre d'oeste,PR,-24.30523188051001,-52.95708809108518,1,117.3
rancho queimado,SC,-27.672653628949206,-49.02203223601675,2,312.89
raposo,RJ,-12.602148394234604,-37.00085386979229,3,584.7
raposos,MG,-19.966156003176412,-43.80531972631105,11,1009.52
raul soares,MG,-20.095874844538972,-42.44291346825205,12,1115.51
ravena,MG,-19.784615746521826,-43.75434496482328,1,69.99
realeza,PR,-25.76961904751624,-53.53398372267607,6,1264.26
reboucas,PR,-25.623229798531646,-50.69335042293026,6,361.27
rechan,SP,-23.599153923116557,-48.31747225605046,2,288.8
recife,PE,-8.143662490924102,-34.908692225886526,5,796.28
recife,PE,-8.136182613627566,-34.906439367743694,28,2709.71
recife,PE,-8.135890720198345,-34.93253582376316,5,413.47
recife,PE,-8.135831928882089,-34.94969945979903,1,110.98
recife,PE,-8.132501302024165,-34.941713224545175,1,139.9
recife,PE,-8.128661337226376,-34.94717453521986,2,200.0
recife,PE,-8.125612939450031,-34.902732200291226,23,3631.29
recife,PE,-8.12393768018853,-34.93689286443264,3,308.89
recife,PE,-8.122431709011998,-34.94726801488615,1,84.0
recife,PE,-8.118066129332254,-34.956140640365916,2,162.97
recife,PE,-8.117782490292242,-34.94927690759572,2,220.9
recife,PE,-8.11529960929068,-34.896685076121976,41,6567.01
recife,PE,-8.115293289308164,-34.919605018129126,6,972.0
recife,PE,-8.114751153121219,-34.939692913042265,2,69.22
recife,PE,-8.113146590801529,-34.96258552228458,1,19.99
recife,PE,-8.112800124490846,-34.914360633516964,3,170.89
recife,PE,-8.112515819032836,-34.90640109180324,8,1785.8799999999999
recife,PE,-8.111473321359012,-34.95472052060538,1,209.99
recife,PE,-8.108299922440873,-34.92261378031095,3,251.89000000000001
recife,PE,-8.10790320147588,-34.947986115385525,1,159.0
recife,PE,-8.10718778175889,-34.94081108094704,4,847.89
recife,PE,-8.106595824535546,-34.914524701014734,6,1013.78
recife,PE,-8.106387898056237,-34.88924312207793,3,689.03
recife,PE,-8.102689087557126,-34.91444512261203,1,31.9
recife,PE,-8.10198554162388,-34.932570479509394,2,108.85000000000001
recife,PE,-8.09645329057116,-34.88536770944652,3,208.89
recife,PE,-8.096343126220205,-34.94029736310149,3,212.7
recife,PE,-8.095698255033236,-34.93340657792895,4,697.8
recife,PE,-8.094252416051239,-34.925183070649624,7,509.49
recife,PE,-8.09157154337019,-34.95434954664746,2,231.98
recife,PE,-8.091475979789742,-34.91297827785457,8,604.47
recife,PE,-8.090605957811402,-34.94209522073088,5,579.78
recife,PE,-8.08831654831537,-34.967547465944904,3,255.9
recife,PE,-8.088289339647808,-34.955621131231084,4,333.78
recife,PE,-8.087203288307094,-34.888957849640825,2,170.9
recife,PE,-8.085032619062128,-34.8811190551037,6,800.6
recife,PE,-8.084161374605232,-34.92290514512792,4,331.14
recife,PE,-8.08253724745975,-34.9318119067526,1,1349.99
recife,PE,-8.081899591785318,-34.94106180669521,3,393.0
recife,PE,-8.08165713435538,-34.965712202945035,3,112.88
recife,PE,-8.081636393079263,-34.918178874579574,3,693.9
recife,PE,-8.08121822582681,-34.910306779152215,4,900.64
recife,PE,-8.08011826711645,-34.9498360410337,4,293.87
recife,PE,-8.076072355548924,-34.91751340125436,3,219.8
recife,PE,-8.074551414644215,-34.89503465007818,2,254.8
recife,PE,-8.071397490767612,-34.9196281917781,4,445.69
recife,PE,-8.070088774698869,-34.92905467726003,9,1206.01
recife,PE,-8.06960536907466,-34.91104436610982,6,1084.31
recife,PE,-8.068681328589077,-34.880565461965006,8,1266.78
recife,PE,-8.068345828661247,-34.90716244552299,6,578.55
recife,PE,-8.065025564806096,-34.917935588241974,1,84.99
recife,PE,-8.06385346446679,-34.878370950072934,7,1289.26
recife,PE,-8.062913056776232,-34.87240571508942,1,118.99
recife,PE,-8.06264729028306,-34.88709699445857,2,187.99
recife,PE,-8.062275916080303,-34.939177483468896,3,809.78
recife,PE,-8.06100353741321,-34.8939166784824,10,2531.87
recife,PE,-8.059479415337453,-34.9317565391327,2,99.9
recife,PE,-8.05886714139907,-34.90021057469489,1,60.0
recife,PE,-8.057926761933738,-34.911228843041066,7,1260.1799999999998
recife,PE,-8.056988969523793,-34.94292149479424,6,462.77
recife,PE,-8.056559537327905,-34.922924143521314,3,187.79
recife,PE,-8.054858907282059,-34.887062369069604,11,5064.5
recife,PE,-8.054715504870352,-34.90871223716132,11,1185.69
recife,PE,-8.053658440562408,-34.87795808726709,2,185.48
recife,PE,-8.051279170785378,-34.93092085358946,8,776.67
recife,PE,-8.05115477360005,-34.921286412194455,1,16.99
recife,PE,-8.050402509261652,-34.95866729749983,3,187.91
recife,PE,-8.049884228325222,-34.90083430094547,16,1922.97
recife,PE,-8.04859824120043,-34.88656776767994,2,118.0
recife,PE,-8.045461141110296,-34.90838268625028,17,2468.21
recife,PE,-8.04541312454502,-34.894479353801344,13,1890.8999999999999
recife,PE,-8.044706797623647,-34.939893782506616,6,853.96
recife,PE,-8.041988382324297,-34.94780773785038,14,1397.69
recife,PE,-8.041972208983331,-34.879414043867776,3,318.8
recife,PE,-8.041460140437094,-34.89020331181777,3,1076.6399999999999
recife,PE,-8.040985980661501,-34.93279549546298,5,849.69
recife,PE,-8.039228963785446,-34.95646659380224,3,388.88
recife,PE,-8.038318086329957,-34.89974689386329,14,2846.19
recife,PE,-8.037192314368042,-34.98312634853348,1,87.67
recife,PE,-8.037025581480545,-34.88576252748388,5,559.78
recife,PE,-8.035270646721774,-34.97601424748101,3,136.48
recife,PE,-8.035147087287383,-34.88101594035775,1,109.9
recife,PE,-8.034440315025106,-34.911548312422006,12,1136.47
recife,PE,-8.034194043244618,-34.8948140468267,18,1845.31
recife,PE,-8.034084041636085,-34.932257005275964,6,862.87
recife,PE,-8.033296334762817,-34.94812111839829,1,89.9
recife,PE,-8.032950052294407,-34.922253906105134,11,3709.95
recife,PE,-8.031519757202823,-34.938670439101635,2,100.88999999999999
recife,PE,-8.028744985072196,-34.90746648541784,12,2390.17
recife,PE,-8.028625535569644,-34.91822780516189,13,1158.3
recife,PE,-8.028304424930951,-34.95944257018895,2,279.89
recife,PE,-8.028280103303683,-34.88125902771679,3,277.95
recife,PE,-8.025976979424279,-34.90034564303465,4,220.49
recife,PE,-8.023081102329504,-34.92997598245863,3,274.89
recife,PE,-8.022656147912352,-34.89018537923381,7,1323.68
recife,PE,-8.019615464997038,-34.899350832253376,1,124.99
recife,PE,-8.01941235069858,-34.90539168414753,3,394.87
recife,PE,-8.019106208372653,-34.88634822935219,3,312.8
recife,PE,-8.01858022604814,-34.95512509617279,1,59.9
recife,PE,-8.017987403872429,-34.916152825160005,1,228.0
recife,PE,-8.016574068135952,-34.91219827183728,5,735.86
recife,PE,-8.016304974053048,-34.92283548701758,3,615.48
recife,PE,-8.014003597754703,-34.92925752375142,4,298.49
recife,PE,-8.012075422745923,-34.885186677343306,1,87.0
recife,PE,-8.009977310818632,-34.89341131584442,5,315.86
recife,PE,-8.008530402840417,-34.90397406310135,3,664.9
recife,PE,-8.004622706760971,-34.93496049919001,7,1456.29
recife,PE,-8.002863458913078,-34.91268416240682,1,39.99
recife,PE,-8.00243096815651,-34.926333370890504,2,139.89
recife,PE,-7.999901076218356,-34.92439375162483,1,29.99
recife,PE,-7.9932648434891655,-34.93415923897747,1,39.9
recife,PE,-7.992612544008648,-34.91657513720029,6,576.69
recife,PE,-7.986947415353612,-34.9301142132641,1,199.9
recife,PE,-7.984732286302783,-34.91963155503283,1,89.99
recife,PE,-7.978286706256947,-34.917913405357666,2,154.9
recreio,MG,-21.524158484055874,-42.46412505259726,3,264.98
redencao,CE,-4.230045613748753,-38.72918190103788,4,1104.68
redencao,PA,-8.042244895248874,-50.041484695104316,2,212.99
redencao,PA,-8.04128098671597,-50.03564320241553,1,72.99
redencao,PA,-8.040803166729217,-50.02664169842125,2,279.27
redencao,PA,-8.035249342143262,-50.03958081763671,4,499.2
redencao,PA,-8.02727845597861,-50.027295587267616,3,358.8
redencao da serra,SP,-23.27663032336227,-45.529779177729296,1,89.9
redencao do gurgueia,PI,-9.4865746477432,-44.5851404257246,1,179.8
redentora,RS,-27.651465879079893,-53.63921590998839,3,354.59000000000003
regeneracao,PI,-6.228167487451328,-42.689498240483935,6,790.97
regente feijo,SP,-22.22194575701773,-51.30343940995456,10,897.01
reginopolis,SP,-21.88149253433849,-49.26469809965418,3,1552.99
registro,SP,-24.498837779550897,-47.84616128650988,45,5929.57
remanso,BA,-9.620891468311969,-42.08147291322284,5,369.69
remigio,PB,-6.9651128840185805,-35.79513566840519,1,149.9
renascenca,PR,-26.157884258484824,-52.970267920680804,4,279.6
reriutaba,CE,-4.142405504800178,-40.58204225534575,3,1093.32
resende,RJ,-22.488919677352353,-44.481775548629734,6,1325.64
resende,RJ,-22.481352909224906,-44.44738336170918,3,494.89
resende,RJ,-22.47953658479948,-44.486220788831986,8,817.53
resende,RJ,-22.47945755126941,-44.497006003882944,23,2339.58
resende,RJ,-22.47869598643678,-44.45562453568011,2,148.63
resende,RJ,-22.47512616601276,-44.45598592595826,1,34.9
resende,RJ,-22.47500025748093,-44.472280391419126,1,52.9
resende,RJ,-22.474917222169406,-44.475571573176616,10,1072.97
resende,RJ,-22.474359205785767,-44.45135898617823,2,878.9
resende,RJ,-22.473125040121136,-44.434935176779355,1,50.0
resende,RJ,-22.471672224010437,-44.46056688845982,5,251.17
resende,RJ,-22.46876502877718,-44.45027765604811,7,881.14
resende,RJ,-22.46524225917617,-44.45825455376093,9,1070.59
resende,RJ,-22.464447198885214,-44.43840111956106,6,844.6700000000001
resende,RJ,-22.463997775061397,-44.448931343839035,12,1714.67
resende,RJ,-22.460849176254317,-44.48063091042549,2,186.99
resende,RJ,-22.458723983697105,-44.40526071575879,4,271.0
resende,RJ,-22.456760239356562,-44.44027936636861,4,272.15
resende,RJ,-22.456645809407426,-44.44662877815259,3,206.19
resende,RJ,-22.45659620643451,-44.455399781386355,3,153.94
resende,RJ,-22.455981969727446,-44.432028096830756,1,207.0
resende,RJ,-22.45166476714554,-44.3956878985988,2,114.9
resende costa,MG,-20.9164457338286,-44.24196451981968,3,224.79000000000002
reserva,PR,-24.652635118291556,-50.849703230608476,3,308.6
reserva do cabacal,MT,-15.120726622753033,-58.38548480831002,2,383.9
reserva do iguacu,PR,-25.81880915642345,-52.05039747294245,1,14.0
resplendor,MG,-19.32488535792776,-41.249234673200206,10,739.0600000000001
ressaquinha,MG,-21.063551447155064,-43.76327370155431,1,189.9
restinga seca,RS,-29.812973118499624,-53.37564493927577,3,254.69
retirolandia,BA,-11.493520707645892,-39.42367401678584,1,89.9
riachao das neves,BA,-11.749759183121165,-44.90972215555026,2,206.89000000000001
riachao do jacuipe,BA,-11.807900364528223,-39.38316511392188,5,2502.4
riachinho,MG,-16.23017177235179,-45.99141725875838,2,82.34
riacho da cruz,RN,-5.93630049149536,-37.948726332901956,1,129.9
riacho das almas,PE,-8.119032745627358,-35.8554051863047,2,203.9
riacho de santana,BA,-13.611642226714537,-42.93675297616304,4,1194.7
riacho de santo antonio,PB,-7.696598290303212,-36.147249471640464,1,129.9
riacho dos machados,MG,-16.003404344884267,-43.04653081169028,3,284.0
riachuelo,SE,-10.731420744931947,-37.18688734133239,1,39.97
rianapolis,GO,-15.448340379544378,-49.51161982296412,1,165.99
rianapolis,GO,-15.317311647777423,-49.580425546576954,3,285.69
ribas do rio pardo,MS,-20.45545958584479,-53.75418231636182,1,47.9
ribeira,SP,-24.657729784002104,-49.007751023908156,3,209.28
ribeira do amparo,BA,-10.998030196324375,-38.403300508482964,1,45.0
ribeira do pombal,BA,-10.855588015152298,-38.53647669595227,8,618.19
ribeirao,PE,-8.514986468149445,-35.377400936216844,4,316.4
ribeirao bonito,SP,-22.081623849526718,-48.220362384178166,7,727.29
ribeirao branco,SP,-24.190933403133126,-48.81137550504264,2,452.99
ribeirao cascalheira,MT,-12.918450883311415,-51.79902937542777,1,29.9
ribeirao claro,PR,-23.196538915281,-49.757928908051824,5,492.69
ribeirao das neves,MG,-19.819055504331708,-44.05120885628186,1,44.95
ribeirao das neves,MG,-19.80845538417153,-44.09046842618562,2,167.4
ribeirao das neves,MG,-19.805563019680967,-44.02448617359142,8,1559.09
ribeirao das neves,MG,-19.805260206674156,-44.02782178935321,5,674.86
ribeirao das neves,MG,-19.804752970017834,-44.06454138889696,3,463.78000000000003
ribeirao das neves,MG,-19.797807587931842,-44.018775553246634,4,176.8
ribeirao das neves,MG,-19.793865227319984,-44.03692429099208,1,49.8
ribeirao das neves,MG,-19.793318307417064,-44.01820962172755,5,608.98
ribeirao das neves,MG,-19.789871850543015,-44.00784511918709,8,801.05
ribeirao das neves,MG,-19.788775348858486,-44.01738463521277,6,779.3100000000001
ribeirao das neves,MG,-19.777902960024914,-43.99048776111663,5,509.78
ribeirao das neves,MG,-19.777773939974978,-44.023705132197996,6,1005.77
ribeirao das neves,MG,-19.776123900470743,-44.08294508654485,3,298.8
ribeirao das neves,MG,-19.773887698137116,-44.050119414860674,3,290.89
ribeirao das neves,MG,-19.77261562575166,-44.07142942793453,1,44.9
ribeirao das neves,MG,-19.770122672628762,-44.1383065703122,4,517.51
ribeirao das neves,MG,-19.76965172463611,-44.13481905802161,6,590.68
ribeirao das neves,MG,-19.76942326255773,-44.07394121424601,2,107.89
ribeirao das neves,MG,-19.768627939639334,-44.086652718411564,9,1579.68
ribeirao das neves,MG,-19.763748517880757,-44.12510705267267,1,235.6
ribeirao das neves,MG,-19.762833833057254,-44.13867602152345,3,124.4
ribeirao das neves,MG,-19.76249198605451,-44.12816438800792,3,349.9
ribeirao das neves,MG,-19.761153421538665,-44.0982133292321,1,128.89
ribeirao das neves,MG,-19.757129607178598,-44.084954669354275,1,119.9
ribeirao das neves,MG,-19.752503184679963,-44.0711704871132,5,327.93
ribeirao das neves,MG,-19.746822648541805,-44.081544895211756,2,1026.0
ribeirao do pinhal,PR,-23.40951041754561,-50.35787677226499,5,328.0
ribeirao do sul,SP,-22.78186968966466,-49.7999709089014,3,357.9
ribeirao pires,SP,-23.75501850131045,-46.441857353060016,4,196.70000000000002
ribeirao pires,SP,-23.73885547032336,-46.447140971353605,3,107.97999999999999
ribeirao pires,SP,-23.732707168530236,-46.417916489806274,4,265.98
ribeirao pires,SP,-23.721972493547128,-46.419990961306205,3,572.9499999999999
ribeirao pires,SP,-23.720282854284,-46.42575854777839,3,254.8
ribeirao pires,SP,-23.71922333007251,-46.41320779634431,6,715.35
ribeirao pires,SP,-23.718907865445058,-46.39471606155454,4,344.59
ribeirao pires,SP,-23.718632517778193,-46.42150732572009,2,159.89000000000001
ribeirao pires,SP,-23.714274716671557,-46.41873448886599,1,69.9
ribeirao pires,SP,-23.711851451612144,-46.41244149883675,9,928.6
ribeirao pires,SP,-23.710828956802267,-46.400522918579085,7,283.06
ribeirao pires,SP,-23.710828935531303,-46.3905188727081,1,101.2
ribeirao pires,SP,-23.709412717090732,-46.427953749155286,4,358.89
ribeirao pires,SP,-23.70447660481648,-46.40983373852155,3,368.97
ribeirao pires,SP,-23.70375211691532,-46.416236735595454,6,470.59000000000003
ribeirao pires,SP,-23.70327693014275,-46.388611900126875,3,225.8
ribeirao pires,SP,-23.70076577122381,-46.40433331183219,6,568.24
ribeirao pires,SP,-23.700585600921578,-46.36226409652016,1,33.0
ribeirao pires,SP,-23.70035495879883,-46.396752462791305,4,250.48
ribeirao pires,SP,-23.698125557972265,-46.42789185596777,1,127.98
ribeirao pires,SP,-23.693170992258185,-46.43698541631065,10,1543.45
ribeirao pires,SP,-23.691430316709734,-46.382238458966924,3,203.89
ribeirao pires,SP,-23.689816650485028,-46.37124574344774,1,114.9
ribeirao pires,SP,-23.687319828183437,-46.39328579315943,1,79.9
ribeirao pires,SP,-23.684672804941748,-46.41519960063822,3,272.9
ribeirao pires,SP,-23.68376572761572,-46.37555750991596,3,373.9
ribeirao pires,SP,-23.680644946961863,-46.34951520939184,2,294.95000000000005
ribeirao pires,SP,-23.66004151862936,-46.372941065863955,5,514.09
ribeirao pires,SP,-23.65373257481298,-46.364913000133285,3,300.8
ribeirao preto,SP,-21.252494863546485,-47.817878695442126,18,2403.16
ribeirao preto,SP,-21.229870113808598,-47.787102468007,9,957.38
ribeirao preto,SP,-21.22765567189718,-47.92878828966958,7,1860.2399999999998
ribeirao preto,SP,-21.223533543713224,-47.83104529239533,13,2109.5099999999998
ribeirao preto,SP,-21.223349032851434,-47.76840018908949,8,850.02
ribeirao preto,SP,-21.215295118892477,-47.80819445967424,4,336.92
ribeirao preto,SP,-21.214889830150028,-47.82160048649503,11,3178.62
ribeirao preto,SP,-21.213809752116315,-47.79487457172355,32,3858.88
ribeirao preto,SP,-21.209703260011455,-47.740970494342214,1,645.99
ribeirao preto,SP,-21.20131082333704,-47.7779524735565,11,994.86
ribeirao preto,SP,-21.201064692224882,-47.80236637602176,43,6480.47
ribeirao preto,SP,-21.20102722747161,-47.84481434920348,7,558.6899999999999
ribeirao preto,SP,-21.193638491208656,-47.81519785770766,21,1872.43
ribeirao preto,SP,-21.191022995550163,-47.76791416876063,18,1660.55
ribeirao preto,SP,-21.19012799690352,-47.78790131270502,19,3080.7599999999998
ribeirao preto,SP,-21.188418727804688,-47.82938435475035,25,2939.84
ribeirao preto,SP,-21.181218575214736,-47.80747857476067,14,1837.05
ribeirao preto,SP,-21.179893192109983,-47.78842912306862,33,4725.15
ribeirao preto,SP,-21.17953956854023,-47.80859764825491,9,1285.25
ribeirao preto,SP,-21.177891257048426,-47.74337493709183,12,1232.0
ribeirao preto,SP,-21.177709840485356,-47.76782007545163,8,894.67
ribeirao preto,SP,-21.1728614527507,-47.82369973956137,18,2219.92
ribeirao preto,SP,-21.165898166464302,-47.797969175658075,17,1678.6100000000001
ribeirao preto,SP,-21.164388613159677,-47.836924251857674,15,1175.76
ribeirao preto,SP,-21.15700584776457,-47.824920843296205,27,3561.5
ribeirao preto,SP,-21.156700327270222,-47.78619523041458,3,1559.98
ribeirao preto,SP,-21.154639915189836,-47.80275271383767,13,1768.09
ribeirao preto,SP,-21.143670361206613,-47.844068117276485,6,634.44
ribeirao preto,SP,-21.140509358148126,-47.8148521160312,21,2597.4500000000003
ribeirao preto,SP,-21.140244843952534,-47.79106291848945,5,673.56
ribeirao preto,SP,-21.13412286466589,-47.745779042280645,8,590.4000000000001
ribeirao preto,SP,-21.1339716932665,-47.832311243838774,7,658.09
ribeirao preto,SP,-21.132829205340816,-47.846432827881905,9,612.35
ribeirao preto,SP,-21.126516995149434,-47.826886379763216,1,53.9
ribeirao preto,SP,-21.124887917686177,-47.810365564458834,1,49.7
ribeirao preto,SP,-21.12103155137743,-47.781467467367754,6,961.44
ribeirao preto,SP,-21.11833752006477,-47.81920902994725,6,693.67
ribeirao preto,SP,-21.112713275054016,-47.79081007447943,7,754.78
ribeirao preto,SP,-21.11106687647655,-47.79937672322862,6,666.1899999999999
ribeirao vermelho,MG,-21.185458382865324,-45.059928919233364,2,275.70000000000005
ribeiraozinho,MT,-16.48808199266851,-52.69858627244756,2,299.98
ribeiro junqueira,MG,-19.82190436837232,-44.00995343801027,1,149.0
ribeiropolis,SE,-10.538054348005303,-37.43596626093686,1,65.0
rifaina,SP,-20.079712422710767,-47.42466662704398,2,552.8
rincao,SP,-21.586649473204947,-48.075012156404924,1,79.0
rinopolis,SP,-21.725410518910465,-50.723761355843365,2,104.89
rio acima,MG,-20.089910650795822,-43.789123418882596,8,513.66
rio azul,PR,-25.72663590916727,-50.7900497215227,5,383.70000000000005
rio bananal,ES,-19.262419468912956,-40.325324580425026,4,225.26
rio bonito,RJ,-22.711927870432564,-42.63004113951235,27,4352.11
rio bonito do iguacu,PR,-25.499282631757886,-52.52485641291198,4,462.8
rio branco,AC,-10.02102061400725,-67.80168027994576,1,159.99
rio branco,AC,-9.993371562888607,-67.81643310389886,2,292.99
rio branco,AC,-9.989061455597197,-67.84408966250474,4,697.4
rio branco,AC,-9.979872137226339,-67.82634864438137,5,584.79
rio branco,AC,-9.979282220514099,-67.88020368411595,1,119.0
rio branco,AC,-9.977963621769732,-67.83430606526895,9,1700.83
rio branco,AC,-9.976918860902307,-67.80810933644136,1,173.67
rio branco,AC,-9.967843044507292,-67.81328446862534,13,2332.31
rio branco,AC,-9.95935155986708,-67.80548084063032,8,1915.6200000000001
rio branco,AC,-9.956478682438016,-67.82849981530686,13,2565.35
rio branco,AC,-9.955303078156795,-67.84853785183275,7,1261.5900000000001
rio branco,AC,-9.949074142170987,-67.87675861421144,2,599.0
rio branco,AC,-9.945319444726195,-67.8231598423896,3,1449.8000000000002
rio branco,MT,-15.240463949187793,-58.113137640207725,3,83.89
rio branco do sul,PR,-25.180768393805685,-49.31657303541073,6,418.57
rio brilhante,MS,-21.79842220216582,-54.54346342674206,11,972.28
rio casca,MG,-20.222521274073973,-42.649171158676076,5,317.43
rio claro,RJ,-22.730729475261874,-44.13045433056481,3,380.98
rio claro,SP,-22.436043436888557,-47.58035618624017,12,1121.52
rio claro,SP,-22.425778361057304,-47.560436700322384,12,2898.04
rio claro,SP,-22.412926935778415,-47.57929587700935,20,3017.48
rio claro,SP,-22.40895214371238,-47.563680414821135,33,5204.91
rio claro,SP,-22.392136581834077,-47.57768122006809,27,2589.91
rio claro,SP,-22.391765540585514,-47.548511125728616,30,2923.51
rio claro,SP,-22.37849011300643,-47.565194684429564,17,1800.21
rio das antas,SC,-26.89331087193089,-51.05648215052937,2,176.8
rio das flores,RJ,-22.167450983183613,-43.58379149561636,6,558.68
rio das ostras,RJ,-22.536353853433862,-41.966577074185,17,1897.54
rio das ostras,RJ,-22.530167943876307,-41.98387359682014,3,298.16999999999996
rio das ostras,RJ,-22.523466670512956,-41.945624780733546,34,4146.02
rio das ostras,RJ,-22.514343196066026,-41.94884362575882,3,292.89
rio das ostras,RJ,-22.50767872860576,-41.92492452461746,34,6238.01
rio das ostras,RJ,-22.5075878608153,-41.931427399062315,17,2273.7200000000003
rio das ostras,RJ,-22.49327136373581,-41.91284139030315,11,1724.16
rio das ostras,RJ,-22.476723812378207,-41.90805010485109,7,1570.83
rio das ostras,RJ,-22.449135694468286,-41.86954575599881,3,469.75
rio das ostras,RJ,-22.430659435293666,-41.99013315075911,1,87.9
rio das pedras,SP,-22.842321876787764,-47.60705361138728,10,1027.64
rio de contas,BA,-13.57007856069092,-41.80581449304111,3,226.70000000000002
rio de janeiro,RJ,-23.020470737334893,-43.46265642068304,68,8942.54
rio de janeiro,RJ,-23.01298650422646,-43.46551954103294,136,21785.21
rio de janeiro,RJ,-23.010803499326403,-43.3098866524811,27,4191.21
rio de janeiro,RJ,-23.010131257960495,-43.338679519974164,30,5478.08
rio de janeiro,RJ,-23.00947497991475,-43.334530048914964,35,4874.4
rio de janeiro,RJ,-23.008068841447862,-43.29861176534447,8,977.6400000000001
rio de janeiro,RJ,-23.0049905225767,-43.54784520457546,17,2349.81
rio de janeiro,RJ,-23.00365666838398,-43.34075885321385,85,15257.94
rio de janeiro,RJ,-23.001267617010633,-43.3355988370672,26,4572.5
rio de janeiro,RJ,-23.00123690831294,-43.64009513690838,1,40.0
rio de janeiro,RJ,-23.00061899109568,-43.40471828456725,116,16054.06
rio de janeiro,RJ,-22.99599813649958,-43.261663703422506,29,3507.7200000000003
rio de janeiro,RJ,-22.99073734829478,-43.63045092144838,7,655.34
rio de janeiro,RJ,-22.99046924798533,-43.61550570181899,4,623.88
rio de janeiro,RJ,-22.99004850815858,-43.35448107201586,11,1213.32
rio de janeiro,RJ,-22.986493696399247,-43.23306806247369,39,5424.54
rio de janeiro,RJ,-22.986105098852665,-43.311520670632305,6,650.19
rio de janeiro,RJ,-22.985312022606553,-43.20414276378719,24,3357.75
rio de janeiro,RJ,-22.98466377656021,-43.192528449128396,21,5249.15
rio de janeiro,RJ,-22.984441149894824,-43.19341592390328,28,5147.6
rio de janeiro,RJ,-22.984439128577424,-43.22151271315892,25,3987.4900000000002
rio de janeiro,RJ,-22.98416017609255,-43.22495474880264,26,3258.18
rio de janeiro,RJ,-22.984082408782115,-43.44889019919411,44,5413.76
rio de janeiro,RJ,-22.98392343049867,-43.207101465917965,38,7201.81
rio de janeiro,RJ,-22.98284371340203,-43.224740007201746,22,2425.57
rio de janeiro,RJ,-22.982140216547382,-43.206875250730356,8,1112.9
rio de janeiro,RJ,-22.98210232841188,-43.22013314970181,35,9180.710000000001
rio de janeiro,RJ,-22.981944699776772,-43.202413135708234,21,1692.33
rio de janeiro,RJ,-22.980688017563594,-43.18955936508214,19,2174.79
rio de janeiro,RJ,-22.98056296317437,-43.65998986714787,7,716.6
rio de janeiro,RJ,-22.980184787318848,-43.19459066773997,32,3343.75
rio de janeiro,RJ,-22.979900329721087,-43.49176475913368,15,1410.98
rio de janeiro,RJ,-22.9790211808901,-43.69012245165258,14,1817.67
rio de janeiro,RJ,-22.97841522971715,-43.23772919271784,56,9533.01
rio de janeiro,RJ,-22.97702862454598,-43.19034089760792,17,2549.85
rio de janeiro,RJ,-22.975419252327107,-43.192633652194786,21,1757.99
rio de janeiro,RJ,-22.974468021753417,-43.696539704365605,9,815.74
rio de janeiro,RJ,-22.97383432126233,-43.6810761924786,8,966.25
rio de janeiro,RJ,-22.972873846317363,-43.19052130370873,21,2999.5099999999998
rio de janeiro,RJ,-22.972595655601555,-43.18771945633724,27,3718.17
rio de janeiro,RJ,-22.972563998366834,-43.64295047031437,11,3148.59
rio de janeiro,RJ,-22.969148201152674,-43.383065237968154,103,16328.19
rio de janeiro,RJ,-22.968389299018032,-43.1849944726417,20,3262.77
rio de janeiro,RJ,-22.967673604620366,-43.19002828343284,24,4041.6099999999997
rio de janeiro,RJ,-22.967625971408513,-43.203212882392485,28,3499.38
rio de janeiro,RJ,-22.967091308000946,-43.700265635554004,11,1098.27
rio de janeiro,RJ,-22.966933621230865,-43.18792165085605,22,5414.9
rio de janeiro,RJ,-22.96669955681108,-43.6017686687425,12,1097.63
rio de janeiro,RJ,-22.96619236089961,-43.330734513875434,52,9949.93
rio de janeiro,RJ,-22.96571567280818,-43.178905752541766,22,3326.08
rio de janeiro,RJ,-22.965586191842657,-43.18405306861811,26,3540.4500000000003
rio de janeiro,RJ,-22.96550432697566,-43.21544841322038,35,4948.87
rio de janeiro,RJ,-22.965453849156813,-43.17847566804375,23,4963.15
rio de janeiro,RJ,-22.964834958641692,-43.22490223070295,15,3956.09
rio de janeiro,RJ,-22.964378631240205,-43.61186736926677,6,471.79
rio de janeiro,RJ,-22.96400610563266,-43.17658358618979,30,4796.86
rio de janeiro,RJ,-22.962843790439337,-43.40116578306731,48,6361.45
rio de janeiro,RJ,-22.96271293881479,-43.170810782953595,24,1880.49
rio de janeiro,RJ,-22.961345034096052,-43.213641388050824,32,4330.49
rio de janeiro,RJ,-22.958246852875913,-43.27033293203977,8,3652.34
rio de janeiro,RJ,-22.95721825808972,-43.200260609059356,22,2872.95
rio de janeiro,RJ,-22.95685190582306,-43.193645741400225,18,1496.13
rio de janeiro,RJ,-22.956103796414517,-43.19395105535185,22,3039.92
rio de janeiro,RJ,-22.955943986568656,-43.60659613358818,8,2094.38
rio de janeiro,RJ,-22.954431333815165,-43.35527342221761,25,4579.54
rio de janeiro,RJ,-22.954428429403354,-43.177074208583676,56,7414.81
rio de janeiro,RJ,-22.954408685481415,-43.185650031057385,29,6348.01
rio de janeiro,RJ,-22.953082188232273,-43.18924536490677,45,5801.02
rio de janeiro,RJ,-22.952645498107493,-43.30267070542142,2,145.88
rio de janeiro,RJ,-22.95005017710918,-43.360847511047254,1,29.9
rio de janeiro,RJ,-22.949418433889697,-43.38717689639774,15,2140.27
rio de janeiro,RJ,-22.94921626511125,-43.19021396256844,49,8913.13
rio de janeiro,RJ,-22.94846910030558,-43.364489898207424,9,804.58
rio de janeiro,RJ,-22.947502549436848,-43.33814210193203,19,2335.55
rio de janeiro,RJ,-22.945894102935657,-43.594457021538446,12,2189.19
rio de janeiro,RJ,-22.945344203574265,-43.185010548945066,35,8114.360000000001
rio de janeiro,RJ,-22.94503552262656,-43.67692431410214,5,470.63
rio de janeiro,RJ,-22.94338467090066,-43.33437919544068,49,5831.01
rio de janeiro,RJ,-22.942311951383264,-43.166780906762526,10,1070.37
rio de janeiro,RJ,-22.942211644081578,-43.17758693818259,55,8478.28
rio de janeiro,RJ,-22.941061091973182,-43.191231191173394,15,1801.77
rio de janeiro,RJ,-22.938856559491374,-43.34583380346626,16,2226.35
rio de janeiro,RJ,-22.93845834691675,-43.1963680762055,15,2430.8199999999997
rio de janeiro,RJ,-22.937899966329617,-43.578646142633474,10,1326.92
rio de janeiro,RJ,-22.93768625306417,-43.24886943417944,32,4483.42
rio de janeiro,RJ,-22.937297973252818,-43.176889612976375,52,7611.8
rio de janeiro,RJ,-22.93691091371265,-43.36097335035081,47,5351.46
rio de janeiro,RJ,-22.936255491866653,-43.661399065747545,27,2148.58
rio de janeiro,RJ,-22.936153909752676,-43.18183226783302,45,5551.98
rio de janeiro,RJ,-22.935263476239662,-43.187263572971155,47,6487.12
rio de janeiro,RJ,-22.935058480174078,-43.333594070428546,31,4536.76
rio de janeiro,RJ,-22.934576022997884,-43.37578841332682,51,6493.0
rio de janeiro,RJ,-22.9331056624521,-43.554113810125514,19,1770.08
rio de janeiro,RJ,-22.93249321644976,-43.62300753113864,2,145.89
rio de janeiro,RJ,-22.931070810893203,-43.176115962189314,33,5048.54
rio de janeiro,RJ,-22.930711174851965,-43.68946380025854,16,2308.07
rio de janeiro,RJ,-22.930347789330725,-43.24275226487902,42,6737.05
rio de janeiro,RJ,-22.930174584016687,-43.39608391214564,30,3629.28
rio de janeiro,RJ,-22.930174278267923,-43.34644038809006,48,5392.98
rio de janeiro,RJ,-22.92956446372173,-43.17684636890966,27,2317.35
rio de janeiro,RJ,-22.928999413639033,-43.18145032839962,43,5759.8099999999995
rio de janeiro,RJ,-22.9284131316606,-43.240538180114825,43,5607.63
rio de janeiro,RJ,-22.927918848210943,-43.231972121774945,42,7425.79
rio de janeiro,RJ,-22.92777932523722,-43.554503392883646,10,886.46
rio de janeiro,RJ,-22.92668402323646,-43.629330310698386,12,1005.36
rio de janeiro,RJ,-22.926258825257275,-43.231846424609145,64,8229.2
rio de janeiro,RJ,-22.92625659532195,-43.35975777828106,22,3718.74
rio de janeiro,RJ,-22.925942886418497,-43.561357507907644,6,1366.2300000000002
rio de janeiro,RJ,-22.924510509727508,-43.63529705731422,22,2298.41
rio de janeiro,RJ,-22.92401542829238,-43.213547671608914,41,5153.0
rio de janeiro,RJ,-22.92368923724333,-43.682925923943515,6,889.86
rio de janeiro,RJ,-22.923671061854996,-43.27951061325535,28,3756.96
rio de janeiro,RJ,-22.923384297280904,-43.179530436549925,4,576.88
rio de janeiro,RJ,-22.923355641776098,-43.383046917508274,9,1131.47
rio de janeiro,RJ,-22.92275898098941,-43.246104027508025,72,6773.82
rio de janeiro,RJ,-22.92255591041081,-43.243901231317686,73,13210.62
rio de janeiro,RJ,-22.922380751135307,-43.629510536912335,18,2743.7599999999998
rio de janeiro,RJ,-22.922200558918448,-43.20015626664134,14,2200.07
rio de janeiro,RJ,-22.922006425170558,-43.18565741850953,31,4725.8
rio de janeiro,RJ,-22.920928532759326,-43.358465481509604,15,2154.98
rio de janeiro,RJ,-22.920002522357752,-43.3695754073506,22,5331.27
rio de janeiro,RJ,-22.91973437055113,-43.67148457968753,7,745.28
rio de janeiro,RJ,-22.91957476261591,-43.52855570225305,16,1662.23
rio de janeiro,RJ,-22.919342584449815,-43.21542322502569,50,7159.650000000001
rio de janeiro,RJ,-22.919337655136697,-43.21247470976231,10,1227.65
rio de janeiro,RJ,-22.918636000417838,-43.25724486396328,46,5146.81
rio de janeiro,RJ,-22.91818988167744,-43.61235085654186,5,373.78000000000003
rio de janeiro,RJ,-22.918167419985295,-43.38651552844117,25,4559.09
rio de janeiro,RJ,-22.917770340408847,-43.18905754157791,13,1515.43
rio de janeiro,RJ,-22.917530927852997,-43.528324896794466,7,452.59000000000003
rio de janeiro,RJ,-22.917504887763446,-43.69308722014739,6,1248.11
rio de janeiro,RJ,-22.91689708484027,-43.40278883313536,41,5884.78
rio de janeiro,RJ,-22.916840745702153,-43.56234010712124,23,3760.75
rio de janeiro,RJ,-22.916792143186886,-43.2315503991291,71,7851.62
rio de janeiro,RJ,-22.916244564738715,-43.21795033526529,42,5971.44
rio de janeiro,RJ,-22.915669330916135,-43.2252134823305,41,4241.45
rio de janeiro,RJ,-22.914787266177115,-43.59078039553711,10,1053.19
rio de janeiro,RJ,-22.914390650925082,-43.24569874883489,52,7163.55
rio de janeiro,RJ,-22.91373119718309,-43.39089712057767,1,39.99
rio de janeiro,RJ,-22.913307945677737,-43.590429851372164,16,1443.3
rio de janeiro,RJ,-22.913149027532867,-43.65356967363749,5,736.48
rio de janeiro,RJ,-22.91285701073433,-43.18834911843799,46,7480.74
rio de janeiro,RJ,-22.912595307197087,-43.53593879115358,5,584.29
rio de janeiro,RJ,-22.91259168660638,-43.18629265033459,23,2778.56
rio de janeiro,RJ,-22.912369544913428,-43.17350079335496,13,1735.9
rio de janeiro,RJ,-22.91224198054703,-43.268726673369905,6,514.7
rio de janeiro,RJ,-22.91150171276762,-43.37652610722419,21,3100.9900000000002
rio de janeiro,RJ,-22.91148503866567,-43.19844247973102,19,2948.47
rio de janeiro,RJ,-22.911119400069488,-43.62264162522756,13,1938.17
rio de janeiro,RJ,-22.909949489657397,-43.5764230099429,13,1400.19
rio de janeiro,RJ,-22.909873939082548,-43.173650365485265,21,2617.27
rio de janeiro,RJ,-22.909572437655488,-43.177703112986904,38,5762.54
rio de janeiro,RJ,-22.909310774242133,-43.67111972773999,10,1559.87
rio de janeiro,RJ,-22.908696503565157,-43.201016378284464,7,594.0
rio de janeiro,RJ,-22.908445285088447,-43.60810021286953,7,631.73
rio de janeiro,RJ,-22.90830858763459,-43.2764243094503,10,1866.0700000000002
rio de janeiro,RJ,-22.908174032805224,-43.53967787825952,4,478.58
rio de janeiro,RJ,-22.908149571852817,-43.26020630971305,1,32.9
rio de janeiro,RJ,-22.907619844963776,-43.23590445490212,3,249.79000000000002
rio de janeiro,RJ,-22.90749454533334,-43.17316912947846,9,633.91
rio de janeiro,RJ,-22.90742646003482,-43.22111290328188,2,90.0
rio de janeiro,RJ,-22.906619343447986,-43.55224985960651,18,3617.71
rio de janeiro,RJ,-22.906575946931888,-43.28819167590577,50,6868.12
rio de janeiro,RJ,-22.906412217480728,-43.282495177007156,9,1895.19
rio de janeiro,RJ,-22.906374170614942,-43.566410061329776,16,3374.64
rio de janeiro,RJ,-22.906015750671408,-43.364980246342064,18,3219.84
rio de janeiro,RJ,-22.905811724167148,-43.18562902375168,1,89.9
rio de janeiro,RJ,-22.905696239420447,-43.179258208124025,8,1481.37
rio de janeiro,RJ,-22.905686000249094,-43.177156307060464,35,6113.25
rio de janeiro,RJ,-22.905038579309718,-43.218289836880224,15,3056.7000000000003
rio de janeiro,RJ,-22.904993445903926,-43.17607769647398,15,1713.52
rio de janeiro,RJ,-22.90399569141674,-43.25558609559154,34,2990.58
rio de janeiro,RJ,-22.903600471965063,-43.306901589519335,18,2203.75
rio de janeiro,RJ,-22.90320075238725,-43.17864558233141,2,36.8
rio de janeiro,RJ,-22.903063100942575,-43.18298926875737,3,319.5
rio de janeiro,RJ,-22.90265768897671,-43.59917193270753,8,615.4300000000001
rio de janeiro,RJ,-22.902565933548235,-43.17859890530714,7,463.76
rio de janeiro,RJ,-22.902331574261794,-43.17927884154506,6,448.84
rio de janeiro,RJ,-22.902290913852568,-43.29839517326879,13,1534.01
rio de janeiro,RJ,-22.902076954244112,-43.18149783382578,14,2068.25
rio de janeiro,RJ,-22.90178148194564,-43.219200053257524,18,1491.19
rio de janeiro,RJ,-22.90125781010044,-43.541434503067336,11,1484.74
rio de janeiro,RJ,-22.901209379401656,-43.18495724281751,6,13719.21
rio de janeiro,RJ,-22.90074270257361,-43.58463842554154,8,1336.85
rio de janeiro,RJ,-22.900247004009792,-43.28620954651436,36,3917.4
rio de janeiro,RJ,-22.900151286264816,-43.17827587439508,15,1926.41
rio de janeiro,RJ,-22.899829533909223,-43.20080433539784,17,1928.8400000000001
rio de janeiro,RJ,-22.899524395109882,-43.23052438041678,11,1550.76
rio de janeiro,RJ,-22.899458021565806,-43.19708452216502,5,1750.25
rio de janeiro,RJ,-22.899105988671952,-43.249321637815825,6,548.07
rio de janeiro,RJ,-22.899054123828943,-43.17942063171785,20,1936.57
rio de janeiro,RJ,-22.898979722466947,-43.69930833968601,19,3971.1800000000003
rio de janeiro,RJ,-22.89892108854126,-43.26048783057711,3,432.6
rio de janeiro,RJ,-22.898539335408454,-43.56542140516348,15,2280.4700000000003
rio de janeiro,RJ,-22.89798974016889,-43.6685591848473,18,1646.15
rio de janeiro,RJ,-22.897761741341185,-43.69665951306267,2,76.99000000000001
rio de janeiro,RJ,-22.897715083300223,-43.18332992060644,15,6218.7
rio de janeiro,RJ,-22.897521961702388,-43.591752252623216,13,1921.02
rio de janeiro,RJ,-22.8964631877728,-43.27217170225893,32,4036.23
rio de janeiro,RJ,-22.896407842881192,-43.57751001381104,17,3048.47
rio de janeiro,RJ,-22.89620288125079,-43.31266061354411,11,980.23
rio de janeiro,RJ,-22.896089584185965,-43.59889671190928,24,4553.76
rio de janeiro,RJ,-22.89524485967227,-43.231902550437,8,651.55
rio de janeiro,RJ,-22.89512617328995,-43.357502145957,57,8732.02
rio de janeiro,RJ,-22.894998640111965,-43.490836960215546,9,731.6899999999999
rio de janeiro,RJ,-22.89490962921127,-43.29895518595955,4,454.88
rio de janeiro,RJ,-22.89480299365888,-43.30460678807501,3,635.86
rio de janeiro,RJ,-22.894787607705087,-43.27754555337602,23,2874.77
rio de janeiro,RJ,-22.89442355697212,-43.251622708261415,3,468.89
rio de janeiro,RJ,-22.89433959920376,-43.56722290454661,5,777.6700000000001
rio de janeiro,RJ,-22.8942153041908,-43.57129087148408,4,621.99
rio de janeiro,RJ,-22.893920459110284,-43.54642397807567,10,814.9599999999999
rio de janeiro,RJ,-22.893703236582244,-43.23151762119004,19,1619.84
rio de janeiro,RJ,-22.89314885311464,-43.242201014642525,8,552.91
rio de janeiro,RJ,-22.892905876006864,-43.347644389533606,16,1956.69
rio de janeiro,RJ,-22.89263110411781,-43.28601357326318,12,1088.22
rio de janeiro,RJ,-22.892257517452293,-43.44208696544872,7,884.48
rio de janeiro,RJ,-22.892248480036507,-43.47086620332721,5,818.97
rio de janeiro,RJ,-22.891289709125683,-43.528538034861306,5,1666.78
rio de janeiro,RJ,-22.890938364362235,-43.43068537741355,12,1811.08
rio de janeiro,RJ,-22.89044829208524,-43.42058389455041,11,787.1
rio de janeiro,RJ,-22.88998422832266,-43.57939758303769,11,1612.76
rio de janeiro,RJ,-22.889979653251217,-43.22883289161473,3,371.88
rio de janeiro,RJ,-22.889762604191276,-43.48390785134509,7,722.5
rio de janeiro,RJ,-22.88962788350659,-43.395124429249634,6,859.59
rio de janeiro,RJ,-22.889303208418365,-43.304540372254614,10,858.62
rio de janeiro,RJ,-22.88918177352332,-43.32763594596467,16,2185.06
rio de janeiro,RJ,-22.888719129958833,-43.29710870135924,8,500.8
rio de janeiro,RJ,-22.888368672611154,-43.58090949448299,13,1112.9
rio de janeiro,RJ,-22.888192458215805,-43.624736504286915,15,1722.0
rio de janeiro,RJ,-22.886952911633603,-43.446644127201374,9,1185.28
rio de janeiro,RJ,-22.88659325431333,-43.26783420069855,16,3937.13
rio de janeiro,RJ,-22.88658041606038,-43.2773189390998,1,49.9
rio de janeiro,RJ,-22.88654522617883,-43.28157899070825,31,5914.63
rio de janeiro,RJ,-22.886458648570237,-43.59762968190717,8,1058.18
rio de janeiro,RJ,-22.886393425025826,-43.558872618395576,17,2807.65
rio de janeiro,RJ,-22.885872200386764,-43.51372891804045,10,2100.65
rio de janeiro,RJ,-22.885775526693386,-43.4110256032492,1,34.99
rio de janeiro,RJ,-22.88548385187386,-43.45769280672658,8,1248.39
rio de janeiro,RJ,-22.88543771705454,-43.54971957423268,13,1481.53
rio de janeiro,RJ,-22.88433305340309,-43.387504877344114,10,2002.6
rio de janeiro,RJ,-22.883894678436565,-43.30538425605098,13,1523.38
rio de janeiro,RJ,-22.88385334415563,-43.419136355497564,4,399.69000000000005
rio de janeiro,RJ,-22.883317935180692,-43.31951190668025,19,2926.74
rio de janeiro,RJ,-22.882938283581172,-43.625086210988606,9,843.28
rio de janeiro,RJ,-22.8828767826158,-43.36417448357049,50,7840.18
rio de janeiro,RJ,-22.88245539011392,-43.574942249018065,1,20.3
rio de janeiro,RJ,-22.882442915756783,-43.349470070284454,22,2703.83
rio de janeiro,RJ,-22.88243614479021,-43.61658346798473,2,477.99
rio de janeiro,RJ,-22.881888435047646,-43.46899760400734,11,1195.09
rio de janeiro,RJ,-22.8814818751053,-43.49448328547964,3,455.48
rio de janeiro,RJ,-22.880476502680093,-43.21772315263865,11,1466.49
rio de janeiro,RJ,-22.880118655848953,-43.483604754804006,9,2079.25
rio de janeiro,RJ,-22.879549301241177,-43.41011862496182,8,978.35
rio de janeiro,RJ,-22.879476747053335,-43.44026398123803,11,2274.79
rio de janeiro,RJ,-22.87922054417216,-43.459310464937985,11,1365.35
rio de janeiro,RJ,-22.879177245162502,-43.28592690942743,4,259.89
rio de janeiro,RJ,-22.879083342003987,-43.33935560703397,18,1737.58
rio de janeiro,RJ,-22.87907528708003,-43.314672063074205,8,2280.59
rio de janeiro,RJ,-22.878735432655482,-43.415788362287785,10,1559.27
rio de janeiro,RJ,-22.878043319496523,-43.562917395844295,12,1307.95
rio de janeiro,RJ,-22.87793235260004,-43.330166204427464,12,2597.39
rio de janeiro,RJ,-22.877802617547648,-43.273092853972436,4,314.96
rio de janeiro,RJ,-22.877775179542617,-43.57771051289783,31,3144.32
rio de janeiro,RJ,-22.87751529574331,-43.53029348075376,11,1735.58
rio de janeiro,RJ,-22.876979699775763,-43.42527912676291,11,1014.1700000000001
rio de janeiro,RJ,-22.876209770242788,-43.51981673638026,9,1068.99
rio de janeiro,RJ,-22.875981704754974,-43.26005615466438,17,2979.16
rio de janeiro,RJ,-22.8753558465787,-43.28063646200473,2,254.0
rio de janeiro,RJ,-22.87518071840644,-43.30082797736797,5,983.78
rio de janeiro,RJ,-22.874222414375385,-43.26728790044959,5,652.79
rio de janeiro,RJ,-22.87350715228709,-43.36567754387448,25,2274.97
rio de janeiro,RJ,-22.873409010490445,-43.4537411569272,2,864.8
rio de janeiro,RJ,-22.872167051363157,-43.58925307377246,12,946.09
rio de janeiro,RJ,-22.87178460618622,-43.25004020994305,4,357.99
rio de janeiro,RJ,-22.871537517256936,-43.429726914846995,6,1271.87
rio de janeiro,RJ,-22.87144109880102,-43.258727578503766,10,958.38
rio de janeiro,RJ,-22.871019283986563,-43.45851442872575,7,1212.02
rio de janeiro,RJ,-22.871018134717982,-43.35684491471535,9,1093.15
rio de janeiro,RJ,-22.870893429404216,-43.483301504432156,6,467.67
rio de janeiro,RJ,-22.87085601200714,-43.54384874896292,22,3447.42
rio de janeiro,RJ,-22.87067512100277,-43.28612468627153,8,1218.54
rio de janeiro,RJ,-22.870448202643566,-43.34296526816304,10,989.37
rio de janeiro,RJ,-22.870188890670534,-43.52187688533317,2,478.90999999999997
rio de janeiro,RJ,-22.870098149013963,-43.297217917069595,1,74.99
rio de janeiro,RJ,-22.87000636720115,-43.32004486324283,4,407.1
rio de janeiro,RJ,-22.86940966621501,-43.55658717782943,15,1486.68
rio de janeiro,RJ,-22.868421364534367,-43.47985554134832,9,852.73
rio de janeiro,RJ,-22.868363814263653,-43.46923216795061,6,679.5
rio de janeiro,RJ,-22.867011045510353,-43.371883316604816,20,4347.22
rio de janeiro,RJ,-22.866945338258187,-43.33478170506691,8,1156.7
rio de janeiro,RJ,-22.866391297064204,-43.271588010936235,14,1816.17
rio de janeiro,RJ,-22.865673065092224,-43.289317820043124,5,537.49
rio de janeiro,RJ,-22.865120805735394,-43.4470342137163,3,96.8
rio de janeiro,RJ,-22.86486541105725,-43.24870050352791,4,743.26
rio de janeiro,RJ,-22.864698795351657,-43.46636013974529,6,1145.79
rio de janeiro,RJ,-22.86435505255422,-43.434757144170185,7,1069.07
rio de janeiro,RJ,-22.86305592280701,-43.4696365930169,1,105.9
rio de janeiro,RJ,-22.862369101863525,-43.467286461177956,5,723.9
rio de janeiro,RJ,-22.86209078632198,-43.39136925868886,17,2248.31
rio de janeiro,RJ,-22.86207117720982,-43.35623041492665,14,1014.38
rio de janeiro,RJ,-22.860726267312923,-43.28764650581979,4,1413.98
rio de janeiro,RJ,-22.860376601769172,-43.255669827757195,9,819.96
rio de janeiro,RJ,-22.859425219557973,-43.486817054989416,2,434.99
rio de janeiro,RJ,-22.85918299393417,-43.456665616338015,6,406.99
rio de janeiro,RJ,-22.859130493251165,-43.47880605689346,8,901.33
rio de janeiro,RJ,-22.858267172627272,-43.25269222978843,9,1248.3899999999999
rio de janeiro,RJ,-22.857706333465654,-43.267186202026345,4,464.88
rio de janeiro,RJ,-22.857331891254034,-43.26363956816405,17,2083.33
rio de janeiro,RJ,-22.857082764875646,-43.486439191165495,11,1099.67
rio de janeiro,RJ,-22.856203714532516,-43.37495578967732,3,136.89
rio de janeiro,RJ,-22.855135850026098,-43.36350730842812,13,1670.67
rio de janeiro,RJ,-22.85387973916863,-43.396809432222284,10,1153.7
rio de janeiro,RJ,-22.853845962536496,-43.46103565025077,3,207.5
rio de janeiro,RJ,-22.853328261763206,-43.32822806263115,12,1632.5700000000002
rio de janeiro,RJ,-22.85332248950828,-43.397360098269154,1,140.0
rio de janeiro,RJ,-22.853042262633373,-43.47042497115219,2,25.89
rio de janeiro,RJ,-22.852143526409453,-43.342813020278854,10,2602.46
rio de janeiro,RJ,-22.85109676327036,-43.53613869095038,8,2435.26
rio de janeiro,RJ,-22.85106228596877,-43.32617884775252,9,1204.34
rio de janeiro,RJ,-22.850951552039938,-43.46693512747451,6,1554.46
rio de janeiro,RJ,-22.850770856037,-43.27052152360208,26,3602.91
rio de janeiro,RJ,-22.850002554499312,-43.263354020176415,3,1057.95
rio de janeiro,RJ,-22.849843652150362,-43.3808702413711,5,969.79
rio de janeiro,RJ,-22.849422868592246,-43.31350882748824,24,4986.26
rio de janeiro,RJ,-22.849034554602184,-43.374423646812794,8,1097.58
rio de janeiro,RJ,-22.84825657231105,-43.25613344368642,17,3068.82
rio de janeiro,RJ,-22.84606476402831,-43.31053536227519,22,2323.43
rio de janeiro,RJ,-22.845556518964184,-43.49501645648064,1,79.98
rio de janeiro,RJ,-22.84410299270375,-43.35219269222594,5,786.59
rio de janeiro,RJ,-22.843914411682647,-43.283779066776354,9,609.38
rio de janeiro,RJ,-22.84373140637614,-43.30242672582638,17,2608.7000000000003
rio de janeiro,RJ,-22.843286137769397,-43.34344431819371,4,713.58
rio de janeiro,RJ,-22.84251003329592,-43.35349069066133,7,752.49
rio de janeiro,RJ,-22.84207289300327,-43.265065434319375,25,3897.81
rio de janeiro,RJ,-22.84146868829085,-43.36195292092932,5,554.3100000000001
rio de janeiro,RJ,-22.839960552960555,-43.37703910572291,7,568.59
rio de janeiro,RJ,-22.8396852659843,-43.33712480023102,1,65.99
rio de janeiro,RJ,-22.839350559609453,-43.40486056012263,12,795.48
rio de janeiro,RJ,-22.83902730987094,-43.35587746226516,5,583.13
rio de janeiro,RJ,-22.83791177652518,-43.322271046058205,36,5835.97
rio de janeiro,RJ,-22.836828071243165,-43.30804460963914,13,2156.89
rio de janeiro,RJ,-22.835828487618873,-43.27614378416555,32,5834.2699999999995
rio de janeiro,RJ,-22.835042850775064,-43.31263647240438,7,1389.79
rio de janeiro,RJ,-22.83463324022867,-43.39275636997285,2,155.99
rio de janeiro,RJ,-22.83427156601059,-43.377978641515625,1,69.99
rio de janeiro,RJ,-22.8338340042933,-43.24885668973881,21,6635.849999999999
rio de janeiro,RJ,-22.833788776762514,-43.296044333899985,18,2058.83
rio de janeiro,RJ,-22.83290297152516,-43.41230278119793,2,146.9
rio de janeiro,RJ,-22.832605349060035,-43.402808561949044,11,976.4
rio de janeiro,RJ,-22.831527268945862,-43.32219671997402,7,522.6800000000001
rio de janeiro,RJ,-22.828811915352887,-43.346307609440586,6,795.55
rio de janeiro,RJ,-22.827727546600816,-43.2864223207302,16,1599.55
rio de janeiro,RJ,-22.826662975624334,-43.3225314634884,42,3904.09
rio de janeiro,RJ,-22.825649495444644,-43.411649846764305,5,654.5999999999999
rio de janeiro,RJ,-22.824619091439565,-43.30674667488387,22,2381.1600000000003
rio de janeiro,RJ,-22.823839184254716,-43.3063018523626,7,766.58
rio de janeiro,RJ,-22.821385636314904,-43.39760318048674,2,129.9
rio de janeiro,RJ,-22.819481062981133,-43.1783585853495,12,2009.18
rio de janeiro,RJ,-22.819448109307597,-43.35408490190018,2,92.89
rio de janeiro,RJ,-22.818616394359942,-43.382598700728,2,160.8
rio de janeiro,RJ,-22.816850689474528,-43.374314532417216,5,475.78
rio de janeiro,RJ,-22.81388871143013,-43.20247749638257,30,3367.0
rio de janeiro,RJ,-22.81349696231808,-43.30803677134236,4,371.8
rio de janeiro,RJ,-22.8130814021041,-43.36036408098235,1,27.0
rio de janeiro,RJ,-22.811121030063198,-43.326212799077666,7,1125.97
rio de janeiro,RJ,-22.810998397638027,-43.361877158530596,3,293.9
rio de janeiro,RJ,-22.809517664348768,-43.200203165434935,39,6437.62
rio de janeiro,RJ,-22.8083044291334,-43.18564856697721,13,1134.3799999999999
rio de janeiro,RJ,-22.80486286271774,-43.22572822631956,4,789.78
rio de janeiro,RJ,-22.79811558143935,-43.19569772270941,25,2088.07
rio de janeiro,RJ,-22.79777839220466,-43.181360862515426,15,1492.97
rio de janeiro,RJ,-22.7900819429952,-43.17257319356364,9,1442.42
rio do antonio,BA,-14.404103359723551,-42.07762183922079,2,259.0
rio do campo,SC,-26.94596085982091,-50.13939941622872,4,674.95
rio do oeste,SC,-27.19614273379346,-49.79595722328515,3,364.89
rio do pires,BA,-13.12472173002355,-42.28653018971424,4,552.8
rio do sul,SC,-27.231416404052254,-49.657476576171575,3,331.74
rio do sul,SC,-27.22627964562482,-49.64006837438859,5,862.38
rio do sul,SC,-27.223517738688045,-49.659990711396745,6,670.69
rio do sul,SC,-27.214586575753973,-49.637725417940445,14,2576.7400000000002
rio do sul,SC,-27.20409307766069,-49.64975788418899,4,216.6
rio do sul,SC,-27.194747836407572,-49.602121868949034,1,19.9
rio do sul,SC,-27.182281193890503,-49.606409689333034,2,99.80000000000001
rio doce,MG,-20.245228686986213,-42.897278593634475,1,66.0
rio dos cedros,SC,-26.742551405132584,-49.27417288129167,1,49.9
rio dos indios,RS,-27.30519345806183,-52.842023145525545,1,79.9
rio espera,MG,-20.856315961070795,-43.48265709146685,1,149.9
rio formoso,PE,-8.66225420822748,-35.15271246410155,2,215.6
rio fortuna,SC,-28.135229936969033,-49.11310643844439,3,469.39
rio grande,RS,-32.195804508900835,-52.18003308278352,1,19.99
rio grande,RS,-32.194867623536226,-52.1754000913493,2,39.989999999999995
rio grande,RS,-32.186172779024446,-52.17167205372764,2,77.8
rio grande,RS,-32.18411814346125,-52.15620085545089,4,531.88
rio grande,RS,-32.17748323323102,-52.16439543015231,3,438.98
rio grande,RS,-32.176204791665675,-52.16178965807263,4,303.8
rio grande,RS,-32.16005542108376,-52.180737086899995,5,701.88
rio grande,RS,-32.105256811181135,-52.17395580139477,4,409.7
rio grande,RS,-32.09470204000814,-52.18358953389359,6,635.77
rio grande,RS,-32.08169709240183,-52.22475172804305,2,197.70000000000002
rio grande,RS,-32.07980549600955,-52.17938012401523,4,473.9
rio grande,RS,-32.079231334862214,-52.156032771961506,4,982.89
rio grande,RS,-32.07667466701318,-52.17051996299839,1,24.5
rio grande,RS,-32.05253545311471,-52.14216239902862,6,933.6700000000001
rio grande,RS,-32.04854159442456,-52.11291165935731,12,1447.07
rio grande,RS,-32.04029057026779,-52.11623226138782,25,4961.13
rio grande,RS,-32.03821975236037,-52.084825109025644,12,1031.4
rio grande,RS,-32.03464709881218,-52.097201592173086,24,2977.93
rio grande da serra,SP,-23.745624893916588,-46.39462033694684,25,2169.31
rio grande do piaui,PI,-7.775791129733579,-43.13724312257374,1,24.9
rio largo,AL,-9.497191293262231,-35.83329662981412,6,562.71
rio manso,MG,-20.421058783890246,-44.44027742749059,5,815.5600000000001
rio maria,PA,-7.313044233417596,-50.0472359299627,3,352.88
rio negrinho,SC,-26.25613891864582,-49.52153209709076,13,1121.19
rio negro,PR,-26.095452253608567,-49.788178088876286,15,2105.87
rio novo,MG,-21.47509780281503,-43.12725299298362,4,536.79
rio novo do sul,ES,-20.860485103348744,-40.93526011608743,6,531.68
rio paranaiba,MG,-19.67698928194328,-51.18893748495198,1,10.99
rio paranaiba,MG,-19.199423707009597,-46.2432189718757,8,669.28
rio pardo,RS,-29.979842964719428,-52.37472734544019,5,687.88
rio pardo de minas,MG,-15.617834332075331,-42.54211546980239,5,597.69
rio piracicaba,MG,-19.92842416811709,-43.16354084502181,4,512.75
rio pomba,MG,-21.27141666979365,-43.17867116209081,6,1192.8600000000001
rio preto,MG,-22.08542181656574,-43.827167953830475,4,161.68
rio real,BA,-11.486452509291919,-37.932043105050006,3,386.0
rio rufino,SC,-27.863294100965383,-49.78212355987929,1,59.0
rio tinto,PB,-6.80338209469453,-35.07673804443287,2,439.9
rio verde,GO,-17.867022708390994,-50.827120462184034,1,12.47
rio verde,GO,-17.85855030678507,-50.96160896032649,1,349.9
rio verde,GO,-17.81402001547205,-50.93492393042659,6,818.79
rio verde,GO,-17.80667557606162,-50.92661316165269,1,222.9
rio verde,GO,-17.804500726925003,-50.916494660436,15,2111.84
rio verde,GO,-17.80412309643593,-50.92137394119365,5,510.37
rio verde,GO,-17.80009701361432,-50.94648580877844,7,926.89
rio verde,GO,-17.799541424302955,-50.893812356325206,7,1906.15
rio verde,GO,-17.798393400301876,-50.92238641066218,3,593.88
rio verde,GO,-17.782867107146338,-50.918176902958955,9,881.23
rio verde,GO,-17.77879253605165,-50.96475697951772,4,742.1999999999999
rio verde,GO,-17.777496028847594,-50.90472390151822,2,221.39
rio verde,GO,-17.755745918282575,-50.91195167731402,2,100.5
rio verde,PR,-24.474612953774336,-52.87775898122082,1,159.9
riolandia,SP,-19.981666664950833,-49.67993196435573,3,398.79999999999995
riqueza,SC,-27.059609588126293,-53.32609304434152,3,248.9
ritapolis,MG,-21.02609751967129,-44.323586479323815,3,145.69
riversul,SP,-23.82901502757101,-49.43437700441544,1,89.9
roca sales,RS,-29.28655913641843,-51.872455322911655,2,177.9
rodeio,SC,-26.88932240353919,-49.35056297333393,7,849.66
rodeio bonito,RS,-27.47330447119546,-53.17050386349097,2,212.8
rodeiro,MG,-21.200183156552292,-42.866033086810205,3,409.4
rodelas,BA,-8.859703814217283,-38.762902411426076,3,404.9
rodolfo fernandes,RN,-5.7891534098677715,-38.06065263299912,2,99.89
rolandia,PR,-23.322715181568167,-51.3705509796154,5,1207.5
rolandia,PR,-23.31814778205777,-51.39161964122817,6,981.85
rolandia,PR,-23.31247663924116,-51.36500347341602,10,2708.06
rolandia,PR,-23.30310633022113,-51.39195523474191,1,101.0
rolandia,PR,-23.301309682324213,-51.363466899056135,2,135.53
rolante,RS,-29.64963363646582,-50.572926219838166,9,874.25
rolim de moura,RO,-11.722454098877984,-61.77703628883976,7,465.04999999999995
romaria,MG,-18.884956484882785,-47.585863571648034,2,264.9
romelandia,SC,-26.676332683605008,-53.31972479541719,1,159.99
roncador,PR,-24.59386743208296,-52.2779908643927,2,158.98000000000002
ronda alta,RS,-27.78222223380718,-52.806500480230916,6,1544.33
rondon,PR,-23.41747190845969,-52.77267615047669,2,262.98
rondon do para,PA,-4.772530697506351,-48.072662966501575,9,2780.13
rondonopolis,MT,-16.48326205647683,-54.6486780279985,2,245.89000000000001
rondonopolis,MT,-16.477306814796858,-54.59316993926965,4,409.58000000000004
rondonopolis,MT,-16.476945587078635,-54.657044962108436,1,56.99
rondonopolis,MT,-16.475635889827064,-54.6168999901624,12,959.1600000000001
rondonopolis,MT,-16.467956080761546,-54.631426759761695,16,3277.42
rondonopolis,MT,-16.461470480410167,-54.608915925768684,4,926.04
rondonopolis,MT,-16.459475736621876,-54.65065743359164,5,570.88
rondonopolis,MT,-16.45640284492965,-54.67134376531653,3,134.8
rondonopolis,MT,-16.455997657734205,-54.639754693200004,2,209.64
rondonopolis,MT,-16.445982562524183,-54.61502697926298,1,849.0
rondonopolis,MT,-16.44565258764619,-54.6241312021256,3,511.97
rondonopolis,MT,-16.445379521693987,-54.629782247217996,1,12.25
rondonopolis,MT,-16.445121763750777,-54.60960265222534,1,89.97
rondonopolis,MT,-16.441929148063966,-54.638565929990314,4,465.48
rondonopolis,MT,-16.440095056159034,-54.66283262360666,1,205.99
rondonopolis,MT,-16.43985343539315,-54.64136584931737,2,587.0
rondonopolis,MT,-16.439794812522823,-54.63348663836694,1,1106.99
rondonopolis,MT,-16.43638573373723,-54.619282554609754,1,24.99
roque gonzales,RS,-28.130287791467037,-55.02161225501352,5,542.88
rosana,SP,-22.573882492272183,-53.044630232532285,4,236.6
rosario,MA,-2.9402330356569957,-44.249544171962235,1,28.12
rosario do ivai,PR,-24.25491202256432,-51.2514627519999,1,29.0
rosario do sul,RS,-30.254941083139382,-54.920334249156326,14,933.25
roseira,SP,-22.898929252238354,-45.30439111476588,5,423.68
rubelita,MG,-16.405581873611123,-42.26188343737363,1,57.89
rubiacea,SP,-21.302002224966596,-50.73460813411542,2,218.8
rubiataba,GO,-15.163985855096604,-49.80376085496956,7,1034.09
rubim,MG,-16.38387099569079,-40.53588546993864,3,213.89
rubineia,SP,-20.17231754158079,-51.00082399748581,1,100.0
russas,CE,-4.938637830671736,-37.97382628884966,9,3843.8700000000003
ruy barbosa,BA,-12.283351491742769,-40.498588898312164,7,662.96
sabara,MG,-19.905165949959898,-43.8239902662974,2,154.99
sabara,MG,-19.89673869473945,-43.807903442448854,2,179.0
sabara,MG,-19.892370459082944,-43.8350974773001,1,16.9
sabara,MG,-19.889137010050003,-43.80799858672714,3,1328.7
sabara,MG,-19.88869972210088,-43.79699750158474,8,565.48
sabara,MG,-19.8840815426126,-43.853729873454114,2,173.78
sabara,MG,-19.88234466043111,-43.85001621671352,3,143.8
sabara,MG,-19.88094284373014,-43.865015936590204,2,174.8
sabara,MG,-19.880489318726323,-43.90337735934442,9,886.38
sabara,MG,-19.878087276388232,-43.895999647343096,2,131.8
sabara,MG,-19.869490507084777,-43.89515881129176,2,214.4
sabara,MG,-19.862878760675365,-43.86066985886877,5,372.7
sabara,MG,-19.84189776177038,-43.8645808345092,1,139.05
sabaudia,PR,-23.321110220245096,-51.55520232201964,1,5.9
sabino,SP,-21.46026294096197,-49.577083582537135,3,723.0
sabinopolis,MG,-18.667247149650564,-43.08180257232812,5,317.08000000000004
saboeiro,CE,-6.534401614498916,-39.87353306485165,1,163.99
sacra familia do tingua,RJ,-22.48439489419429,-43.602306127871884,1,119.8
sacramento,MG,-19.87001133113846,-47.44411447792482,13,1986.57
sales,SP,-21.342211165541023,-49.499887625923535,5,356.52
sales oliveira,SP,-20.767627103434553,-47.84072787580174,6,538.15
salesopolis,SP,-23.531454479508646,-45.84898375245856,10,1146.52
salgado filho,PR,-26.174248880846978,-53.359741342675356,3,155.7
salgueiro,PE,-8.070960881795754,-39.123477300472686,17,2315.95
salinas,MG,-16.164330348585707,-42.293253501472705,22,4986.7699999999995
salinas da margarida,BA,-12.874081355187327,-38.760463746164696,1,55.0
salmourao,SP,-21.62426880750176,-50.858928969583,2,59.879999999999995
saloa,PE,-8.975025060811662,-36.688225648641854,3,1231.0
salobro,BA,-11.860459652819213,-41.75396975925798,1,72.2
saltinho,SP,-22.84516995720277,-47.6774259881999,5,1164.79
salto,SP,-23.216315286771447,-47.27159350089575,19,1899.3
salto,SP,-23.209471278916478,-47.309228892238536,4,169.8
salto,SP,-23.202746267669983,-47.295866446946924,12,930.92
salto,SP,-23.19350547115315,-47.30970632261705,3,95.6
salto,SP,-23.192903749104516,-47.27530969607761,14,2476.93
salto,SP,-23.191964626452798,-47.290258033420066,11,1488.49
salto,SP,-23.179531489945607,-47.31338383666045,18,2203.7
salto,SP,-23.16195430694798,-47.30420373598743,8,919.29
salto da divisa,MG,-16.005448054214195,-39.95457984625883,2,116.98
salto de pirapora,SP,-23.650084860226972,-47.577740424892745,12,970.59
salto do ceu,MT,-15.128912233483794,-58.130838904031144,2,140.39000000000001
salto do itarare,PR,-23.605268403449074,-49.62747582545455,1,259.9
salto do jacui,RS,-29.089435463724918,-53.21596164133482,4,196.35999999999999
salto do lontra,PR,-25.78387783269524,-53.30796526352506,4,766.49
salto grande,SP,-22.88681393225493,-49.982191819801756,1,640.0
salto veloso,SC,-26.906689238975716,-51.40612862455321,4,418.8
salvador,BA,-13.011785886835565,-38.47151631294779,2,208.8
salvador,BA,-13.009974697426191,-38.48646477039444,7,576.1800000000001
salvador,BA,-13.009204656950947,-38.49489344587526,7,998.25
salvador,BA,-13.008034746151354,-38.51072761001893,9,900.53
salvador,BA,-13.00511809045674,-38.52312762059766,17,2858.31
salvador,BA,-13.004445893197024,-38.51820627608675,9,1646.06
salvador,BA,-13.003897982764897,-38.48027713700707,4,335.99
salvador,BA,-13.003425135088795,-38.49564201608613,3,394.89
salvador,BA,-13.003383201229056,-38.474795607239,7,1052.48
salvador,BA,-13.002628751515164,-38.52870781815749,7,904.64
salvador,BA,-13.002352026134645,-38.51932692969592,2,1049.4
salvador,BA,-13.00207261992395,-38.46302359081903,57,10925.72
salvador,BA,-13.001742080524153,-38.51398086924502,1,45.0
salvador,BA,-13.001271866018355,-38.509404626469255,6,1309.36
salvador,BA,-12.999525718314798,-38.47484734217224,5,503.87
salvador,BA,-12.999490817320238,-38.492300647666674,1,69.9
salvador,BA,-12.998447438043497,-38.48687706928064,5,1204.78
salvador,BA,-12.997791406726932,-38.52110269341219,17,2196.13
salvador,BA,-12.99691443932584,-38.50292651475111,6,1254.97
salvador,BA,-12.996459971199764,-38.5044151241276,2,94.89
salvador,BA,-12.994229640820672,-38.48053490492904,17,1573.52
salvador,BA,-12.994186941637883,-38.46509712412301,2,183.78
salvador,BA,-12.993950101682431,-38.46646071076196,18,1518.8999999999999
salvador,BA,-12.993223269218385,-38.50891502777343,1,93.99
salvador,BA,-12.993185679998648,-38.5214563977689,8,1658.21
salvador,BA,-12.99298105050149,-38.49249790456671,12,1792.25
salvador,BA,-12.992588169568942,-38.45396828083182,43,7769.08
salvador,BA,-12.99198830329437,-38.4460187019282,21,2722.11
salvador,BA,-12.9915512544924,-38.51479858297063,8,854.78
salvador,BA,-12.991322911561474,-38.48607192396534,2,145.99
salvador,BA,-12.990175851639306,-38.46428968101373,2,233.7
salvador,BA,-12.989133098018044,-38.49942806053349,5,415.21000000000004
salvador,BA,-12.988918879886926,-38.48811019919628,23,3271.15
salvador,BA,-12.988302164561876,-38.52130534280319,16,1115.89
salvador,BA,-12.98735915481193,-38.46659713598406,1,194.99
salvador,BA,-12.986096192433388,-38.491195678678054,5,470.59000000000003
salvador,BA,-12.985970663003169,-38.47172455533749,11,1503.4
salvador,BA,-12.985146384122476,-38.51371485816853,4,437.89
salvador,BA,-12.985081835827257,-38.47140635285524,4,277.29
salvador,BA,-12.983910282205596,-38.47425391421154,7,380.78999999999996
salvador,BA,-12.983511641773733,-38.437665953024975,18,2443.96
salvador,BA,-12.98306059019081,-38.47948945711525,1,135.0
salvador,BA,-12.98290630810769,-38.44745649451797,11,1163.8600000000001
salvador,BA,-12.982806089337007,-38.458086235346315,27,6370.21
salvador,BA,-12.982534915104877,-38.51697655510702,3,183.69
salvador,BA,-12.982170574927194,-38.48743931319329,1,8.9
salvador,BA,-12.981537379642212,-38.4915014903929,2,60.99
salvador,BA,-12.98068795660464,-38.489187981428685,1,150.0
salvador,BA,-12.979401136116152,-38.497417925350774,6,528.5899999999999
salvador,BA,-12.979155518020892,-38.49057916555566,1,35.0
salvador,BA,-12.978897571280042,-38.466766499661155,1,49.9
salvador,BA,-12.978523183523723,-38.50952312005266,4,344.69
salvador,BA,-12.977804004787249,-38.504372467432546,7,554.34
salvador,BA,-12.975745158180496,-38.51274342577324,3,203.89
salvador,BA,-12.97555269812086,-38.42899939608861,5,517.69
salvador,BA,-12.974972872404884,-38.42889725198974,4,699.79
salvador,BA,-12.97492897989668,-38.42761733084985,4,241.78
salvador,BA,-12.974642000025883,-38.48108152613253,7,1257.14
salvador,BA,-12.97380783043845,-38.496168338514956,11,1707.37
salvador,BA,-12.973393203985992,-38.49261348857013,3,1256.79
salvador,BA,-12.971281339037034,-38.50102407562977,4,1252.53
salvador,BA,-12.971269306901323,-38.487835752230176,8,802.9200000000001
salvador,BA,-12.971143196746208,-38.4611188739294,2,38.97
salvador,BA,-12.970234430296992,-38.51229526524145,4,385.89
salvador,BA,-12.970150172980148,-38.46119903402221,3,213.59000000000003
salvador,BA,-12.969658191018034,-38.43468398606588,32,6156.19
salvador,BA,-12.969387941991311,-38.46653902026544,18,3290.27
salvador,BA,-12.9682271930028,-38.41547888112352,5,734.77
salvador,BA,-12.965844989212613,-38.48207269890496,2,388.99
salvador,BA,-12.965618399615352,-38.50132172909296,11,1613.48
salvador,BA,-12.965523937913035,-38.4506090238851,3,365.29
salvador,BA,-12.964585982446783,-38.49564128090619,7,1088.5
salvador,BA,-12.96432061658776,-38.493067011824216,5,1971.3
salvador,BA,-12.964075903403062,-38.48625680779492,3,416.77
salvador,BA,-12.96229822753469,-38.439837408800805,3,448.89
salvador,BA,-12.962274226187358,-38.410111674544964,13,1567.99
salvador,BA,-12.959625645227371,-38.448903846133135,6,1256.68
salvador,BA,-12.959485130478768,-38.481382818021615,8,509.59000000000003
salvador,BA,-12.958965750392075,-38.48672825250513,1,66.7
salvador,BA,-12.958747189382242,-38.4777462206265,1,149.9
salvador,BA,-12.958736535443496,-38.492774702141624,5,1497.6
salvador,BA,-12.95860728814793,-38.467437322682436,9,2825.35
salvador,BA,-12.958489652242287,-38.502867441646046,2,101.9
salvador,BA,-12.957890429428645,-38.48693510338029,5,465.78999999999996
salvador,BA,-12.95750510899952,-38.39480934543144,5,870.9
salvador,BA,-12.956924411720921,-38.44850032416593,3,924.99
salvador,BA,-12.956503536670112,-38.454894694371525,3,211.89
salvador,BA,-12.953725589673626,-38.4394948834067,7,565.6800000000001
salvador,BA,-12.952776309752183,-38.4807549115579,5,541.23
salvador,BA,-12.952546044116025,-38.48527215314349,1,29.9
salvador,BA,-12.951658317110088,-38.483273067902395,2,86.99000000000001
salvador,BA,-12.950884847172322,-38.4898862373548,3,348.7
salvador,BA,-12.950125338782122,-38.48424064813863,1,92.99
salvador,BA,-12.949326896135716,-38.44839519591303,1,135.0
salvador,BA,-12.948953645875443,-38.48720805483546,2,284.99
salvador,BA,-12.948662799870498,-38.49355774244956,8,499.52
salvador,BA,-12.94825993810727,-38.461570473172806,1,25.0
salvador,BA,-12.947857320311204,-38.46109466363494,2,226.99
salvador,BA,-12.94779733131178,-38.44295893050073,2,248.9
salvador,BA,-12.947677233591449,-38.40466220888712,20,3508.1
salvador,BA,-12.946925369255144,-38.443238879841466,3,217.19
salvador,BA,-12.946785227455917,-38.37553079341866,5,727.69
salvador,BA,-12.9467346149945,-38.45149216229268,3,2269.96
salvador,BA,-12.946306596057191,-38.50085183842221,1,115.0
salvador,BA,-12.945797135161792,-38.47799748512027,1,149.99
salvador,BA,-12.945583525256918,-38.38168604921771,14,1990.9
salvador,BA,-12.94468878849831,-38.35952391804705,8,666.39
salvador,BA,-12.944592597442202,-38.45712036100192,8,1058.77
salvador,BA,-12.944479200932777,-38.3656061096733,4,215.87
salvador,BA,-12.944344177243497,-38.475029164941986,2,807.99
salvador,BA,-12.944314704921421,-38.487597710493645,2,284.89
salvador,BA,-12.94423057174953,-38.4374952709082,4,277.79
salvador,BA,-12.94409427694411,-38.47392858503069,3,1514.19
salvador,BA,-12.943098239886632,-38.36618667678859,7,1156.54
salvador,BA,-12.9420980017777,-38.449877884622836,3,418.8
salvador,BA,-12.941173023288753,-38.50244956645126,4,878.8
salvador,BA,-12.940479139729284,-38.372608949856826,3,318.7
salvador,BA,-12.940421241997107,-38.40330191753592,11,2583.52
salvador,BA,-12.940065777645192,-38.41789975938341,13,2095.93
salvador,BA,-12.939849319800908,-38.467918892332534,2,128.7
salvador,BA,-12.939799831847424,-38.45309462026312,1,99.9
salvador,BA,-12.939061931137857,-38.43835286015689,12,959.87
salvador,BA,-12.93795986597174,-38.46735776699097,1,194.9
salvador,BA,-12.937678917676076,-38.485447400878186,2,123.69999999999999
salvador,BA,-12.93722422261979,-38.43733988619563,4,477.88
salvador,BA,-12.936460498513636,-38.43620428896753,3,228.5
salvador,BA,-12.93644561700993,-38.49932884980459,1,309.0
salvador,BA,-12.935741966012024,-38.376834696468165,4,256.97
salvador,BA,-12.935739311387698,-38.47640310589693,4,792.89
salvador,BA,-12.935536726633748,-38.33946864574424,11,4196.33
salvador,BA,-12.935452738993556,-38.496202499477235,6,682.98
salvador,BA,-12.935241555801325,-38.4846715900948,1,69.5
salvador,BA,-12.934688246624415,-38.36514840403171,1,119.99
salvador,BA,-12.934638774620009,-38.49038974532666,2,125.98
salvador,BA,-12.934212892003487,-38.46762169890522,1,120.0
salvador,BA,-12.934048778466853,-38.35925965852837,8,829.25
salvador,BA,-12.933578017611843,-38.42775083334619,18,1533.32
salvador,BA,-12.933500902754927,-38.50245663248694,1,59.9
salvador,BA,-12.933077175814597,-38.47903050543923,3,132.79
salvador,BA,-12.932711252039192,-38.46165013556265,2,427.87
salvador,BA,-12.93217665651741,-38.51165578711353,5,685.49
salvador,BA,-12.932058885846093,-38.49761587540029,5,607.26
salvador,BA,-12.930882396096347,-38.44506047298336,4,359.78
salvador,BA,-12.930435038933036,-38.44304341994283,1,209.99
salvador,BA,-12.929794217591512,-38.45077888480858,1,39.99
salvador,BA,-12.92953874217214,-38.37417871810761,6,886.26
salvador,BA,-12.929359579587869,-38.50345722122901,4,1821.25
salvador,BA,-12.928197216671608,-38.51333190515836,4,447.47
salvador,BA,-12.927877488607706,-38.47813330983827,2,59.1
salvador,BA,-12.927127728054211,-38.41895739955931,7,660.63
salvador,BA,-12.926975930037496,-38.492148552748134,4,504.69000000000005
salvador,BA,-12.926962774465153,-38.37650936175224,12,950.71
salvador,BA,-12.926726712344811,-38.4795022960458,1,17.9
salvador,BA,-12.92671994097763,-38.320691201072336,3,320.98
salvador,BA,-12.926398835151309,-38.507142686173026,11,2355.09
salvador,BA,-12.92575158601116,-38.48046401992289,1,59.99
salvador,BA,-12.923588367111806,-38.433591936136764,1,79.9
salvador,BA,-12.923438904843886,-38.4633460841846,2,189.0
salvador,BA,-12.920211182770316,-38.47675134204935,2,226.99
salvador,BA,-12.9194544537407,-38.41008202265411,2,236.78
salvador,BA,-12.918815385322722,-38.450263828863854,6,340.66
salvador,BA,-12.91778087511818,-38.39181471694269,5,1098.79
salvador,BA,-12.91766239319452,-38.37697500693988,2,169.89
salvador,BA,-12.91733525543948,-38.49626826004257,3,68.59
salvador,BA,-12.917325163671487,-38.46557302994393,1,66.9
salvador,BA,-12.917177178316916,-38.44254311527146,3,193.31
salvador,BA,-12.917116783268808,-38.4979506435149,4,566.89
salvador,BA,-12.916603176441521,-38.43365496613621,1,179.5
salvador,BA,-12.915514814450935,-38.44014017509431,2,76.89
salvador,BA,-12.915465240160692,-38.44592825511551,1,139.0
salvador,BA,-12.914877721189566,-38.432959209434124,6,728.27
salvador,BA,-12.914614302936148,-38.42055012344412,4,321.16999999999996
salvador,BA,-12.914384835611664,-38.483035947602744,3,440.99
salvador,BA,-12.912605461389367,-38.44067807056464,3,838.0
salvador,BA,-12.911896286260856,-38.46396969887157,4,299.89
salvador,BA,-12.911270020665196,-38.39472970811367,10,1040.48
salvador,BA,-12.910339817519992,-38.47479798931515,4,638.89
salvador,BA,-12.910089413684661,-38.41094009374661,3,524.99
salvador,BA,-12.90921996753912,-38.45331231972811,1,45.0
salvador,BA,-12.90752517951291,-38.4844768652445,4,303.78
salvador,BA,-12.906931089139349,-38.45853554855183,7,1291.48
salvador,BA,-12.904636103175118,-38.367521740236114,5,570.37
salvador,BA,-12.904135281026173,-38.43779831262784,5,520.1800000000001
salvador,BA,-12.903628446974128,-38.43300635959701,3,1564.99
salvador,BA,-12.903435111559542,-38.446526504291334,5,267.59000000000003
salvador,BA,-12.903418952866016,-38.40196827377693,4,346.39
salvador,BA,-12.903136833365465,-38.42986704089056,1,105.0
salvador,BA,-12.902147130938962,-38.46734921262367,1,27.9
salvador,BA,-12.901987911198415,-38.40540238991363,3,184.58
salvador,BA,-12.901266224749056,-38.47790707922174,1,85.9
salvador,BA,-12.899961958217256,-38.42122750373924,3,579.6899999999999
salvador,BA,-12.899636542180794,-38.41453297952215,4,327.28000000000003
salvador,BA,-12.89962522306653,-38.35575655539409,7,459.15
salvador,BA,-12.899248590815938,-38.43800687376421,1,93.0
salvador,BA,-12.897116078993522,-38.482680107055714,2,272.8
salvador,BA,-12.896743043775013,-38.48000491046428,1,199.6
salvador,BA,-12.89562850279026,-38.438766956695375,3,79.97
salvador,BA,-12.894874323294689,-38.48336136627035,2,65.8
salvador,BA,-12.894141206073297,-38.421134674219424,2,291.89
salvador,BA,-12.894065059286595,-38.40870824191681,1,59.99
salvador,BA,-12.89369433851623,-38.47717876423788,1,104.0
salvador,BA,-12.893569393897506,-38.407882383947616,5,870.77
salvador,BA,-12.893548358972946,-38.43229019904727,5,408.49
salvador,BA,-12.892026355970458,-38.45938456460033,8,808.89
salvador,BA,-12.890586212462201,-38.470305844056426,5,491.79
salvador,BA,-12.887204335508844,-38.45817010561163,7,780.79
salvador,BA,-12.886019381196073,-38.41290789764152,2,293.99
salvador,BA,-12.885854617352226,-38.46790140712895,10,1382.27
salvador,BA,-12.884408732859791,-38.47354696400903,4,1246.79
salvador,BA,-12.87992751453075,-38.46675747675906,4,548.14
salvador,BA,-12.872507696822874,-38.42809557806483,2,89.89
salvador,BA,-12.866027463769255,-38.464429253821905,3,560.88
salvador,BA,-12.86329125421668,-38.43541225294508,2,62.9
salvador,BA,-12.858465861506536,-38.47666360898569,1,85.0
salvador do sul,RS,-29.44141212383164,-51.51055666604566,1,179.0
sananduva,RS,-27.950143156090746,-51.80988631728817,6,453.77
sanclerlandia,GO,-16.20141594759011,-50.311994779934984,4,419.79
sandolandia,TO,-12.53921973679262,-49.92660328672929,1,799.0
sanga puita,MS,-22.620252432503314,-55.62833176241239,1,36.9
sangao,SC,-28.659567394203453,-49.11269112630646,3,264.78999999999996
sanharo,PE,-8.362510890192013,-36.56234313813534,3,1748.0
santa adelia,SP,-21.243499488094187,-48.804810394183285,15,1609.6499999999999
santa albertina,SP,-20.030298091246614,-50.72841136849298,7,686.39
santa amelia,PR,-23.26758773800529,-50.42845018671307,1,160.0
santa barbara,MG,-19.961677660888395,-43.41034926077617,25,4608.21
santa barbara d oeste,SP,-22.757882920125365,-47.41705497247527,2,123.93
santa barbara d oeste,SP,-22.74060229553914,-47.37582085471676,1,11.99
santa barbara d oeste,SP,-22.73506396921331,-47.3993689803177,1,35.0
santa barbara d'oeste,SP,-22.77339791492674,-47.40596575462711,8,706.49
santa barbara d'oeste,SP,-22.767878146745,-47.38550081126994,11,1006.44
santa barbara d'oeste,SP,-22.757882920125365,-47.41705497247527,27,2525.6
santa barbara d'oeste,SP,-22.75709691277636,-47.37609423222235,15,1904.65
santa barbara d'oeste,SP,-22.74505018345025,-47.42043526753408,12,1024.3799999999999
santa barbara d'oeste,SP,-22.74060229553914,-47.37582085471676,19,2972.34
santa barbara d'oeste,SP,-22.736020127220257,-47.487778813187404,1,39.9
santa barbara d'oeste,SP,-22.73506396921331,-47.3993689803177,11,1298.58
santa barbara d'oeste,SP,-22.73098895310133,-47.4093459022908,1,79.0
santa barbara d'oeste,SP,-22.726492189390754,-47.368069249056276,13,1514.7
santa barbara do para,PA,-1.231835637406864,-48.28934576325983,1,179.96
santa barbara do sul,RS,-28.367888099367914,-53.25278666124056,2,143.8
santa branca,SP,-23.39928048418671,-45.88538560664444,9,763.76
santa brigida,BA,-9.734568624994122,-38.126960589140715,1,84.9
santa cecilia,PB,-7.7441464600968,-35.8834014481812,1,149.9
santa cecilia,SC,-26.960282815228826,-50.41834564086907,4,505.79
santa cecilia do pavao,PR,-23.518440085658284,-50.78419091436513,1,56.99
santa clara d'oeste,SP,-20.092526859081097,-50.92708150606047,1,99.99
santa clara do sul,RS,-29.467470043267866,-52.08774923081315,2,339.99
santa cruz,PE,-8.23978100561085,-40.332570820406936,2,263.9
santa cruz,RN,-6.227792244781999,-36.02104583129707,4,522.74
santa cruz cabralia,BA,-16.250370224211835,-39.04155025154749,5,515.88
santa cruz da conceicao,SP,-22.138587299018713,-47.45460184390611,4,408.9
santa cruz das palmeiras,SP,-21.82656001816575,-47.24871819241543,9,580.59
santa cruz de goias,GO,-17.30608267043897,-48.50168912522954,2,709.0
santa cruz de minas,MG,-21.1332804482856,-44.208080359340826,5,578.89
santa cruz de monte castelo,PR,-22.95814977271702,-53.29485095700366,4,706.22
santa cruz de salinas,MG,-16.088599288695637,-41.75165574229896,2,220.9
santa cruz do capibaribe,PE,-7.953412156170271,-36.203833489838736,5,1650.8899999999999
santa cruz do capibaribe,PE,-7.951022032995429,-36.20884466888371,1,119.99
santa cruz do capibaribe,PE,-7.949952703317502,-36.21487183987272,4,306.69000000000005
santa cruz do capibaribe,PE,-7.9475066496571385,-36.210160232480554,1,91.8
santa cruz do piaui,PI,-7.181333838873075,-41.7653746080134,1,119.99
santa cruz do prata,MG,-19.321724888523093,-48.92200810636418,2,128.9
santa cruz do rio pardo,SP,-22.896328480532986,-49.624240162468844,34,2442.48
santa cruz do sul,RS,-29.765458577850765,-52.4405657366876,1,89.9
santa cruz do sul,RS,-29.750792875949454,-52.421664647063224,5,1093.5900000000001
santa cruz do sul,RS,-29.749091037179987,-52.40973568621414,2,52.760000000000005
santa cruz do sul,RS,-29.741614544553588,-52.43309365902571,2,397.0
santa cruz do sul,RS,-29.738591496116094,-52.444779361490724,1,45.9
santa cruz do sul,RS,-29.735854724028922,-52.417244557561226,4,406.69000000000005
santa cruz do sul,RS,-29.7248304193688,-52.4428465078882,3,59.489999999999995
santa cruz do sul,RS,-29.71779605257508,-52.4185043185084,4,333.69
santa cruz do sul,RS,-29.717245446008437,-52.43078315444669,20,5467.88
santa cruz do sul,RS,-29.704494806583828,-52.39980980217973,1,99.9
santa cruz do sul,RS,-29.704350321116042,-52.42556658016127,13,1333.88
santa cruz do sul,RS,-29.70360562925553,-52.422548254594275,5,918.3
santa cruz do sul,RS,-29.693036278043905,-52.41242404198802,1,61.9
santa cruz do timbo,SC,-26.52900554582622,-50.34219683322825,1,30.99
santa ernestina,SP,-21.461124741004756,-48.390233507196015,2,208.16
santa fe,PR,-23.039628461153626,-51.81076125677054,5,877.8
santa fe de goias,GO,-15.769411318200595,-51.10257439069469,4,1737.6899999999998
santa fe de minas,MG,-16.945433238326146,-45.32339298714918,1,159.9
santa fe do sul,SP,-20.22052678746204,-50.90342436588622,34,3945.77
santa filomena,PE,-8.188723793065892,-40.66000827563244,1,160.0
santa gertrudes,SP,-22.453204812282447,-47.534630057614194,11,1194.21
santa helena,MA,-2.2439481330365108,-45.296760493004285,3,649.7
santa helena,PR,-24.86740625895645,-54.33001889472077,9,628.15
santa helena de goias,GO,-17.813130272653,-50.59644488893644,9,1499.73
santa helena de minas,MG,-16.937623665018553,-40.68427534408377,2,248.34
santa ines,BA,-13.292728247904376,-39.818933548001695,3,293.9
santa ines,MA,-3.6687063599388186,-45.38371993068824,2,93.58999999999999
santa ines,MA,-3.6657283643385097,-45.36816453880809,3,235.8
santa ines,MA,-3.6616241546510273,-45.37997306071832,5,447.49
santa ines,MA,-3.656914466243523,-45.37064073246889,2,450.0
santa isabel,SP,-23.318322777448078,-46.22610698417855,28,2785.66
santa isabel do ivai,PR,-23.005187430644458,-53.194501670104515,3,425.9
santa isabel do para,PA,-1.3052957844724087,-48.04698260876136,1,299.99
santa isabel do para,PA,-1.3011382425123206,-48.15659943117272,5,441.78
santa isabel do rio preto,RJ,-22.228423218563268,-44.06655708806323,1,739.9
santa izabel do oeste,PR,-25.81371424107947,-53.4740523651229,2,319.89
santa juliana,MG,-19.31600396028638,-47.52829292656992,8,1723.3899999999999
santa leopoldina,ES,-20.100361493805377,-40.53208940796703,1,89.9
santa lucia,PR,-25.405714654907555,-53.56701386489992,1,48.9
santa lucia,SP,-21.686660044231303,-48.08393415431261,3,388.89
santa luzia,MA,-3.9891934418798836,-45.67119000317452,2,242.7
santa luzia,MG,-21.09025773440797,-43.41830706862214,2,450.99
santa luzia,MG,-19.84070163203901,-43.79597224244167,1,89.1
santa luzia,MG,-19.814829655872785,-43.867344007324114,3,179.36
santa luzia,MG,-19.80724277975935,-43.867737126069315,3,499.79
santa luzia,MG,-19.805047216681192,-43.84931304781137,1,122.99
santa luzia,MG,-19.796231634884986,-43.91571850311825,7,560.35
santa luzia,MG,-19.78868766742378,-43.93969573586318,8,1559.65
santa luzia,MG,-19.788183982407407,-43.875939718775186,1,11.95
santa luzia,MG,-19.787174407114623,-43.91751271172357,8,916.47
santa luzia,MG,-19.78326721212896,-43.93038106057747,2,99.80000000000001
santa luzia,MG,-19.782026420417584,-43.89095214628793,8,3020.08
santa luzia,MG,-19.781986660188583,-43.91848304414402,5,549.7
santa luzia,MG,-19.77974834652249,-43.89250425527497,1,143.8
santa luzia,MG,-19.779691091950205,-43.93895344201381,3,191.85999999999999
santa luzia,MG,-19.77664745508336,-43.8509249223164,4,343.89
santa luzia,MG,-19.775876412248593,-43.87297103109191,10,524.47
santa luzia,MG,-19.775753332678065,-43.92928539699497,2,226.89000000000001
santa luzia,MG,-19.770639716831752,-43.934258571554054,5,598.79
santa luzia,MG,-19.7656814276014,-43.854081070513466,4,196.88
santa luzia,MG,-19.764893396495612,-43.86622305644717,4,451.6
santa luzia,MG,-19.756794391923524,-43.85396634730321,1,27.8
santa luzia,MG,-19.756766786382773,-43.83705387566838,1,69.5
santa luzia,MG,-19.7565456664727,-43.8441281487397,4,230.41
santa luzia,MG,-19.740384277599674,-44.21551676079737,1,133.05
santa luzia,PB,-6.8722119828591275,-36.917456203062436,5,285.3
santa luzia do norte,AL,-9.601084296363338,-35.823857108129,1,23.8
santa luzia do parua,MA,-2.545479009345607,-45.775243833212755,1,79.9
santa margarida,MG,-20.384335664636883,-42.250975274083686,2,362.9
santa maria,DF,-16.0281833958187,-48.02681818504105,1,16.9
santa maria,RJ,-11.314698067779764,-34.725129839453665,1,8.0
santa maria,RN,-5.84076151578525,-35.692963484542844,1,19.83
santa maria,RS,-29.720971680527402,-53.80030616843752,6,810.42
santa maria,RS,-29.715975116101063,-53.815664070965724,10,2344.4
santa maria,RS,-29.706864785465406,-53.71802555114769,12,1074.65
santa maria,RS,-29.70669904579279,-53.87216415148998,9,1367.85
santa maria,RS,-29.70329125366893,-53.80084689851506,15,2609.73
santa maria,RS,-29.699988549664237,-53.73268020253613,13,1175.26
santa maria,RS,-29.69879998178039,-53.87351008241473,6,830.89
santa maria,RS,-29.696453633261633,-53.7716310941959,6,1681.7
santa maria,RS,-29.692851374341796,-53.85109147238334,8,730.19
santa maria,RS,-29.692576960657462,-53.81234231845419,39,7101.05
santa maria,RS,-29.692473719855307,-53.825940209847204,6,1762.66
santa maria,RS,-29.68943650014343,-53.79833260135035,22,2624.47
santa maria,RS,-29.68434895692012,-53.813803244861695,21,3937.95
santa maria,RS,-29.68303148627747,-53.85465796871559,4,366.46999999999997
santa maria,RS,-29.67572108721145,-53.79063836221183,2,486.99
santa maria,RS,-29.674157805917048,-53.80320028856753,8,817.3599999999999
santa maria,RS,-29.673818626126845,-53.818397864461,4,1817.88
santa maria,RS,-29.6736796585368,-53.83205729776537,2,104.9
santa maria da boa vista,PE,-8.792604800627378,-39.826702832294416,2,412.08
santa maria da serra,SP,-22.569639672881543,-48.15539870681134,2,143.64000000000001
santa maria da vitoria,BA,-13.389063238712454,-44.200557404969516,13,1710.55
santa maria de itabira,MG,-19.41096916771877,-43.651694305007716,4,462.3
santa maria de jetiba,ES,-20.031391098604573,-40.75116929156471,15,1888.97
santa maria do herval,RS,-29.494150859331633,-50.97731187385151,1,99.99
santa maria do para,PA,-1.3486174758415077,-47.572776415964924,2,106.99
santa maria do salto,MG,-16.25095463688231,-40.14959666472865,1,38.0
santa maria do suacui,MG,-18.19089686095352,-42.41148579820841,2,454.9
santa maria madalena,RJ,-21.959437553586415,-41.99996084085292,7,1046.09
santa mariana,PR,-23.147377768567665,-50.51898205113304,4,311.25
santa mercedes,SP,-21.352006028898867,-51.75361888280182,2,226.99
santa monica,PR,-23.137676538673556,-53.104588561395126,2,332.88
santa quiteria,CE,-4.3343298086532185,-40.15409036221202,5,849.67
santa quiteria do maranhao,MA,-3.4857516742191215,-42.58617862223904,1,49.9
santa rita,MA,-3.1354042750710693,-44.320878493885935,1,89.9
santa rita,PB,-7.15187446892344,-34.96633132065475,1,99.99
santa rita,PB,-7.1320375415386605,-34.98123045014621,5,1301.76
santa rita d'oeste,SP,-20.144650964683773,-50.8317828180983,3,178.57
santa rita da floresta,RJ,-15.632864242164501,-43.072635886699686,1,79.0
santa rita de caldas,MG,-22.049997436853925,-46.329107255186784,6,746.28
santa rita de jacutinga,MG,-22.149054319383264,-44.094119233185026,1,29.99
santa rita de minas,MG,-19.872948037572645,-42.13258772945871,3,367.67
santa rita do araguaia,GO,-17.31931964620719,-53.193994250646135,7,800.25
santa rita do ibitipoca,MG,-21.56274431201322,-43.91601943031522,2,184.7
santa rita do itueto,MG,-19.360651145284034,-41.38374849184643,1,59.9
santa rita do passa quatro,SP,-21.703553428587647,-47.48280676309556,18,2123.97
santa rita do sapucai,MG,-22.247210939506797,-45.70752067761215,35,3910.7
santa rosa,RS,-28.057902813403288,-54.39263031117398,11,1241.39
santa rosa,RS,-27.89690084530648,-54.4018831548014,6,487.69
santa rosa,RS,-27.88288315793579,-54.48157634194598,1,199.9
santa rosa,RS,-27.879988048511347,-54.47155790569203,1,26.99
santa rosa,RS,-27.87440464183807,-54.49535025816353,1,19.9
santa rosa,RS,-27.865418765311915,-54.43682672468838,1,128.9
santa rosa,RS,-27.865358274962087,-54.470127802309875,8,577.48
santa rosa,RS,-27.851206129448883,-54.47497716822682,3,239.89
santa rosa de lima,SC,-28.037899655840793,-49.130020129136675,3,180.15
santa rosa de viterbo,SP,-21.48348869998301,-47.36865063485143,13,1658.42
santa rosa do sul,SC,-29.136415039886842,-49.71729861550307,1,199.0
santa salete,SP,-20.245550338689522,-50.69013593805437,1,81.99
santa teresa,ES,-19.942770685273842,-40.60646958045139,10,1117.36
santa teresinha,BA,-12.745712645503335,-39.52031551503086,2,287.0
santa tereza do oeste,PR,-25.053435715396272,-53.61961343574277,3,364.9
santa terezinha,PE,-7.376063882701238,-37.4790844995268,1,259.9
santa terezinha,SC,-26.77229470653246,-50.00606939758184,1,49.9
santa terezinha de itaipu,PR,-25.442862117746696,-54.402764727764094,3,328.94
santa vitoria,MG,-18.8516272227244,-50.14079055085752,17,4083.77
santa vitoria do palmar,RS,-33.512901226788884,-53.34974784632119,12,1750.75
santaluz,BA,-11.25353298652731,-39.37766198254969,3,274.89
santana,AP,-0.05513741980694656,-51.15910937294821,1,199.95000000000002
santana,AP,-0.04459228036615067,-51.16346318528125,3,482.0
santana,AP,-0.04410329351238363,-51.17278446947668,3,227.8
santana,AP,-0.025468877323313228,-51.17420055617658,2,292.89
santana,BA,-12.980768952162558,-44.04974392989726,3,197.3
santana da boa vista,RS,-30.87311446455589,-53.114483667770756,2,79.89
santana da vargem,MG,-21.2505629401762,-45.5062556560422,4,269.95
santana de parnaiba,SP,-23.493495973957156,-47.00063392391789,3,336.19000000000005
santana de parnaiba,SP,-23.491332131125457,-46.963781254503026,5,485.7
santana de parnaiba,SP,-23.48104825677402,-46.89353670548054,6,608.5
santana de parnaiba,SP,-23.47370268623455,-46.89651272307869,16,1927.01
santana de parnaiba,SP,-23.473605666149847,-46.86850015314067,12,1759.5
santana de parnaiba,SP,-23.469944277167333,-46.848067410224196,30,3305.3
santana de parnaiba,SP,-23.46503945141154,-46.88499666372504,5,2510.13
santana de parnaiba,SP,-23.463703230285848,-46.85247290281744,10,1907.19
santana de parnaiba,SP,-23.462985871017427,-46.87264106823105,5,644.21
santana de parnaiba,SP,-23.461573403635924,-46.91529507169107,1,369.0
santana de parnaiba,SP,-23.456276914829758,-46.937193722579906,1,45.0
santana de parnaiba,SP,-23.453918298972578,-46.88258784590504,16,2101.8599999999997
santana de parnaiba,SP,-23.451857924365548,-46.94689737160082,3,264.98
santana de parnaiba,SP,-23.445355937989415,-46.92498269330081,4,406.65
santana de parnaiba,SP,-23.444028672483594,-46.91550913136087,1,99.9
santana de parnaiba,SP,-23.442130195896034,-46.88792477053701,1,177.8
santana de parnaiba,SP,-23.43964659816539,-46.93655311993088,1,129.0
santana de parnaiba,SP,-23.42948394621735,-46.92198229924257,4,209.29
santana de parnaiba,SP,-23.42904627603962,-46.82684649058021,11,1112.83
santana de parnaiba,SP,-23.42549832261633,-46.85573063769017,10,1063.29
santana de parnaiba,SP,-23.422136226223525,-46.873614053355986,3,486.79
santana de parnaiba,SP,-23.420571983964408,-46.87518740746775,2,138.99
santana de parnaiba,SP,-23.41861386678535,-46.95887633541417,1,189.0
santana de parnaiba,SP,-23.4121327444948,-46.94124477126559,1,29.9
santana de parnaiba,SP,-23.410648920613518,-46.884794148241625,9,799.1800000000001
santana de parnaiba,SP,-23.408292129241712,-46.897232123625,11,1241.28
santana de parnaiba,SP,-23.404257943881756,-46.88345222307977,6,681.28
santana de pirapama,MG,-19.1335158187054,-44.11198717407156,1,49.9
santana do acarau,CE,-3.461160162149771,-40.20423070012124,4,1376.8899999999999
santana do araguaia,PA,-9.33526281720112,-50.34945753339123,2,392.79999999999995
santana do capivari,MG,-22.248038523732454,-44.93489776223904,1,25.0
santana do cariri,CE,-7.186810954798932,-39.73609068016859,3,839.8
santana do deserto,MG,-21.950323027583693,-43.16676350069787,1,190.9
santana do ipanema,AL,-9.373149147436541,-37.24630827396773,1,249.9
santana do itarare,PR,-23.75543197589036,-49.62778509649632,1,53.9
santana do jacare,MG,-20.9328623601754,-45.143014162972825,4,1685.79
santana do livramento,RS,-30.89510433824259,-55.52544617365127,8,1488.65
santana do livramento,RS,-30.89507527734428,-55.494942134120855,1,1299.0
santana do livramento,RS,-30.889439769549256,-55.510613322939776,1,449.99
santana do livramento,RS,-30.887786395003857,-55.537168260597156,9,880.69
santana do livramento,RS,-30.874211216616516,-55.531564859448864,1,129.9
santana do manhuacu,MG,-20.095530056421616,-41.921652618007535,3,228.89000000000001
santana do mundau,AL,-9.166493174421886,-36.21850219952145,3,1052.8
santana do paraiso,MG,-17.930857586277867,-44.95659384210104,16,2696.82
santana do serido,RN,-6.772283080600958,-36.73588506155609,2,779.7
santana do sobrado,BA,-2.5581064373865994,-35.15902752271931,1,36.9
santana dos montes,MG,-20.787873841819202,-43.685650919786305,2,241.0
santanesia,RJ,-22.525616484184155,-43.815590668082855,4,364.5
santarem,PA,-2.4643935763786544,-54.71443025522461,2,148.9
santarem,PA,-2.463735724685337,-54.70810424151944,1,39.9
santarem,PA,-2.446873440747758,-54.70748339095887,3,347.89
santarem,PA,-2.4459781534780625,-54.7379714854954,1,69.0
santarem,PA,-2.442208453531804,-54.72344252755156,6,740.67
santarem,PA,-2.433685306977339,-54.70527720910986,4,485.88
santarem,PA,-2.427790186317368,-54.72992362073071,7,584.3
santarem,PA,-2.4248631006952497,-54.71228650484827,19,2871.13
santiago,RS,-29.186543626128145,-54.867516055696015,26,2304.7
santo amaro,BA,-12.550877110661533,-38.70647865137772,10,1805.93
santo amaro da imperatriz,SC,-27.687414607255857,-48.771889137271614,11,2972.31
santo amaro das brotas,SE,-10.787406982793302,-37.05256509979146,1,19.9
santo amaro de campos,RJ,-18.12605887357611,-42.98823047403888,6,1611.78
santo anastacio,SP,-21.97692007478666,-51.65254186168632,17,1884.6
santo andre,PB,-7.221183860031728,-36.63355991201459,1,54.9
santo andre,SP,-23.764558763209905,-46.46344603292595,1,58.0
santo andre,SP,-23.739452495644567,-46.49161359296361,6,684.27
santo andre,SP,-23.731374925340436,-46.47892573689435,5,531.27
santo andre,SP,-23.708544965481256,-46.508888110317486,12,1539.3600000000001
santo andre,SP,-23.703763476578203,-46.5017522711277,11,1361.35
santo andre,SP,-23.702514826598424,-46.521858039672956,2,73.8
santo andre,SP,-23.700197687438838,-46.513128422189745,13,846.35
santo andre,SP,-23.697396339460543,-46.53032152014559,7,795.07
santo andre,SP,-23.69492254625712,-46.49711830677247,1,39.99
santo andre,SP,-23.693588575286988,-46.51272565763,15,1297.26
santo andre,SP,-23.693393193642333,-46.5231844164656,23,1499.1200000000001
santo andre,SP,-23.68944462791478,-46.50501034876413,22,2225.14
santo andre,SP,-23.686359044629963,-46.51707802760376,7,538.6
santo andre,SP,-23.683272109835038,-46.525233029083445,13,2148.33
santo andre,SP,-23.682941244718187,-46.535487439084875,22,1902.93
santo andre,SP,-23.68151425230396,-46.50092180775807,17,3233.21
santo andre,SP,-23.67894521757313,-46.518401640158366,5,391.59000000000003
santo andre,SP,-23.678728500296447,-46.49606223946509,15,2639.33
santo andre,SP,-23.678473176109634,-46.55118175914321,5,347.87
santo andre,SP,-23.67636972794609,-46.514627329509395,25,4564.9
santo andre,SP,-23.674161457107672,-46.545217141336494,11,1656.15
santo andre,SP,-23.6739154838235,-46.5381574228735,26,2625.7200000000003
santo andre,SP,-23.671410321922412,-46.506074637083486,12,1182.65
santo andre,SP,-23.671209032059867,-46.49116730072022,30,5752.29
santo andre,SP,-23.668868124421497,-46.52652032295857,21,2577.72
santo andre,SP,-23.66800556206716,-46.492038548281236,6,646.75
santo andre,SP,-23.665535515458668,-46.54911497019458,32,3307.48
santo andre,SP,-23.663842697059167,-46.53296352289972,18,1740.74
santo andre,SP,-23.663442690745644,-46.53860705845503,17,3498.84
santo andre,SP,-23.66182986287071,-46.526935182825184,11,1059.66
santo andre,SP,-23.65948320175806,-46.5250876420999,2,849.0
santo andre,SP,-23.659363636440848,-46.523183340521754,14,1274.76
santo andre,SP,-23.656604474999934,-46.497593835999965,1,52.5
santo andre,SP,-23.652361271418293,-46.50789694256689,18,1846.03
santo andre,SP,-23.65225089983032,-46.53834444978408,37,3808.47
santo andre,SP,-23.652181912549356,-46.54881382269007,10,861.72
santo andre,SP,-23.650519176367368,-46.5591299206254,15,1046.1
santo andre,SP,-23.64510056645669,-46.519200513273965,6,518.1700000000001
santo andre,SP,-23.64365536920469,-46.546368391966425,30,3433.86
santo andre,SP,-23.641860793712095,-46.5007280723824,25,2508.0
santo andre,SP,-23.64056372252822,-46.494431842210396,17,2081.85
santo andre,SP,-23.640443596560736,-46.54174227300769,25,2600.5
santo andre,SP,-23.64014377633707,-46.5161594752102,27,2860.71
santo andre,SP,-23.63738184885248,-46.52809787861086,17,2293.02
santo andre,SP,-23.6326593335586,-46.51930571108431,4,589.89
santo andre,SP,-23.63107584294424,-46.49643229952413,30,2554.9300000000003
santo andre,SP,-23.630386001373815,-46.50749026337425,5,720.01
santo andre,SP,-23.629487050309788,-46.52414775441366,23,2088.08
santo andre,SP,-23.624085747491286,-46.514905846038296,11,1121.79
santo andre,SP,-23.622287896059987,-46.536900867948326,21,2414.92
santo andre,SP,-23.62057801188255,-46.5274097864033,28,3090.78
santo angelo,RS,-28.312015553671973,-54.26124750571237,6,998.55
santo angelo,RS,-28.304875504730383,-54.264895538029,19,2588.15
santo angelo,RS,-28.29995574900375,-54.243987986611536,2,44.99
santo angelo,RS,-28.290552519798347,-54.262511433078906,11,1093.2
santo angelo,RS,-28.29014801452278,-54.2700091103363,7,608.57
santo antonio,RN,-6.312023779444396,-35.48054643351865,1,471.8
santo antonio da alegria,SP,-21.24732242379185,-47.12564916167219,3,206.79000000000002
santo antonio da patrulha,RS,-29.833102764742073,-50.52008406269422,17,5100.08
santo antonio da platina,PR,-23.295140000273477,-50.07564324560215,12,1140.61
santo antonio das missoes,RS,-28.507734250458203,-55.231598780198624,4,393.89
santo antonio das queimadas,PE,-12.812998373308554,-38.731669333692956,1,84.99
santo antonio de jesus,BA,-12.9734628300078,-39.26756879409615,3,389.0
santo antonio de jesus,BA,-12.970290850059243,-39.25141314025558,5,717.75
santo antonio de jesus,BA,-12.967176467652033,-39.24311391701232,11,1794.87
santo antonio de jesus,BA,-12.961920916279436,-39.248478982114754,2,132.31
santo antonio de jesus,BA,-12.939018729427303,-39.26013130843966,8,1262.93
santo antonio de padua,RJ,-21.552859881634557,-42.19618878044136,30,5090.91
santo antonio de posse,SP,-22.60561843199777,-46.920447238133505,20,5027.89
santo antonio do amparo,MG,-20.902677288193253,-44.896898845477345,4,376.72
santo antonio do aracangua,SP,-21.078032500350165,-50.241934895118085,1,1099.0
santo antonio do aventureiro,MG,-21.35522180910734,-43.03374971466126,1,77.99
santo antonio do caiua,PR,-22.73909644362374,-52.34601892264982,1,256.3
santo antonio do canaa,ES,2.8545299564090527,-70.31520024946744,1,160.0
santo antonio do descoberto,GO,-15.995048231592037,-48.26919745886792,4,676.27
santo antonio do grama,MG,-20.316764401850133,-42.60872506408533,2,239.9
santo antonio do itambe,MG,-18.462898618489323,-43.3026066611305,3,225.06
santo antonio do jacinto,MG,-16.534602275326026,-40.19046460759673,7,406.59
santo antonio do jardim,SP,-22.116303660811024,-46.684397924054096,4,231.03
santo antonio do leste,MT,-14.80017307791715,-53.611985646481685,1,149.0
santo antonio do leverger,MT,-15.903546339002347,-56.034917525987744,1,97.0
santo antonio do monte,MG,-20.071522369183732,-45.287149879479394,14,1909.12
santo antonio do palma,RS,-28.49940487460945,-52.54794043759654,2,73.89
santo antonio do pinhal,SP,-22.810029546164678,-45.688732842326665,2,1128.9
santo antonio do planalto,RS,-28.39874870582446,-52.69285295823438,1,189.0
santo antonio do rio abaixo,MG,-19.22842042560834,-43.25321053389983,1,6.0
santo antonio do sudoeste,PR,-26.03664521133411,-53.67991947578013,3,208.95
santo antonio do taua,PA,-1.1451505343640027,-48.127608860891314,1,32.9
santo antonio dos campos,MG,-20.100346281135103,-44.97276022033627,1,159.0
santo augusto,RS,-27.85304797287884,-53.777970149174564,8,1115.08
santo cristo,RS,-27.82626472010779,-54.66498504924796,7,609.45
santo estevao,BA,-12.434211527953881,-39.25306257497131,5,979.81
santo expedito,SP,-21.85186391776178,-51.394558865949115,1,280.0
santo expedito do sul,RS,-27.930038590396002,-51.65968008202175,1,209.99
santo hipolito,MG,-18.29686427547553,-44.22117018630988,1,104.4
santo inacio,PR,-22.69356461962243,-51.78896214075949,1,65.9
santos,SP,-23.984858304705913,-46.30206995146367,80,11184.2
santos,SP,-23.980419737383784,-46.30448134840116,36,6999.4400000000005
santos,SP,-23.97231558492791,-46.31441392365002,40,4886.49
santos,SP,-23.970493176810965,-46.308195291141395,46,4383.5
santos,SP,-23.969746244887773,-46.32193882675136,51,9522.34
santos,SP,-23.968456147951258,-46.305470073272346,22,4237.11
santos,SP,-23.965733873195106,-46.32872174420308,42,6643.54
santos,SP,-23.96522724354383,-46.343581343498315,78,9104.18
santos,SP,-23.962573924300305,-46.33409872636013,40,8575.539999999999
santos,SP,-23.957512627903707,-46.32679999074164,21,1807.6100000000001
santos,SP,-23.95674767368625,-46.34527196911746,51,7510.04
santos,SP,-23.95460047631287,-46.3377311534732,69,6954.0
santos,SP,-23.95315331127147,-46.31920772096948,43,6348.35
santos,SP,-23.945181237945636,-46.374395821719865,5,852.87
santos,SP,-23.944443210167957,-46.35173472578567,4,161.79
santos,SP,-23.94091079817134,-46.384935389282745,8,704.2700000000001
santos,SP,-23.94019291018218,-46.36943044979018,6,707.97
santos,SP,-23.938905885968538,-46.33965586314025,1,84.99
santos,SP,-23.9378287823699,-46.35659153288517,15,1740.98
santos,SP,-23.937701640508337,-46.32599744254459,17,2213.99
santos,SP,-23.937199995920544,-46.3763524828186,4,211.5
santos,SP,-23.9347458763459,-46.34297478233758,2,94.94
santos,SP,-23.933572609891648,-46.32962527759821,8,970.45
santos,SP,-23.92726582155666,-46.37847494477223,10,2409.32
santos dumont,MG,-21.459831186137794,-43.552261428745815,22,2056.3
sao benedito,CE,-4.045776495038852,-40.86525394526346,4,789.19
sao benedito,MG,-18.83912726781643,-46.94672164246674,1,52.64
sao benedito do rio preto,MA,-3.3312850498501794,-43.52926992421663,1,95.0
sao benedito do sul,PE,-8.806332139929227,-35.91166911816631,1,39.99
sao bentinho,PB,-6.891252231974976,-37.725352992323664,1,35.0
sao bento,MA,-2.701048477960627,-44.83355009905116,2,569.0
sao bento,PB,-6.491794555348289,-37.45186210632904,3,579.89
sao bento abade,MG,-21.584694919516924,-45.071542777131924,1,16.0
sao bento do sapucai,SP,-22.691052549132618,-45.71848783915089,7,630.54
sao bento do sul,SC,-26.277548996753634,-49.39998974551005,4,412.78000000000003
sao bento do sul,SC,-26.25819527691496,-49.37917542431789,1,29.99
sao bento do sul,SC,-26.249611365425217,-49.380236075511185,16,1712.59
sao bento do sul,SC,-26.247207721185678,-49.44998262152892,1,269.8
sao bento do sul,SC,-26.240315514381745,-49.368874470274484,2,120.89
sao bento do sul,SC,-26.239824551251576,-49.39522935323786,8,1003.49
sao bento do sul,SC,-26.23219397821858,-49.411882265954304,1,550.0
sao bento do sul,SC,-26.231493423749832,-49.34693597685519,4,253.77999999999997
sao bento do sul,SC,-26.22381050608547,-49.4188000011152,2,177.9
sao bento do sul,SC,-26.214074216311452,-49.37862259639144,4,321.78
sao bento do sul,SC,-26.212055777220993,-49.40306359355732,1,16.9
sao bento do una,PE,-8.522807356177072,-36.44538808628628,4,1328.3899999999999
sao bernardino,SC,-26.47325807037375,-52.96469591075601,1,189.9
sao bernardo,MA,-3.3507915241989776,-42.42234201458312,3,706.79
sao bernardo do campo,SP,-23.821662070042358,-46.56666202847232,1,169.0
sao bernardo do campo,SP,-23.792495614905764,-46.540337602102205,7,709.4
sao bernardo do campo,SP,-23.79008690242336,-46.53776274305946,2,121.88
sao bernardo do campo,SP,-23.77680454764223,-46.51538272042317,1,129.99
sao bernardo do campo,SP,-23.770321825801567,-46.59475979127356,5,414.39
sao bernardo do campo,SP,-23.75978484673306,-46.54376717935721,1,26.5
sao bernardo do campo,SP,-23.7580269311569,-46.577399402985954,3,327.99
sao bernardo do campo,SP,-23.75544375456408,-46.58484967316456,4,191.78
sao bernardo do campo,SP,-23.753745460203827,-46.59114822278005,9,568.38
sao bernardo do campo,SP,-23.75303524441393,-46.59720950762009,15,1327.72
sao bernardo do campo,SP,-23.75156759881336,-46.55710966033656,3,414.78999999999996
sao bernardo do campo,SP,-23.747386703980517,-46.616826395106855,2,250.77
sao bernardo do campo,SP,-23.744510387209566,-46.54078887232144,3,755.89
sao bernardo do campo,SP,-23.742027637064286,-46.571903585465584,2,105.88000000000001
sao bernardo do campo,SP,-23.74089677212717,-46.555203353202636,41,5145.58
sao bernardo do campo,SP,-23.740862611463054,-46.53189666316326,17,2147.46
sao bernardo do campo,SP,-23.738318909397083,-46.59447666790097,11,3416.3999999999996
sao bernardo do campo,SP,-23.737826896312292,-46.57487165420059,20,1889.52
sao bernardo do campo,SP,-23.737476726851742,-46.575776224407434,7,1024.84
sao bernardo do campo,SP,-23.735135589141112,-46.57578753274095,4,325.79999999999995
sao bernardo do campo,SP,-23.73391506363375,-46.60524801905268,2,49.1
sao bernardo do campo,SP,-23.73186504769614,-46.58917398288985,10,1357.4099999999999
sao bernardo do campo,SP,-23.729244704545895,-46.59517054648574,15,775.3
sao bernardo do campo,SP,-23.728387803688896,-46.537073397828735,3,159.8
sao bernardo do campo,SP,-23.72799221530055,-46.54284778999086,19,4399.52
sao bernardo do campo,SP,-23.727016656204928,-46.56057269276538,23,1866.11
sao bernardo do campo,SP,-23.72523110437849,-46.582035021221365,28,3309.56
sao bernardo do campo,SP,-23.7251428867405,-46.53423288763666,22,1575.96
sao bernardo do campo,SP,-23.724885049110526,-46.570414288708626,15,1323.51
sao bernardo do campo,SP,-23.723041140827767,-46.529164332093046,3,198.7
sao bernardo do campo,SP,-23.719645866039087,-46.54752546385538,8,567.96
sao bernardo do campo,SP,-23.719576291836965,-46.56475309248674,14,1517.16
sao bernardo do campo,SP,-23.71787128505165,-46.524917595869965,7,867.69
sao bernardo do campo,SP,-23.715655922883034,-46.54574782914775,13,1720.91
sao bernardo do campo,SP,-23.71560389581901,-46.5540847126564,20,2562.05
sao bernardo do campo,SP,-23.715284739525174,-46.59045718465917,12,2152.0499999999997
sao bernardo do campo,SP,-23.71504959465715,-46.537268208377945,19,2679.69
sao bernardo do campo,SP,-23.712983543715765,-46.53961826293497,1,150.0
sao bernardo do campo,SP,-23.710466484131672,-46.548939650481294,26,3948.66
sao bernardo do campo,SP,-23.709470844712847,-46.540881790498744,2,61.9
sao bernardo do campo,SP,-23.708765360343428,-46.5282179669019,14,1213.76
sao bernardo do campo,SP,-23.708332988775936,-46.543040933972854,19,2027.06
sao bernardo do campo,SP,-23.707693503963565,-46.58133168735307,26,2498.9
sao bernardo do campo,SP,-23.70769153477817,-46.57672275248883,6,1002.99
sao bernardo do campo,SP,-23.70749663308937,-46.53390666913495,1,70.0
sao bernardo do campo,SP,-23.706316018037793,-46.556956230405845,37,3469.81
sao bernardo do campo,SP,-23.706205281409957,-46.520501154745155,1,108.9
sao bernardo do campo,SP,-23.704427404926463,-46.57017710285872,34,2565.81
sao bernardo do campo,SP,-23.703914664846963,-46.54294064122098,18,1201.69
sao bernardo do campo,SP,-23.7036193137157,-46.56388329504261,8,897.47
sao bernardo do campo,SP,-23.701153113067196,-46.58292897999653,8,960.14
sao bernardo do campo,SP,-23.699068218670817,-46.542196940263665,20,2184.46
sao bernardo do campo,SP,-23.694765411498338,-46.568130798117934,17,1931.1699999999998
sao bernardo do campo,SP,-23.691384626217896,-46.54373229668177,26,2776.24
sao bernardo do campo,SP,-23.688118958076767,-46.55322175065388,31,5915.76
sao bernardo do campo,SP,-23.68807971060781,-46.56182137843302,19,1480.7
sao bernardo do campo,SP,-23.68579801493024,-46.57089267384956,7,489.65999999999997
sao bernardo do campo,SP,-23.683099474120297,-46.57520551085803,11,1047.8
sao bernardo do campo,SP,-23.68238569130247,-46.56105342253517,6,463.48
sao bernardo do campo,SP,-23.6787519584292,-46.55814401491674,3,223.49
sao bernardo do campo,SP,-23.677243371241502,-46.576402207422404,1,177.99
sao bernardo do campo,SP,-23.67580783024554,-46.56182636859772,1,18.0
sao bernardo do campo,SP,-23.67512052046353,-46.59061531395742,6,499.68
sao bernardo do campo,SP,-23.67486999999994,-46.55761999999999,1,149.0
sao bernardo do campo,SP,-23.673552353222416,-46.56139692689742,2,64.99000000000001
sao bernardo do campo,SP,-23.673393633424453,-46.59524050907028,4,148.79
sao bernardo do campo,SP,-23.672621774030517,-46.59262644383219,4,286.69
sao bernardo do campo,SP,-23.67222543087328,-46.55577577291884,1,29.77
sao bernardo do campo,SP,-23.67157299313539,-46.55939447447094,8,793.2800000000001
sao bernardo do campo,SP,-23.670914716555867,-46.565135129733704,2,213.89
sao bernardo do campo,SP,-23.669855509401177,-46.589828905516704,5,236.69
sao bernardo do campo,SP,-23.66958080972684,-46.556297112350386,1,18.76
sao bernardo do campo,SP,-23.66887007619676,-46.59314396176752,2,80.8
sao bernardo do campo,SP,-23.66841020702516,-46.58768806352214,2,123.89
sao bernardo do campo,SP,-23.668365154906958,-46.591484465429794,4,234.89
sao bernardo do campo,SP,-23.668069814498637,-46.56449853172678,4,724.5799999999999
sao bernardo do campo,SP,-23.66779559236273,-46.596246121176385,4,334.8
sao bernardo do campo,SP,-23.66773038286052,-46.59756728709756,4,1064.02
sao bernardo do campo,SP,-23.66720323526325,-46.55930615391436,3,335.87
sao bernardo do campo,SP,-23.66713945077826,-46.57045697896809,2,94.58
sao bernardo do campo,SP,-23.666908020826625,-46.60932320706501,1,89.18
sao bernardo do campo,SP,-23.66685619523611,-46.594333910832276,1,18.8
sao bernardo do campo,SP,-23.66583643434326,-46.56447349124348,7,1064.76
sao bernardo do campo,SP,-23.665241464908604,-46.58843649949076,1,45.0
sao bernardo do campo,SP,-23.66519907067127,-46.59231940089957,2,219.8
sao bernardo do campo,SP,-23.664615445009666,-46.571680231775645,1,168.0
sao bernardo do campo,SP,-23.664479629322724,-46.60605653702866,3,206.8
sao bernardo do campo,SP,-23.66260216817041,-46.61213718089103,10,1260.8
sao bernardo do campo,SP,-23.662449261189224,-46.559517098875716,5,880.78
sao bernardo do campo,SP,-23.662435827373987,-46.60776237256183,1,39.9
sao bernardo do campo,SP,-23.662102724337153,-46.56452843703353,1,152.9
sao bernardo do campo,SP,-23.66179428327933,-46.604347080888225,1,126.31
sao bernardo do campo,SP,-23.661686973091967,-46.56555990420883,17,1425.03
sao bernardo do campo,SP,-23.661626250944078,-46.608818108336735,4,378.79
sao bernardo do campo,SP,-23.66130475506377,-46.564296407294165,1,338.89
sao bernardo do campo,SP,-23.661090346529676,-46.56669030628886,5,937.58
sao bernardo do campo,SP,-23.660872416235335,-46.572542970985715,2,295.49
sao bernardo do campo,SP,-23.660864966338345,-46.59644061310163,5,536.85
sao bernardo do campo,SP,-23.660844018358972,-46.59942123350074,1,79.95
sao bernardo do campo,SP,-23.660708949930896,-46.60237428797259,1,35.99
sao bernardo do campo,SP,-23.65996077224967,-46.60435873946345,1,59.0
sao bernardo do campo,SP,-23.659009237227743,-46.60663437737783,2,66.58
sao bernardo do campo,SP,-23.658945536464802,-46.56199112446138,3,69.44
sao bernardo do campo,SP,-23.658375841125462,-46.60461841761926,2,105.9
sao bernardo do campo,SP,-23.658350253818742,-46.58023068899425,1,105.0
sao bernardo do campo,SP,-23.658316469386005,-46.56631829437865,3,379.5
sao bernardo do campo,SP,-23.657930372897916,-46.57001708578379,4,1622.82
sao bernardo do campo,SP,-23.656709907179266,-46.56723401812807,2,153.9
sao bernardo do campo,SP,-23.656628837404302,-46.57486862673152,3,112.88
sao bernardo do campo,SP,-23.656212229743875,-46.57377250031629,3,187.39000000000001
sao bernardo do campo,SP,-23.655720170033256,-46.59858235411507,6,903.29
sao bernardo do campo,SP,-23.655716300509,-46.576820362105686,4,293.69
sao bernardo do campo,SP,-23.655481847595077,-46.594601003259314,4,174.78
sao bernardo do campo,SP,-23.655243172260416,-46.59407142026201,5,836.11
sao bernardo do campo,SP,-23.654337222511014,-46.56720926554255,1,107.0
sao bernardo do campo,SP,-23.652578889833173,-46.56911296769077,2,102.9
sao bernardo do campo,SP,-23.652226541503566,-46.574441179188376,2,65.2
sao bonifacio,SC,-27.895615849893577,-48.93100079426772,1,101.0
sao borja,RS,-28.654368454743132,-56.005437023988705,18,2124.74
sao bras,AL,-10.126440337605306,-36.898839497412084,1,29.9
sao bras do suacui,MG,-20.625968688745598,-43.94993528853278,2,95.99000000000001
sao caetano do sul,SP,-23.642770217266175,-46.57208010294454,24,2566.21
sao caetano do sul,SP,-23.642441270973308,-46.56083126678535,18,3186.99
sao caetano do sul,SP,-23.639014704435137,-46.55693757893049,3,91.99
sao caetano do sul,SP,-23.635291695497433,-46.57828849488683,12,971.54
sao caetano do sul,SP,-23.63490255630611,-46.56483733891245,18,3268.2
sao caetano do sul,SP,-23.632744917274707,-46.56543098226675,11,2005.66
sao caetano do sul,SP,-23.632642413705778,-46.55438133370326,25,3088.9
sao caetano do sul,SP,-23.624968420796606,-46.566194355285866,38,4189.33
sao caetano do sul,SP,-23.62345398420194,-46.553039562714616,11,1682.9
sao caetano do sul,SP,-23.621542891813707,-46.57510268453866,25,3113.89
sao caetano do sul,SP,-23.620205690144598,-46.56414467348052,25,2326.01
sao caetano do sul,SP,-23.61999668837158,-46.570899938883535,11,1483.85
sao caetano do sul,SP,-23.617424303036877,-46.55188178218847,21,1597.03
sao caetano do sul,SP,-23.615655757086824,-46.571860078429005,10,627.68
sao caetano do sul,SP,-23.613181012802638,-46.57287321457434,6,595.05
sao caetano do sul,SP,-23.608506343913913,-46.571281579885124,14,1364.57
sao carlos,SC,-27.080772683210398,-53.005672767804555,5,500.38
sao carlos,SP,-22.060051378354107,-47.90246169158984,3,137.49
sao carlos,SP,-22.042499291135222,-47.89210005292582,4,171.3
sao carlos,SP,-22.033506163362237,-47.908924834284264,20,2401.2400000000002
sao carlos,SP,-22.03177499552465,-47.867845806085136,6,526.27
sao carlos,SP,-22.030322642781435,-47.87949202618185,7,1130.5
sao carlos,SP,-22.027570000897718,-47.900721880222925,13,1218.87
sao carlos,SP,-22.016927097859043,-47.87457058864055,16,1514.8999999999999
sao carlos,SP,-22.015004364801605,-47.89018108556098,39,6023.65
sao carlos,SP,-22.01445177696217,-47.90841744167092,17,2585.31
sao carlos,SP,-22.00697741180935,-47.87040257247772,13,1148.96
sao carlos,SP,-22.005220870242518,-47.85621631942498,14,2361.9900000000002
sao carlos,SP,-22.004957566185027,-47.91473642219969,11,904.64
sao carlos,SP,-21.999484484661423,-47.88750366919187,23,2975.79
sao carlos,SP,-21.996127081910245,-47.900956746048266,14,1184.42
sao carlos,SP,-21.986829403421467,-47.92561804201331,14,1409.43
sao carlos,SP,-21.9727792732171,-47.894128067677954,16,3627.36
sao carlos do ivai,PR,-23.316737345865434,-52.47715030617736,1,93.0
sao cristovao,SE,-10.95947856556054,-37.15164548571457,7,618.69
sao cristovao do sul,SC,-27.2401232242008,-50.44060575687204,1,118.99
sao desiderio,BA,-12.400573739228395,-45.016581654847485,1,125.0
sao domingos,BA,-11.463225794090727,-39.52656645345287,3,165.31
sao domingos,MG,-21.227570896101504,-42.82682529318478,1,59.9
sao domingos,PE,-18.240045143725364,-43.04319484534915,1,114.94
sao domingos,SC,-26.559935658120672,-52.53337815092772,2,148.99
sao domingos das dores,MG,-19.540845400652575,-42.04541052162104,1,59.9
sao domingos do araguaia,PA,-5.545977538844235,-48.72407731874157,1,227.0
sao domingos do maranhao,MA,-5.5822651212599395,-44.38091613660304,2,127.88999999999999
sao domingos do norte,ES,-19.138753324097504,-40.615545044821154,7,874.4000000000001
sao domingos do prata,MG,-19.870437642670908,-42.96347676200369,4,337.89
sao felipe,BA,-12.846031252009011,-39.089897171567735,2,747.9
sao felix,BA,-12.606968335371109,-38.969289364592754,1,27.9
sao felix de minas,MG,-18.59101354127925,-41.48801746924841,1,388.9
sao felix do araguaia,MT,-11.609239495740091,-50.81710150700641,1,98.8
sao felix do coribe,BA,-13.403164233375415,-44.19472127578593,1,226.0
sao felix do xingu,PA,-6.693010896081553,-51.980997450589435,8,1382.7
sao fidelis,RJ,-21.646291351876275,-41.75133524307317,23,2029.25
sao francisco,MG,-15.967607197545203,-44.86176495316572,12,1193.62
sao francisco,PB,-6.6181673112694925,-38.09634112809656,1,89.0
sao francisco,SE,-10.349199337792495,-36.885665536151365,3,934.9
sao francisco,SP,-20.361210890561235,-50.69449561717764,2,120.87
sao francisco de assis,RS,-29.55098077189185,-55.1267045266554,2,109.89
sao francisco de itabapoana,RJ,-21.5419754708278,-41.17599626646001,15,1497.76
sao francisco de paula,MG,-20.469962667733963,-44.97980791860478,2,78.89
sao francisco de paula,RS,-29.440045725550476,-50.58153773073433,5,520.79
sao francisco do brejao,MA,-5.125625029862735,-47.3855129108041,1,31.9
sao francisco do conde,BA,-12.623600946538469,-38.67296877293478,3,276.8
sao francisco do gloria,MG,-20.784948450006574,-42.498123195396545,1,69.9
sao francisco do guapore,RO,-12.064562211825294,-63.57426861370948,2,284.9
sao francisco do sul,SC,-26.24556370537883,-48.60788895849941,16,1549.08
sao gabriel,RS,-30.336434008509347,-54.32365439442601,23,2362.85
sao gabriel da palha,ES,-19.01753886918101,-40.537255419877596,13,1406.8000000000002
sao gabriel do oeste,MS,-19.384053013667476,-54.57840194258982,7,526.72
sao geraldo,MG,-20.923194199099704,-42.83319271427838,4,423.78
sao geraldo da piedade,MG,-19.161633524255002,-42.504298516031795,1,139.8
sao geraldo do baguari,MG,-20.074379775574123,-42.82067382028981,1,117.3
sao goncalo,RJ,-22.88628701436756,-42.99166865896655,2,409.70000000000005
sao goncalo,RJ,-22.88593339499682,-43.011983104667294,10,1781.88
sao goncalo,RJ,-22.882259138501702,-42.98436172867216,4,846.89
sao goncalo,RJ,-22.872354587681084,-43.027432812835386,6,423.69
sao goncalo,RJ,-22.867825487785606,-43.002749069555286,10,1346.01
sao goncalo,RJ,-22.859653314312613,-43.08078230203989,1,179.99
sao goncalo,RJ,-22.859266457266116,-43.015307855881765,1,20.9
sao goncalo,RJ,-22.85753738472352,-43.08169034540716,1,79.9
sao goncalo,RJ,-22.854636691924167,-43.02258437303882,7,802.1700000000001
sao goncalo,RJ,-22.85280103675185,-43.004543970992515,5,328.77
sao goncalo,RJ,-22.852695605444847,-43.09014618727886,6,316.68
sao goncalo,RJ,-22.851785749069542,-42.94354284297728,5,132.06
sao goncalo,RJ,-22.847500221583047,-43.075424616515875,8,1215.77
sao goncalo,RJ,-22.845998417596405,-42.99706758921929,7,484.85
sao goncalo,RJ,-22.845883873637536,-42.95426308031982,1,26.7
sao goncalo,RJ,-22.845410939224823,-43.05013967578183,2,328.8
sao goncalo,RJ,-22.84230016004733,-43.01214322773478,9,1463.37
sao goncalo,RJ,-22.84162388029282,-42.96231323222136,1,117.3
sao goncalo,RJ,-22.840857693725678,-43.07623548195782,8,1171.58
sao goncalo,RJ,-22.840411171156656,-43.08660279046403,4,620.3
sao goncalo,RJ,-22.840098124434224,-43.06778333387412,13,1308.23
sao goncalo,RJ,-22.83906700788218,-42.98789279135017,2,121.9
sao goncalo,RJ,-22.838766642599392,-43.003795231731345,4,448.29
sao goncalo,RJ,-22.835696540771,-43.046659352747774,2,266.6
sao goncalo,RJ,-22.832952987571833,-42.99724674575654,2,168.99
sao goncalo,RJ,-22.830656082170716,-43.04204141088677,8,610.98
sao goncalo,RJ,-22.830092235510783,-43.085652798523796,6,456.39
sao goncalo,RJ,-22.829471848017022,-42.960756997370595,1,39.9
sao goncalo,RJ,-22.829351276710405,-43.01399541493803,19,2965.75
sao goncalo,RJ,-22.829046912919456,-42.98784246443976,3,437.99
sao goncalo,RJ,-22.828438640757533,-43.08064705902956,18,2040.35
sao goncalo,RJ,-22.8277265510171,-43.02889904539707,10,1551.78
sao goncalo,RJ,-22.827481947170185,-43.0698152344756,13,2237.93
sao goncalo,RJ,-22.827149190613213,-43.0539481412297,18,2022.21
sao goncalo,RJ,-22.827064469158785,-42.9738976624395,3,450.77
sao goncalo,RJ,-22.823169080056477,-43.02002823624667,11,1065.59
sao goncalo,RJ,-22.822811422053213,-42.98685114650694,2,320.62
sao goncalo,RJ,-22.822624306841355,-43.00309374212156,13,2092.9700000000003
sao goncalo,RJ,-22.821247533767682,-43.066948767903845,10,1290.28
sao goncalo,RJ,-22.820033389763783,-42.969922193443765,5,783.98
sao goncalo,RJ,-22.81949144895205,-43.0551638057087,5,312.4
sao goncalo,RJ,-22.819291471555072,-43.006358383645974,8,479.19
sao goncalo,RJ,-22.81926169355244,-43.03476520349312,19,2181.47
sao goncalo,RJ,-22.818906926534805,-42.99751196239111,7,855.5600000000001
sao goncalo,RJ,-22.81762359087853,-42.94676360586466,5,736.45
sao goncalo,RJ,-22.814787634492188,-43.04329935349616,5,521.59
sao goncalo,RJ,-22.813217838338208,-42.98741033222329,3,207.69
sao goncalo,RJ,-22.811456217228336,-42.97220863173352,4,1169.4
sao goncalo,RJ,-22.811123478295585,-43.062369547929315,3,228.98000000000002
sao goncalo,RJ,-22.809295674102735,-43.016040373940605,8,1221.32
sao goncalo,RJ,-22.808780189018318,-43.0258667651288,7,966.3800000000001
sao goncalo,RJ,-22.808029904019026,-43.00303400236285,4,309.69
sao goncalo,RJ,-22.806624227141473,-43.012656807667405,6,1374.19
sao goncalo,RJ,-22.805769003517707,-42.95726724972363,4,538.9
sao goncalo,RJ,-22.805308252046,-43.05264792957123,2,130.96
sao goncalo,RJ,-22.803350481704697,-43.035818282243795,6,469.08
sao goncalo,RJ,-22.802767729766238,-42.99028180866455,6,878.5
sao goncalo,RJ,-22.801495702866447,-42.98390861201865,1,138.0
sao goncalo,RJ,-22.796501747075485,-42.976229884705035,9,1502.59
sao goncalo,RJ,-22.79629033350867,-43.04531393855412,1,193.8
sao goncalo,RJ,-22.794969261024608,-43.02441434660769,1,99.9
sao goncalo,RJ,-22.789880594175646,-43.00428047982366,3,2863.9
sao goncalo,RJ,-22.789315227589746,-43.03850388360695,2,288.8
sao goncalo,RJ,-22.78851170276054,-42.958565788861314,1,151.0
sao goncalo,RJ,-22.787988229533347,-43.032356249660424,1,34.98
sao goncalo,RJ,-22.785600785156785,-43.04593640228686,2,99.75
sao goncalo,RJ,-22.777267778897787,-43.027446308928425,1,99.99
sao goncalo do abaete,MG,-18.325070936120266,-45.799697934947936,2,177.99
sao goncalo do amarante,CE,-3.603407789249077,-38.97122147447192,5,420.77
sao goncalo do amarante,RN,-5.776720356737238,-35.30055977487189,2,338.99
sao goncalo do amarante,RN,-5.774190270584408,-35.271143276096765,4,377.8
sao goncalo do amarante,RN,-5.771836310002838,-35.28010726441113,1,142.99
sao goncalo do para,MG,-19.985099810533278,-44.85410034572207,3,734.9
sao goncalo do rio abaixo,MG,-19.80511275589166,-43.4412431614133,6,802.2
sao goncalo do rio das pedras,MG,-18.41947377280205,-43.49541874314224,1,169.0
sao goncalo do rio preto,MG,-18.003783893118683,-43.37812589823714,3,328.19
sao goncalo do sapucai,MG,-21.812595997261347,-45.54772708041925,8,1202.5
sao gotardo,MG,-19.317869160982113,-46.05225400628061,20,2479.38
sao jeronimo,RS,-29.963285193390462,-51.71984109992491,7,569.75
sao joao,PE,-8.875087087655608,-36.367342051246354,1,427.0
sao joao,PR,-25.826484009808258,-52.728354933045814,11,872.09
sao joao batista,MA,-2.9659182540693436,-44.81225037296473,1,113.0
sao joao batista,SC,-27.278849823135882,-48.85121490462979,10,1675.22
sao joao batista do gloria,MG,-20.554439145673697,-46.54819356385086,3,359.6
sao joao d'alianca,GO,-14.706666711511849,-47.52309920926434,3,743.53
sao joao da barra,RJ,-21.670060626559785,-41.05687237302475,15,2115.54
sao joao da boa vista,SP,-22.00465913046578,-46.81870813169402,5,1353.7
sao joao da boa vista,SP,-21.995959859554986,-46.782939036620526,7,1211.49
sao joao da boa vista,SP,-21.987861786794333,-46.80681381631854,7,651.19
sao joao da boa vista,SP,-21.98344246281804,-46.77783407212743,3,214.79999999999998
sao joao da boa vista,SP,-21.980920396602148,-46.80056800368527,11,2230.6600000000003
sao joao da boa vista,SP,-21.973167687922786,-46.79459474749641,26,3927.7200000000003
sao joao da boa vista,SP,-21.969838473441065,-46.77471622896682,17,1768.47
sao joao da boa vista,SP,-21.95505615605571,-46.79863412919674,4,269.78000000000003
sao joao da mata,MG,-21.933973025922253,-45.924143726736304,2,174.78
sao joao da parauna,GO,-16.81907336616139,-50.40796955487757,1,159.99
sao joao da ponte,MG,-15.933809901772333,-44.00241608987296,1,461.84
sao joao da urtiga,RS,-27.932156161032005,-52.08508288336865,1,139.9
sao joao das missoes,MG,-14.881678492911123,-44.08692784326681,2,119.99
sao joao de iracema,SP,-20.514002290391613,-50.35275590689482,3,168.38
sao joao de meriti,RJ,-22.80597341277987,-43.3903648173854,2,116.89
sao joao de meriti,RJ,-22.803670156230325,-43.3754619382363,14,2559.58
sao joao de meriti,RJ,-22.797656057495278,-43.364274956523175,15,2308.88
sao joao de meriti,RJ,-22.79612913604517,-43.382751851825844,9,1097.59
sao joao de meriti,RJ,-22.79367354642019,-43.33816809639405,9,821.9
sao joao de meriti,RJ,-22.791159022004333,-43.40261092456814,1,179.99
sao joao de meriti,RJ,-22.790646777654263,-43.375643445446975,14,1946.65
sao joao de meriti,RJ,-22.7896529219758,-43.34817211025902,4,584.9
sao joao de meriti,RJ,-22.788457368960326,-43.347097775328294,2,270.7
sao joao de meriti,RJ,-22.784015528679777,-43.39703232529075,5,518.6
sao joao de meriti,RJ,-22.783351382978882,-43.34124145850288,3,226.8
sao joao de meriti,RJ,-22.78315358395092,-43.35979003562612,5,598.79
sao joao de meriti,RJ,-22.781300436581095,-43.37040843885934,9,945.0799999999999
sao joao de meriti,RJ,-22.778287142653923,-43.352244107368115,3,339.5
sao joao de meriti,RJ,-22.77519333195786,-43.382929842060825,10,1978.49
sao joao de meriti,RJ,-22.770524738786186,-43.34087058368249,2,219.96999999999997
sao joao de meriti,RJ,-22.770034075258486,-43.36986192895572,4,710.94
sao joao de meriti,RJ,-22.768601480710736,-43.37689328166564,4,422.63
sao joao de meriti,RJ,-22.767755472400367,-43.351648773854414,5,1388.79
sao joao de meriti,RJ,-22.764428655824528,-43.34634958376359,4,540.89
sao joao de petropolis,ES,-19.879860634382204,-40.626739587261234,1,27.99
sao joao de pirabas,PA,-0.7789257010329751,-47.18353446170787,2,228.89
sao joao del rei,MG,-21.1455927061397,-44.276570872167134,4,610.99
sao joao del rei,MG,-21.139914280432933,-44.25783292672557,12,1650.42
sao joao del rei,MG,-21.13445454970932,-44.26216501908778,8,1326.4099999999999
sao joao del rei,MG,-21.132599352282416,-44.23886752394803,17,2067.14
sao joao del rei,MG,-21.123138626069654,-44.25022385765714,12,1089.76
sao joao del rei,MG,-21.10642220673396,-44.22890366810376,13,1423.3500000000001
sao joao do ivai,PR,-23.993105206444497,-51.81946543078687,2,193.9
sao joao do manhuacu,MG,-20.392417454010374,-42.15224431446115,2,154.8
sao joao do manteninha,MG,-18.714277600364483,-41.170762527783666,3,474.89
sao joao do oriente,MG,-19.344356841516987,-42.15909009576291,2,279.9
sao joao do paraiso,MA,-6.465308612680925,-47.05431224645511,1,80.04
sao joao do paraiso,MG,-15.31592844014999,-42.01834162897422,4,349.5
sao joao do paraiso,RJ,-22.28155598332901,-45.10349325300495,1,166.99
sao joao do piaui,PI,-8.230289599585232,-42.25228928955357,5,1541.8000000000002
sao joao do sabugi,RN,-6.716532481550868,-37.20194350410655,1,26.9
sao joao do sobrado,ES,-18.32097783533344,-40.40572143357216,1,55.92
sao joao do sul,SC,-29.209631517032882,-49.801020472273294,2,861.0
sao joao do triunfo,PR,-25.685121229247173,-50.29866134590096,2,163.82
sao joao dos patos,MA,-6.497455089795662,-43.701512508828564,7,1333.08
sao joao evangelista,MG,-18.546168147952585,-42.76559239874277,6,1062.76
sao joao nepomuceno,MG,-21.53777358554523,-43.01178776941254,14,2594.0
sao joaquim,SC,-28.289186687862205,-49.93410075331146,9,1118.98
sao joaquim da barra,SP,-20.585751390105457,-47.863693188164746,34,4302.49
sao joaquim de bicas,MG,-20.053365700179633,-44.26097711552808,8,1663.28
sao joaquim do monte,PE,-8.434448652367916,-35.81065877344816,1,79.0
sao jorge,RS,-28.502204381495208,-51.70498151933312,1,63.99
sao jorge d'oeste,PR,-25.705029613115034,-52.918740393872646,1,89.9
sao jorge do ivai,PR,-23.434254875144813,-52.292262199243936,1,352.52
sao jorge do oeste,PR,-25.705029613115034,-52.918740393872646,1,34.9
sao jorge do patrocinio,PR,-23.763888461827847,-53.87916854204343,2,89.9
sao jose,SC,-27.62112447858872,-48.639988848038136,10,1169.06
sao jose,SC,-27.609282058318943,-48.629095039647055,11,830.14
sao jose,SC,-27.60219170481988,-48.64242703793293,17,2179.84
sao jose,SC,-27.59930554922935,-48.6831327702591,1,210.0
sao jose,SC,-27.59580821471885,-48.61619711429363,9,1133.25
sao jose,SC,-27.595232430148474,-48.617592337593344,27,2812.29
sao jose,SC,-27.590626745507464,-48.62385433485308,5,440.88
sao jose,SC,-27.583125649197186,-48.716077435348616,3,269.0
sao jose,SC,-27.582219125919796,-48.666581983629605,7,861.5500000000001
sao jose,SC,-27.579217338674056,-48.607593349827326,21,3181.2400000000002
sao jose,SC,-27.57535121151344,-48.64611678897893,2,120.0
sao jose,SC,-27.575192700181084,-48.61831023215939,19,1691.14
sao jose,SC,-27.56633758010549,-48.62546620248281,16,2421.17
sao jose,SC,-27.55802381286753,-48.63172484576854,12,2374.33
sao jose,SC,-27.54287971138869,-48.633426145173786,7,557.5699999999999
sao jose da barra,MG,-20.7155295833812,-46.31660004625635,6,987.14
sao jose da bela vista,SP,-20.593546852706787,-47.641702312370604,3,310.84000000000003
sao jose da boa vista,PR,-23.928615454824847,-49.66116447697119,1,118.99
sao jose da coroa grande,PE,-8.894515567314306,-35.15233685491259,2,218.9
sao jose da laje,AL,-9.007625823834184,-36.05768481521994,2,219.9
sao jose da lapa,MG,-19.707822627527648,-43.97312654875095,8,1086.58
sao jose da tapera,AL,-9.559173826522185,-37.382001566455756,1,109.9
sao jose da vitoria,BA,-15.084010748744637,-39.33956120312214,2,175.65
sao jose de mipibu,RN,-6.0692828801030085,-35.24639670394863,3,821.69
sao jose de ribamar,MA,-2.551847789349706,-44.13900201110609,13,1364.83
sao jose de uba,RJ,-21.360193619062326,-41.93993508938902,3,478.89
sao jose do barreiro,SP,-22.649594093894706,-44.57781789098196,3,207.59
sao jose do belmonte,PE,-7.865781662087839,-38.75903891430712,2,228.9
sao jose do calcado,ES,-21.02027868005079,-41.65312810451595,6,970.18
sao jose do campestre,RN,-6.319450820178444,-35.71115049051256,1,289.0
sao jose do cedro,SC,-26.454414197309003,-53.5030787189068,5,486.59000000000003
sao jose do cerrito,SC,-27.65910886422889,-50.584953610229505,3,278.89
sao jose do divino,MG,-18.480148629594563,-41.38717529945754,1,148.0
sao jose do divino,PI,-3.811342009204952,-41.8317265701314,1,579.0
sao jose do egito,PE,-7.58660639733172,-37.46428191716004,4,444.70000000000005
sao jose do goiabal,MG,-19.925388311776864,-42.709204861462965,2,202.9
sao jose do hortencio,RS,-29.540671670992346,-51.25326614022426,2,322.89
sao jose do inhacora,RS,-28.12096312877113,-54.049455762915116,1,77.99
sao jose do norte,RS,-31.964754042722465,-52.007117929659,7,548.5
sao jose do ouro,RS,-27.84465049601447,-51.57643492457602,5,411.38000000000005
sao jose do piaui,PI,-6.863954787217288,-41.47791545632816,1,149.9
sao jose do ribeirao,RJ,-22.204999999999927,-42.39805999999993,1,97.9
sao jose do rio claro,MT,-13.513293550631632,-56.7233867932055,2,298.0
sao jose do rio pardo,SP,-21.582987429934313,-46.94775856933444,44,5106.24
sao jose do rio preto,SP,-20.855380218943672,-49.410999511658055,4,839.65
sao jose do rio preto,SP,-20.851486476148338,-49.33805138872994,3,396.4
sao jose do rio preto,SP,-20.84479469089261,-49.362630067187155,2,212.8
sao jose do rio preto,SP,-20.843016404451195,-49.382028741479964,3,256.89
sao jose do rio preto,SP,-20.837070446360393,-49.403182574292394,12,2289.48
sao jose do rio preto,SP,-20.83623241741852,-49.41325557086348,5,1620.3799999999999
sao jose do rio preto,SP,-20.83620882180299,-49.38807095699605,20,2697.07
sao jose do rio preto,SP,-20.835495182619816,-49.3946921589828,7,1175.3
sao jose do rio preto,SP,-20.83204463656363,-49.353344803737485,5,319.98
sao jose do rio preto,SP,-20.831212457088878,-49.369679601017765,4,393.7
sao jose do rio preto,SP,-20.83040639322453,-49.33893871886974,2,189.87
sao jose do rio preto,SP,-20.829837811853242,-49.37839232423516,17,3255.47
sao jose do rio preto,SP,-20.82895270664262,-49.330518437758904,5,752.5
sao jose do rio preto,SP,-20.827014495204754,-49.37834630897107,1,29.0
sao jose do rio preto,SP,-20.821610965392814,-49.352930673334,5,389.7
sao jose do rio preto,SP,-20.819922000686653,-49.40268507758171,2,238.9
sao jose do rio preto,SP,-20.819120747840632,-49.37902791741088,28,3423.93
sao jose do rio preto,SP,-20.818959233813953,-49.377346362257235,4,383.79
sao jose do rio preto,SP,-20.818007214067112,-49.362320118486714,9,768.69
sao jose do rio preto,SP,-20.813216120413106,-49.381710860149255,9,1057.85
sao jose do rio preto,SP,-20.812707494451537,-49.41503971342322,9,1653.85
sao jose do rio preto,SP,-20.812008379283643,-49.33790736553012,5,3598.85
sao jose do rio preto,SP,-20.81036071079141,-49.34854545859981,19,3748.91
sao jose do rio preto,SP,-20.80670693101839,-49.389164535249215,17,1890.96
sao jose do rio preto,SP,-20.80159869180455,-49.367616790668976,5,680.52
sao jose do rio preto,SP,-20.79961525852297,-49.415358231664605,12,1446.43
sao jose do rio preto,SP,-20.79658993282142,-49.387674445122684,9,997.66
sao jose do rio preto,SP,-20.794068968967025,-49.36508132014008,11,1376.55
sao jose do rio preto,SP,-20.791868178904714,-49.343258784299024,5,312.6
sao jose do rio preto,SP,-20.79157798830514,-49.43261033324034,4,404.88
sao jose do rio preto,SP,-20.790876797535187,-49.37011631689223,6,588.6
sao jose do rio preto,SP,-20.790373567376047,-49.41826248454062,8,572.59
sao jose do rio preto,SP,-20.789580398110378,-49.372499363338534,7,407.35
sao jose do rio preto,SP,-20.787124688836585,-49.399434370964265,6,333.23
sao jose do rio preto,SP,-20.786662976699212,-49.359327111273025,10,1369.14
sao jose do rio preto,SP,-20.781096813753173,-49.41813873526018,3,114.9
sao jose do rio preto,SP,-20.778587361820207,-49.393726925971635,7,477.8
sao jose do rio preto,SP,-20.77738504216889,-49.36534594963242,6,310.4
sao jose do rio preto,SP,-20.77686359976854,-49.36411121795177,14,2038.49
sao jose do rio preto,SP,-20.77416528575765,-49.34091811517656,13,2630.37
sao jose do rio preto,SP,-20.763965400094694,-49.40465258817587,2,228.70000000000002
sao jose do rio preto,SP,-20.762171380404617,-49.364295130044944,3,315.6
sao jose do rio preto,SP,-20.699944428249296,-49.11292374783641,1,480.0
sao jose do serido,RN,-6.44890279153824,-36.87879880847374,1,149.9
sao jose do turvo,RJ,-21.067756923070807,-45.073440240509235,3,240.70000000000002
sao jose do vale do rio preto,RJ,-22.173973537015836,-42.9367890469947,12,1192.21
sao jose do xingu,MT,-10.797265494155289,-52.7342246444891,1,49.3
sao jose dos campos,SP,-23.283456855425758,-45.89541600724004,7,548.69
sao jose dos campos,SP,-23.2697082798542,-45.86456680334708,9,835.21
sao jose dos campos,SP,-23.26702945622198,-45.90126374179415,15,1820.07
sao jose dos campos,SP,-23.258131236182972,-45.88760910492552,18,1681.85
sao jose dos campos,SP,-23.256593496952405,-45.92009307287211,7,1228.68
sao jose dos campos,SP,-23.251060768328074,-45.83435185164655,10,962.85
sao jose dos campos,SP,-23.250987185124412,-45.89887386715427,34,3327.3
sao jose dos campos,SP,-23.2466806873142,-45.88690913568322,45,4655.99
sao jose dos campos,SP,-23.243574103583633,-45.91359768380582,24,3349.89
sao jose dos campos,SP,-23.23378678072191,-45.90247179987767,27,3783.88
sao jose dos campos,SP,-23.232505015099722,-45.92657167281119,18,1627.3200000000002
sao jose dos campos,SP,-23.224503345848696,-45.88784285021331,39,2938.17
sao jose dos campos,SP,-23.224372002311345,-45.88205980388528,9,2110.94
sao jose dos campos,SP,-23.224298357534785,-45.91320082089596,14,1793.48
sao jose dos campos,SP,-23.216860677030184,-45.90859380488937,46,5721.41
sao jose dos campos,SP,-23.208988915768167,-45.85446999952331,16,912.87
sao jose dos campos,SP,-23.202268092167266,-45.898028480304646,50,5916.46
sao jose dos campos,SP,-23.201725128274056,-45.90668585444045,32,3743.84
sao jose dos campos,SP,-23.198979411325496,-45.943170855800524,23,3199.36
sao jose dos campos,SP,-23.19800832733373,-45.88888771264313,23,2331.89
sao jose dos campos,SP,-23.195572887198395,-45.879284650658015,15,2067.55
sao jose dos campos,SP,-23.190566148375837,-45.796100343632865,20,2039.13
sao jose dos campos,SP,-23.18545241916594,-45.87164627370397,16,1354.14
sao jose dos campos,SP,-23.1834899556503,-45.88446560699558,7,517.5699999999999
sao jose dos campos,SP,-23.18117141546331,-45.82885254621153,12,948.01
sao jose dos campos,SP,-23.179558233032942,-45.85510343437451,20,2920.13
sao jose dos campos,SP,-23.178300100887494,-45.823462362520274,13,2987.94
sao jose dos campos,SP,-23.178000475176187,-45.88381771655037,9,991.84
sao jose dos campos,SP,-23.17113410864847,-45.84103820732552,14,1663.27
sao jose dos campos,SP,-23.170822134184274,-45.79632259632399,16,1261.85
sao jose dos campos,SP,-23.164137570782792,-45.8932646045436,13,1835.98
sao jose dos campos,SP,-23.160675066688064,-45.800316567755644,13,1101.7
sao jose dos campos,SP,-23.15909267656986,-45.91788498508536,7,693.49
sao jose dos campos,SP,-23.155406439486104,-45.89963152591728,8,401.68
sao jose dos campos,SP,-23.150352277170946,-45.90931279216067,5,580.46
sao jose dos campos,SP,-23.141728248410512,-45.8985037934218,13,1570.4199999999998
sao jose dos cordeiros,PB,-7.40166930885011,-36.816975847308434,1,180.0
sao jose dos pinhais,PR,-25.662771489327056,-49.09909248635859,1,189.0
sao jose dos pinhais,PR,-25.607891944794627,-49.1673591549173,3,325.5
sao jose dos pinhais,PR,-25.5624037594301,-49.171162377895335,5,393.39
sao jose dos pinhais,PR,-25.55842134362273,-49.195697020152195,5,516.7
sao jose dos pinhais,PR,-25.557996030672435,-49.208296331435264,12,1557.48
sao jose dos pinhais,PR,-25.54721632285038,-49.14967895716365,10,1298.18
sao jose dos pinhais,PR,-25.542326473535166,-49.182195147235376,6,302.17
sao jose dos pinhais,PR,-25.538499348815023,-49.19950992683624,16,2212.52
sao jose dos pinhais,PR,-25.53801004403368,-49.21421508925934,1,626.0
sao jose dos pinhais,PR,-25.533598155228827,-49.09013596451583,9,964.07
sao jose dos pinhais,PR,-25.523659951314183,-49.20582349432749,8,613.85
sao jose dos pinhais,PR,-25.52021966535569,-49.125033050362866,2,63.68
sao jose dos pinhais,PR,-25.51900260111036,-49.192980370956334,4,1683.48
sao jose dos pinhais,PR,-25.512877112898774,-49.18372654989999,11,831.92
sao jose dos pinhais,PR,-25.511002205663093,-49.16173908447378,18,1513.8700000000001
sao jose dos pinhais,PR,-25.499611064183387,-49.17715331430011,5,301.7
sao jose dos pinhais,PR,-25.492588346251782,-49.14306522953387,11,1198.57
sao jose dos pinhais,PR,-25.483718671649598,-49.16747344512127,3,306.97
sao jose dos quatro marcos,MT,-15.626527311282217,-58.18328491723091,2,226.99
sao leopoldo,RS,-29.79380500061652,-51.13057943808711,7,677.48
sao leopoldo,RS,-29.792073972951776,-51.150204094875086,10,804.05
sao leopoldo,RS,-29.786295596524045,-51.13010179861883,2,225.9
sao leopoldo,RS,-29.779238329862242,-51.14850627652795,6,528.59
sao leopoldo,RS,-29.77653386683951,-51.13068516330073,2,287.89
sao leopoldo,RS,-29.77490193758915,-51.138679513492825,2,76.09
sao leopoldo,RS,-29.77488799589556,-51.118260350225185,3,133.7
sao leopoldo,RS,-29.774229400549345,-51.11392249945905,2,101.3
sao leopoldo,RS,-29.769156789229083,-51.1302496283369,2,338.89
sao leopoldo,RS,-29.767455004767953,-51.160058110032374,8,635.88
sao leopoldo,RS,-29.766631434346724,-51.14696838432699,22,2568.42
sao leopoldo,RS,-29.7639017452581,-51.11931009023463,3,537.0
sao leopoldo,RS,-29.76389437200504,-51.1102986112681,4,416.98
sao leopoldo,RS,-29.76233165522967,-51.09151758160262,2,515.0
sao leopoldo,RS,-29.756560539500708,-51.10887874558338,1,18.99
sao leopoldo,RS,-29.756177952518737,-51.095421610801004,4,291.46
sao leopoldo,RS,-29.75202931581539,-51.14865481017311,1,79.9
sao leopoldo,RS,-29.75113822408651,-51.10026417782724,3,531.89
sao leopoldo,RS,-29.748068585475135,-51.15697248231049,4,162.84
sao leopoldo,RS,-29.738280346812697,-51.142598602635864,8,1562.77
sao leopoldo,RS,-29.736320957154202,-51.168479887011145,2,109.22999999999999
sao leopoldo,RS,-29.718288248989296,-51.182018356135565,2,231.9
sao leopoldo,RS,-29.70437469607434,-51.15901071740942,3,201.51999999999998
sao lourenco,MG,-22.118180246849835,-45.05459488787902,32,4207.99
sao lourenco da mata,PE,-8.008589198297178,-35.02606350949234,1,42.93
sao lourenco da mata,PE,-8.005713174977775,-35.034904511135075,3,424.42
sao lourenco da mata,PE,-8.005510159083633,-35.01797768246905,1,15.32
sao lourenco da mata,PE,-7.9990935990099405,-35.02978028711825,2,354.95
sao lourenco da mata,PE,-7.996436273237657,-35.04609785325622,1,149.9
sao lourenco da mata,PE,-7.992295730074806,-35.0390841617891,3,203.44
sao lourenco da serra,SP,-23.85572163274727,-46.948897109025545,12,1151.95
sao lourenco do oeste,SC,-26.363163265599333,-52.850665590498174,9,781.38
sao lourenco do piaui,PI,-9.169084034367527,-42.544389853520286,1,152.49
sao lourenco do sul,RS,-31.36440027763601,-51.97864734895337,14,2135.38
sao ludgero,SC,-28.32938171277176,-49.176644834659655,3,673.3199999999999
sao luis,MA,-2.570935999584228,-44.206467572744536,18,3350.67
sao luis,MA,-2.5657369638169785,-44.25704728007262,2,294.8
sao luis,MA,-2.565463426657153,-44.2306262323107,6,581.76
sao luis,MA,-2.5626504468148426,-44.25023697864612,1,320.0
sao luis,MA,-2.5619143449000554,-44.232626192044705,12,2053.76
sao luis,MA,-2.560933304178671,-44.235653898571634,2,274.99
sao luis,MA,-2.558117797578514,-44.26265956475948,1,23.95
sao luis,MA,-2.557557172506236,-44.24989706887715,1,48.3
sao luis,MA,-2.5545352386327584,-44.24444512415847,5,408.77000000000004
sao luis,MA,-2.5527607436927795,-44.253870953576026,1,280.0
sao luis,MA,-2.5527571186165963,-44.31757643372493,9,689.49
sao luis,MA,-2.5522714272276668,-44.231575384373414,1,29.99
sao luis,MA,-2.551103985616976,-44.215138082643534,1,86.9
sao luis,MA,-2.5509616078650064,-44.26507242922075,3,380.98
sao luis,MA,-2.5505951150552773,-44.26464443772448,3,501.78999999999996
sao luis,MA,-2.54930673227953,-44.249808466086925,8,1179.5900000000001
sao luis,MA,-2.548378542553634,-44.25038382926302,4,938.54
sao luis,MA,-2.5482538294985093,-44.23602052858281,3,156.79
sao luis,MA,-2.5481978616499643,-44.29813625530704,3,244.4
sao luis,MA,-2.5475046209485313,-44.22412465032394,4,199.69
sao luis,MA,-2.546518444822042,-44.21380457096853,3,240.89
sao luis,MA,-2.545955893942341,-44.263891553887454,2,92.0
sao luis,MA,-2.5455308064662256,-44.262722394162296,8,603.58
sao luis,MA,-2.545260736873305,-44.23499277150638,6,679.6800000000001
sao luis,MA,-2.544515202911543,-44.211891803861526,15,1828.48
sao luis,MA,-2.5444016419298396,-44.28104049619776,5,1560.3
sao luis,MA,-2.5439696486357115,-44.283547310066034,3,409.69000000000005
sao luis,MA,-2.543521809231677,-44.22287013476913,4,418.38
sao luis,MA,-2.542308085828172,-44.27827694331229,1,19.87
sao luis,MA,-2.5421782249860043,-44.2653349211647,8,1133.88
sao luis,MA,-2.540111488380642,-44.22518421687788,1,54.99
sao luis,MA,-2.5384289981597505,-44.215676432068896,4,391.79
sao luis,MA,-2.5381100332884197,-44.289349640193045,5,1031.5
sao luis,MA,-2.5360460779270935,-44.23733928870707,4,258.15
sao luis,MA,-2.5351032171260184,-44.2921267421155,4,909.89
sao luis,MA,-2.534954937999679,-44.29853154585453,3,949.9300000000001
sao luis,MA,-2.5336578093695037,-44.25081030754342,4,657.79
sao luis,MA,-2.533518298130964,-44.238775004588895,3,177.85
sao luis,MA,-2.532678663491135,-44.2791675634286,2,183.97
sao luis,MA,-2.5311246743778053,-44.235621931583225,6,612.63
sao luis,MA,-2.5274398866396615,-44.29195362425256,4,444.8
sao luis,MA,-2.5225263912634146,-44.259272615486076,14,1525.12
sao luis,MA,-2.5176521621982775,-44.2414893659331,7,1074.87
sao luis,MA,-2.5167152242608157,-44.25641785460161,9,1362.25
sao luis,MA,-2.5163034117548713,-44.228187724421865,19,2223.23
sao luis,MA,-2.514354534857996,-44.298134692298916,13,1932.83
sao luis,MA,-2.5129995424374734,-44.23434294925938,5,885.6899999999999
sao luis,MA,-2.5091683348897456,-44.23168396750532,5,1085.76
sao luis,MA,-2.502220358616744,-44.292314166685316,33,5977.88
sao luis,MA,-2.5012422006260024,-44.24816336596761,12,1590.6999999999998
sao luis,MA,-2.5009524541003874,-44.227083760380225,6,884.8900000000001
sao luis,MA,-2.4997908124494073,-44.26102004950506,20,2411.77
sao luis,MA,-2.4979931084532363,-44.297760534341826,9,4481.63
sao luis de montes belos,GO,-16.512880224214197,-50.37494301100561,7,1196.3700000000001
sao luis do curu,CE,-3.670938815642368,-39.24010230667919,2,173.9
sao luis do paraitinga,SP,-23.22402943032572,-45.35025173911259,3,882.49
sao luis do quitunde,AL,-9.313365468898668,-35.56758966152875,2,239.3
sao luiz do norte,GO,-14.86324516749846,-49.32859487672178,1,129.99
sao luiz gonzaga,RS,-28.405745014830895,-54.95736550862166,15,3298.0099999999998
sao mamede,PB,-6.927411061854054,-37.096777820433296,1,86.0
sao manuel,SP,-22.74026492614537,-48.571813208388996,20,3052.39
sao marcos,RS,-28.968928433226377,-51.06874599856591,9,816.4200000000001
sao martinho,RS,-27.709262466365587,-53.96379869489512,1,305.99
sao martinho,SC,-28.166015202653163,-48.978286567663815,2,451.0
sao mateus,ES,-18.74036444460742,-39.75469149379051,6,538.4300000000001
sao mateus,ES,-18.733587348168637,-39.77298993969407,3,302.8
sao mateus,ES,-18.72977048594036,-39.8478835935191,3,1008.88
sao mateus,ES,-18.726388479336865,-39.867380218267385,2,126.99
sao mateus,ES,-18.72218578505392,-39.91774491344775,3,208.59
sao mateus,ES,-18.718328576961284,-39.83859455817204,3,342.98
sao mateus,ES,-18.718212244497813,-39.8548625046386,17,2512.9
sao mateus,ES,-18.717774368860518,-39.87424559086368,2,899.8
sao mateus,ES,-18.717482906655505,-39.86602787165746,4,324.8
sao mateus,ES,-18.711846687043668,-39.872479210098376,1,59.0
sao mateus de minas,MG,-22.707410124912013,-46.03526215592884,1,59.88
sao mateus do maranhao,MA,-4.032419259620942,-44.46584504982399,3,710.2
sao mateus do sul,PR,-25.869884382311,-50.388173075499395,15,1933.95
sao miguel,RN,-6.211259206195411,-38.49626229332373,4,846.86
sao miguel arcanjo,SP,-23.878443429622713,-47.99527910216195,13,1311.09
sao miguel das matas,BA,-13.047656931762493,-39.45439400184948,1,169.94
sao miguel do aleixo,SE,-10.386074758058108,-37.37878589064772,1,20.0
sao miguel do anta,MG,-20.719422355699994,-42.7157808218408,1,173.59
sao miguel do araguaia,GO,-13.256779394108104,-50.16379772927348,5,1321.15
sao miguel do gostoso,RN,-5.133104230167722,-35.661678499379015,2,398.9
sao miguel do guama,PA,-1.6121134438487106,-47.48467203035956,5,1240.79
sao miguel do guapore,RO,-11.695517911441868,-62.717504144685776,4,399.44
sao miguel do iguacu,PR,-25.353606599246387,-54.22950599854947,9,1079.3
sao miguel do oeste,SC,-26.73341376125163,-53.517529914408506,39,6095.82
sao miguel do tapuio,PI,-5.503124691594767,-41.32302819869242,2,465.0
sao miguel dos campos,AL,-9.783250256372778,-36.09150715375951,1,55.0
sao miguel dos campos,AL,-9.781606898872244,-36.09846911152984,1,758.36
sao nicolau,RS,-28.185019434747986,-55.26145184364718,1,122.99
sao patricio,GO,-15.350684947467316,-49.81923618621308,1,158.7
sao paulo,SP,-23.860862132863165,-46.64452907274196,2,254.8
sao paulo,SP,-23.84797578715129,-46.75213574434506,3,616.9
sao paulo,SP,-23.8466464246361,-46.71514599213115,2,46.29
sao paulo,SP,-23.841231011646432,-46.70713531502653,5,673.78
sao paulo,SP,-23.828685909251025,-46.72278516535996,14,2236.55
sao paulo,SP,-23.827027503923727,-46.736838749140006,5,616.79
sao paulo,SP,-23.820602218415264,-46.68535992256436,1,60.99
sao paulo,SP,-23.813330050823865,-46.73497439694308,11,662.18
sao paulo,SP,-23.81212359574121,-46.698788253367596,7,460.9
sao paulo,SP,-23.809310509436433,-46.75711047402636,1,96.9
sao paulo,SP,-23.808031774592244,-46.68669610808174,4,531.89
sao paulo,SP,-23.802690762934283,-46.73150077934431,2,69.25999999999999
sao paulo,SP,-23.8019351507609,-46.70268008712869,2,408.0
sao paulo,SP,-23.794332165926097,-46.73040486722158,1,199.9
sao paulo,SP,-23.788360491870264,-46.72025037439156,10,1310.73
sao paulo,SP,-23.786505805481134,-46.71770865790068,2,109.96000000000001
sao paulo,SP,-23.783248589161186,-46.70641046985807,3,156.9
sao paulo,SP,-23.771696125483064,-46.71251908538587,7,631.47
sao paulo,SP,-23.769909984438026,-46.68609058077874,8,2201.77
sao paulo,SP,-23.7683030486931,-46.673853457837346,5,377.3
sao paulo,SP,-23.76829418434374,-46.72104799760831,7,784.72
sao paulo,SP,-23.766296910533168,-46.704548405254,2,219.49
sao paulo,SP,-23.7639730208048,-46.68808147880211,11,1579.0700000000002
sao paulo,SP,-23.762167655259187,-46.70637779365961,16,883.27
sao paulo,SP,-23.761911905768827,-46.69940765182475,3,164.38
sao paulo,SP,-23.761872476919216,-46.714639470499506,6,371.59000000000003
sao paulo,SP,-23.76091277395501,-46.670855845806045,9,916.89
sao paulo,SP,-23.75825726749644,-46.680714497110145,14,1321.98
sao paulo,SP,-23.75763122502084,-46.756091869243136,3,347.8
sao paulo,SP,-23.755407728923164,-46.68298265577684,7,697.6
sao paulo,SP,-23.754682981898867,-46.69631496000452,6,702.59
sao paulo,SP,-23.751069522562037,-46.701769110820386,25,3038.62
sao paulo,SP,-23.749259460589005,-46.77909846601395,4,419.85999999999996
sao paulo,SP,-23.747947364049544,-46.68180588603654,3,344.59000000000003
sao paulo,SP,-23.747072329442975,-46.69129515264186,9,566.66
sao paulo,SP,-23.746937065245564,-46.69079514460872,9,812.47
sao paulo,SP,-23.744969996022924,-46.68528685646399,11,1345.35
sao paulo,SP,-23.74478459070516,-46.67814250026475,4,227.37
sao paulo,SP,-23.74382118721998,-46.710215019100765,12,1391.73
sao paulo,SP,-23.74349754942539,-46.706328705967096,10,517.87
sao paulo,SP,-23.74289916734389,-46.7044153866856,2,185.0
sao paulo,SP,-23.742877396789833,-46.69441745015668,11,1632.48
sao paulo,SP,-23.73870891292228,-46.68933298902944,14,1564.99
sao paulo,SP,-23.73808766564795,-46.77799962062218,3,167.07999999999998
sao paulo,SP,-23.737634803935123,-46.70481168115122,8,1020.38
sao paulo,SP,-23.736320933108615,-46.78258216224998,2,39.3
sao paulo,SP,-23.73627721451841,-46.68707125365045,2,154.9
sao paulo,SP,-23.734769803914507,-46.71560648571128,3,146.07999999999998
sao paulo,SP,-23.734513562006082,-46.713646779446904,7,411.66
sao paulo,SP,-23.733265735203062,-46.690353561011165,8,1313.08
sao paulo,SP,-23.73274866587847,-46.67752802671357,4,421.8
sao paulo,SP,-23.731773732956412,-46.70126481824942,8,644.6
sao paulo,SP,-23.73159518384113,-46.66661691155489,18,1795.09
sao paulo,SP,-23.73014219512915,-46.70950946737809,11,1894.65
sao paulo,SP,-23.73008354767063,-46.69508201695654,3,244.9
sao paulo,SP,-23.72756525858985,-46.783957278420935,1,29.99
sao paulo,SP,-23.727328722650412,-46.75853471580241,2,126.0
sao paulo,SP,-23.72576682594156,-46.68743068181804,10,974.05
sao paulo,SP,-23.725654930804435,-46.70445174231085,4,236.79000000000002
sao paulo,SP,-23.72548035188383,-46.67852717658196,17,914.71
sao paulo,SP,-23.72448075349887,-46.69524995148848,10,940.47
sao paulo,SP,-23.723969536837195,-46.782637627475815,9,1112.8400000000001
sao paulo,SP,-23.723290262306726,-46.71018939300179,5,427.6
sao paulo,SP,-23.722574072337505,-46.759125289832895,1,110.0
sao paulo,SP,-23.721614977225553,-46.7017825002926,9,2482.38
sao paulo,SP,-23.720335906643875,-46.769836124260166,4,611.6800000000001
sao paulo,SP,-23.720325908099333,-46.687005216550084,7,816.89
sao paulo,SP,-23.71931110088707,-46.6603971582893,12,1210.27
sao paulo,SP,-23.716916214057584,-46.69469317014639,10,1520.79
sao paulo,SP,-23.7161329915256,-46.70963812057223,4,407.89
sao paulo,SP,-23.715015505112504,-46.70348903356202,9,1507.04
sao paulo,SP,-23.713843626608323,-46.69858936369872,3,1078.29
sao paulo,SP,-23.713389601731254,-46.77826926936613,8,806.6
sao paulo,SP,-23.713190055129683,-46.68740654135837,9,1202.21
sao paulo,SP,-23.712240022751914,-46.65429233001422,3,216.49
sao paulo,SP,-23.71177824245257,-46.70272927785488,2,234.95000000000002
sao paulo,SP,-23.71136931901965,-46.77639400757729,3,280.6
sao paulo,SP,-23.711358324499425,-46.69794827478875,6,629.66
sao paulo,SP,-23.710419062430674,-46.69325441198315,6,315.15
sao paulo,SP,-23.709666311171485,-46.705863969967034,1,491.99
sao paulo,SP,-23.707230333178344,-46.62492750473099,9,1469.8799999999999
sao paulo,SP,-23.706690333255438,-46.70838558910678,1,49.9
sao paulo,SP,-23.706092738930593,-46.7456252385251,1,289.0
sao paulo,SP,-23.705300161123823,-46.78826511252525,5,774.3199999999999
sao paulo,SP,-23.705157457996947,-46.68632479509128,5,853.11
sao paulo,SP,-23.70444249297526,-46.74814701098308,2,332.94
sao paulo,SP,-23.703808462248503,-46.691298009855,16,2496.13
sao paulo,SP,-23.703585418758117,-46.71028405923246,2,202.6
sao paulo,SP,-23.703487288490333,-46.78048123640493,2,198.94
sao paulo,SP,-23.702793500431497,-46.63646606305578,4,343.28
sao paulo,SP,-23.702746731171032,-46.74125243254946,1,53.9
sao paulo,SP,-23.701775781534288,-46.65125778746342,3,109.9
sao paulo,SP,-23.700998891440037,-46.634987005364756,12,1362.52
sao paulo,SP,-23.70077414745042,-46.77446961840028,10,611.37
sao paulo,SP,-23.69988673830009,-46.765235162496474,14,1128.05
sao paulo,SP,-23.69775130858687,-46.77551766454479,10,840.2900000000001
sao paulo,SP,-23.697432800100692,-46.71012149639332,3,108.19999999999999
sao paulo,SP,-23.697327234370857,-46.65788329245735,2,82.9
sao paulo,SP,-23.697282256351972,-46.793711170242055,2,183.9
sao paulo,SP,-23.695491463759286,-46.69822956602337,10,1335.23
sao paulo,SP,-23.695165414739478,-46.66204201805178,1,35.0
sao paulo,SP,-23.69470118461161,-46.70434288090216,3,374.59000000000003
sao paulo,SP,-23.69467220540367,-46.75200373930385,1,18.99
sao paulo,SP,-23.694526108967484,-46.66553702130351,2,253.99
sao paulo,SP,-23.693468973442794,-46.71128496158236,5,547.8
sao paulo,SP,-23.69298727844507,-46.67221439367841,10,2281.5699999999997
sao paulo,SP,-23.692611879440417,-46.668130347430896,5,338.79
sao paulo,SP,-23.691886310998093,-46.79068226944645,8,1475.3300000000002
sao paulo,SP,-23.69173703632869,-46.75675805378863,2,168.8
sao paulo,SP,-23.69165111898833,-46.67424572831125,1,18.9
sao paulo,SP,-23.69142822981209,-46.66450458777373,2,94.89
sao paulo,SP,-23.691183009689926,-46.679584294640954,1,325.0
sao paulo,SP,-23.691013046281814,-46.70381010620763,5,284.75
sao paulo,SP,-23.69084616416298,-46.77814739004971,3,197.89
sao paulo,SP,-23.690722963733382,-46.73928800111437,1,146.0
sao paulo,SP,-23.690636031888268,-46.74469013621886,6,1209.98
sao paulo,SP,-23.690235587689077,-46.77038993848446,6,421.56
sao paulo,SP,-23.69022793376611,-46.63953173003591,10,894.15
sao paulo,SP,-23.69002489502889,-46.76140900780606,6,1197.48
sao paulo,SP,-23.68996315537706,-46.778547578167114,5,542.69
sao paulo,SP,-23.68980295399374,-46.7848099156076,3,184.77999999999997
sao paulo,SP,-23.68974453406148,-46.67558611503699,4,362.69000000000005
sao paulo,SP,-23.689349532967487,-46.679059044906474,11,910.69
sao paulo,SP,-23.688811861456063,-46.68796318321901,8,755.35
sao paulo,SP,-23.688713388674568,-46.79261135376148,6,784.24
sao paulo,SP,-23.68856287959489,-46.766137871623584,3,429.9
sao paulo,SP,-23.6883121693803,-46.672902915291004,8,907.26
sao paulo,SP,-23.68821307718558,-46.65518357438837,6,238.19
sao paulo,SP,-23.687789505825158,-46.71495640960296,4,614.69
sao paulo,SP,-23.687550598311375,-46.637114884922845,18,2167.67
sao paulo,SP,-23.68736615396162,-46.64044939164154,3,247.89
sao paulo,SP,-23.68700759507919,-46.70240296312426,7,392.18
sao paulo,SP,-23.686971559743654,-46.684268266741256,2,93.9
sao paulo,SP,-23.686691975728433,-46.66485785553794,8,1826.63
sao paulo,SP,-23.6866888508929,-46.78829547264575,1,91.9
sao paulo,SP,-23.68637209909093,-46.64835971525076,3,732.27
sao paulo,SP,-23.68634400669057,-46.74587908179179,9,716.42
sao paulo,SP,-23.686303077405277,-46.70451270808692,4,402.88
sao paulo,SP,-23.6861874554883,-46.634439642878,2,246.39000000000001
sao paulo,SP,-23.68602726400406,-46.76122292477735,9,899.37
sao paulo,SP,-23.685788682454483,-46.75071082659235,2,85.99000000000001
sao paulo,SP,-23.685732516732607,-46.67796462779876,3,130.7
sao paulo,SP,-23.68563168814889,-46.776069715481356,3,153.45
sao paulo,SP,-23.68542179993371,-46.70039446345094,6,646.09
sao paulo,SP,-23.68492897827913,-46.77281242119204,4,314.79
sao paulo,SP,-23.684506038788374,-46.738067028639854,4,517.7
sao paulo,SP,-23.684479126186545,-46.646806057023056,4,273.97
sao paulo,SP,-23.68442967069273,-46.70700376637372,1,139.9
sao paulo,SP,-23.684409432652274,-46.767242211555256,3,132.9
sao paulo,SP,-23.6831997048296,-46.68526592421875,3,242.15
sao paulo,SP,-23.68313814481508,-46.70759068626048,4,378.97
sao paulo,SP,-23.683137667931977,-46.66679869299973,6,357.43
sao paulo,SP,-23.682795063272934,-46.66096268820594,5,396.85
sao paulo,SP,-23.68246489607092,-46.6410659891323,2,79.87
sao paulo,SP,-23.682405165504093,-46.74460061692103,3,413.0
sao paulo,SP,-23.68224733460275,-46.708985637015715,3,230.69
sao paulo,SP,-23.68199321330775,-46.7559507111053,4,320.70000000000005
sao paulo,SP,-23.681603950733578,-46.644786213364796,3,364.69
sao paulo,SP,-23.68143054280925,-46.778146229342376,11,2521.36
sao paulo,SP,-23.68142552935726,-46.74828542511998,5,204.64
sao paulo,SP,-23.681405028974122,-46.65688688768331,12,1102.88
sao paulo,SP,-23.681332053955934,-46.64390719645558,4,260.3
sao paulo,SP,-23.681046931429325,-46.64315747307943,7,879.11
sao paulo,SP,-23.68099184825181,-46.715419812627225,3,192.98
sao paulo,SP,-23.680742553273266,-46.78422427518124,10,581.58
sao paulo,SP,-23.680612049944468,-46.77256581985522,3,202.5
sao paulo,SP,-23.680576936468302,-46.79243711105185,6,1175.6
sao paulo,SP,-23.680525236817456,-46.65285152264628,4,403.4
sao paulo,SP,-23.68047074615185,-46.75563320799412,2,139.7
sao paulo,SP,-23.68046350130337,-46.654924199929845,2,64.1
sao paulo,SP,-23.6804358545049,-46.75272666182636,7,619.39
sao paulo,SP,-23.680396491949327,-46.67922669623794,16,1150.66
sao paulo,SP,-23.680383297648554,-46.74049642638624,13,1138.33
sao paulo,SP,-23.68023857052899,-46.648640105817044,4,391.25
sao paulo,SP,-23.679802032337243,-46.634136347755934,2,159.9
sao paulo,SP,-23.67965711039978,-46.69141448992611,4,1144.22
sao paulo,SP,-23.679584889789307,-46.77288492664836,3,646.62
sao paulo,SP,-23.679581720727437,-46.66798262113861,2,255.99
sao paulo,SP,-23.679418310114855,-46.756205885249095,6,501.52
sao paulo,SP,-23.679204016042895,-46.66141474466489,1,110.0
sao paulo,SP,-23.67893995552787,-46.736281257501446,4,245.6
sao paulo,SP,-23.678377766434167,-46.79756866766876,8,346.85
sao paulo,SP,-23.67802832396726,-46.64439528336303,1,30.0
sao paulo,SP,-23.677643516690793,-46.76968587616432,3,144.3
sao paulo,SP,-23.67733528945809,-46.771380897030284,2,801.99
sao paulo,SP,-23.67703957287663,-46.7406946938321,6,511.02000000000004
sao paulo,SP,-23.676960817794914,-46.63848809147062,7,298.15
sao paulo,SP,-23.676918147471813,-46.76618596319816,4,398.73
sao paulo,SP,-23.676587757335042,-46.779414951254324,4,300.89
sao paulo,SP,-23.676569848880813,-46.669896904323316,11,1558.0
sao paulo,SP,-23.676437808787217,-46.65133303577999,1,27.9
sao paulo,SP,-23.676419394912518,-46.74525173506079,3,198.53
sao paulo,SP,-23.675273969765758,-46.76131088661365,3,339.67
sao paulo,SP,-23.67505922393082,-46.64554024043913,1,249.9
sao paulo,SP,-23.67502806167971,-46.785655704009564,9,1609.22
sao paulo,SP,-23.674725263248263,-46.75060206710469,6,425.45
sao paulo,SP,-23.67464846189853,-46.690182994705,5,467.66999999999996
sao paulo,SP,-23.674558178481764,-46.686782487455915,1,105.0
sao paulo,SP,-23.67431727995172,-46.68420969706395,19,3517.51
sao paulo,SP,-23.674279253457225,-46.68190697391393,9,747.5600000000001
sao paulo,SP,-23.673948587777975,-46.63675212074895,5,312.89
sao paulo,SP,-23.673794085154594,-46.7374253758439,13,3096.47
sao paulo,SP,-23.673696069623414,-46.65057311418512,2,212.0
sao paulo,SP,-23.673566314986044,-46.64687767536627,7,576.4300000000001
sao paulo,SP,-23.673455391312075,-46.656462975179124,5,596.3
sao paulo,SP,-23.673314396116023,-46.69287526590284,2,444.99
sao paulo,SP,-23.673138056843374,-46.792230838708086,2,106.89
sao paulo,SP,-23.673064733292605,-46.75140133129653,4,729.32
sao paulo,SP,-23.67300942954674,-46.77009169849543,4,674.04
sao paulo,SP,-23.67273077460716,-46.71193324558389,1,69.9
sao paulo,SP,-23.672391608719774,-46.71465164077816,4,403.79
sao paulo,SP,-23.67229549925994,-46.747868396250425,6,1052.89
sao paulo,SP,-23.671915260631064,-46.73263715626594,10,1882.04
sao paulo,SP,-23.671866267686948,-46.70943640542279,1,503.34
sao paulo,SP,-23.67162488305793,-46.7646569264103,12,1024.84
sao paulo,SP,-23.671616354938898,-46.64862369446783,1,53.49
sao paulo,SP,-23.67155327895883,-46.77598332732745,6,777.7
sao paulo,SP,-23.67125472883923,-46.65130554723837,1,29.0
sao paulo,SP,-23.67091235540667,-46.75917046168082,5,460.68
sao paulo,SP,-23.67058024286923,-46.63809339883779,1,58.0
sao paulo,SP,-23.670553696506342,-46.6541967441473,2,154.45
sao paulo,SP,-23.670543920073367,-46.66105567584753,4,278.64
sao paulo,SP,-23.670449434441775,-46.6758849533005,6,483.5
sao paulo,SP,-23.670245618667245,-46.69111303986106,4,665.87
sao paulo,SP,-23.670075127275148,-46.75514721719513,1,69.8
sao paulo,SP,-23.669816709509206,-46.64608304643848,4,396.47
sao paulo,SP,-23.66958508329505,-46.71857329234198,10,1053.35
sao paulo,SP,-23.669413859519103,-46.70246251262525,8,1340.75
sao paulo,SP,-23.66941340712779,-46.745023721464094,3,73.88
sao paulo,SP,-23.668078067193775,-46.63864016338216,3,450.99
sao paulo,SP,-23.667974839248064,-46.67377385938189,6,742.59
sao paulo,SP,-23.66795785357594,-46.66730028226094,3,975.24
sao paulo,SP,-23.667850594534702,-46.640434316568395,3,413.6
sao paulo,SP,-23.66772436432226,-46.68029355046341,1,38.89
sao paulo,SP,-23.667617872502525,-46.78364935265884,5,456.77
sao paulo,SP,-23.667488769523878,-46.78230624492152,9,681.48
sao paulo,SP,-23.667456220235753,-46.64104518782228,3,401.6
sao paulo,SP,-23.66737924080279,-46.751166256802534,5,688.79
sao paulo,SP,-23.667212022587126,-46.7704327550181,3,257.6
sao paulo,SP,-23.66693802496981,-46.73907590375414,5,462.54
sao paulo,SP,-23.666929519378087,-46.66490984847022,7,525.6800000000001
sao paulo,SP,-23.66689153293581,-46.66276156638343,2,198.0
sao paulo,SP,-23.66612486085132,-46.7574527069409,4,470.61
sao paulo,SP,-23.66610618088054,-46.77934000250036,10,705.84
sao paulo,SP,-23.665842154253788,-46.73656569305856,6,637.55
sao paulo,SP,-23.665642991201228,-46.78861772463053,10,1055.73
sao paulo,SP,-23.665408912284843,-46.69077118147836,4,393.77
sao paulo,SP,-23.665344907294287,-46.74004197698364,5,487.88
sao paulo,SP,-23.665304121176845,-46.64447857501559,5,1346.58
sao paulo,SP,-23.665195864565025,-46.71954903436284,3,309.98
sao paulo,SP,-23.66505871113801,-46.67951914303716,8,871.5699999999999
sao paulo,SP,-23.66502455829833,-46.73172064487062,8,1366.19
sao paulo,SP,-23.664977542231945,-46.690930028196576,19,2738.12
sao paulo,SP,-23.66493768921571,-46.64716725987307,6,517.1800000000001
sao paulo,SP,-23.664767362439388,-46.766571707528215,4,316.98
sao paulo,SP,-23.6639974195518,-46.69479200585514,5,744.72
sao paulo,SP,-23.6638797483433,-46.674738192364444,4,305.89
sao paulo,SP,-23.663855154832145,-46.6857921780803,18,1686.5900000000001
sao paulo,SP,-23.663622011919834,-46.71520079925147,3,328.89
sao paulo,SP,-23.66359901538302,-46.756377649271464,2,106.86
sao paulo,SP,-23.663567055703332,-46.65517373069147,3,135.54
sao paulo,SP,-23.663471694776256,-46.6720253765515,3,450.9
sao paulo,SP,-23.663454010380075,-46.639799203902776,2,165.9
sao paulo,SP,-23.663211322410458,-46.693516169598965,6,2259.7
sao paulo,SP,-23.66307651398541,-46.752058471661144,3,171.8
sao paulo,SP,-23.66302445564082,-46.71088404654184,4,472.03999999999996
sao paulo,SP,-23.663013264029072,-46.65103533867243,7,1222.48
sao paulo,SP,-23.663009616310756,-46.63292179533945,4,268.76
sao paulo,SP,-23.663008907301958,-46.791741099123406,1,128.7
sao paulo,SP,-23.6628433978514,-46.71802738661013,2,119.89
sao paulo,SP,-23.662747111077156,-46.63647704768427,4,748.79
sao paulo,SP,-23.662668780583946,-46.66804755169987,7,1008.38
sao paulo,SP,-23.662558823721252,-46.76433742903734,1,99.9
sao paulo,SP,-23.66196082607834,-46.73578431661117,7,576.1
sao paulo,SP,-23.66195544386419,-46.67883554435079,5,557.9
sao paulo,SP,-23.661258140620205,-46.786396657422046,4,285.88
sao paulo,SP,-23.661120310425666,-46.64460462290022,1,54.0
sao paulo,SP,-23.660951020776388,-46.6991896587543,2,148.99
sao paulo,SP,-23.660885636688622,-46.76210739794426,5,576.49
sao paulo,SP,-23.66032921621654,-46.65986532398569,1,109.9
sao paulo,SP,-23.659720524969337,-46.73225083462054,4,299.87
sao paulo,SP,-23.65955686100653,-46.751772689096356,8,909.41
sao paulo,SP,-23.659124756036807,-46.64907258220629,3,148.88
sao paulo,SP,-23.658871847383985,-46.70793209575099,5,342.93
sao paulo,SP,-23.65880874449394,-46.69183549279,16,3313.11
sao paulo,SP,-23.658692857165168,-46.66049408948232,2,104.55
sao paulo,SP,-23.658599743460158,-46.7255073604174,4,155.23
sao paulo,SP,-23.65838321878009,-46.75380386791607,5,374.89
sao paulo,SP,-23.658295367516676,-46.67092418180171,5,443.08000000000004
sao paulo,SP,-23.658195192303875,-46.75992352664542,4,436.53000000000003
sao paulo,SP,-23.658065909095416,-46.663742964491284,2,89.89
sao paulo,SP,-23.658027203392173,-46.79033209723357,3,112.83
sao paulo,SP,-23.657850841946917,-46.676925083929255,3,276.79
sao paulo,SP,-23.65774562321649,-46.64909760520888,7,415.76
sao paulo,SP,-23.657437186156095,-46.635366726849554,1,220.0
sao paulo,SP,-23.65740146221045,-46.76806591526189,4,264.88
sao paulo,SP,-23.65726368662629,-46.63880330046545,6,304.38
sao paulo,SP,-23.65724198521615,-46.612830839593656,26,3020.35
sao paulo,SP,-23.657086155201178,-46.74061857869906,10,1036.78
sao paulo,SP,-23.65682321337434,-46.68326926391384,3,211.49
sao paulo,SP,-23.656789411025073,-46.78053307135405,11,799.2
sao paulo,SP,-23.656726352085453,-46.6564978079358,5,525.47
sao paulo,SP,-23.65671810515744,-46.69780877973735,17,1681.4
sao paulo,SP,-23.65661163744346,-46.70672764474122,1,48.0
sao paulo,SP,-23.65652793850951,-46.705435947698426,2,68.8
sao paulo,SP,-23.65614006235602,-46.66250204609212,2,227.32
sao paulo,SP,-23.65595818086348,-46.64681658194267,8,359.73
sao paulo,SP,-23.655833851218407,-46.734115354594856,2,135.39000000000001
sao paulo,SP,-23.6555013457539,-46.742401843318774,5,577.4
sao paulo,SP,-23.65545789839169,-46.66610431726481,2,204.99
sao paulo,SP,-23.65506844042762,-46.69202773202241,4,294.6
sao paulo,SP,-23.65490906717792,-46.73169884937451,6,464.3
sao paulo,SP,-23.654903821733775,-46.66314550420735,2,60.01
sao paulo,SP,-23.654779221446987,-46.77239155052198,8,1080.69
sao paulo,SP,-23.654543405330923,-46.65721519898656,1,99.89
sao paulo,SP,-23.65444210000163,-46.6662280643355,8,1153.27
sao paulo,SP,-23.65438920639622,-46.637110843335314,8,881.69
sao paulo,SP,-23.654349554485755,-46.71378917562136,7,747.35
sao paulo,SP,-23.654270267509236,-46.7486195063238,12,968.39
sao paulo,SP,-23.65416693940167,-46.74258158812544,1,136.8
sao paulo,SP,-23.653741396955564,-46.63944436320993,8,489.28
sao paulo,SP,-23.653723231387744,-46.61037830605272,6,637.29
sao paulo,SP,-23.653324846014655,-46.65594053949872,6,2583.8
sao paulo,SP,-23.653322513293585,-46.734511192556184,4,221.46
sao paulo,SP,-23.653255735596098,-46.71183480625177,5,1185.8899999999999
sao paulo,SP,-23.65325235699301,-46.7036189807141,1,59.9
sao paulo,SP,-23.653237847356667,-46.68351999539865,1,128.4
sao paulo,SP,-23.653162927041333,-46.61499810547855,4,250.79
sao paulo,SP,-23.65247143406278,-46.788583044855486,8,1129.85
sao paulo,SP,-23.652366177840175,-46.75575337195746,10,1768.59
sao paulo,SP,-23.652281831910418,-46.71548233316467,3,207.62
sao paulo,SP,-23.651999804633736,-46.76033520326595,2,101.39
sao paulo,SP,-23.651937045687344,-46.656416300511445,6,409.29
sao paulo,SP,-23.65180502953228,-46.707493809346126,2,144.98
sao paulo,SP,-23.651663543777676,-46.78428698989416,7,703.22
sao paulo,SP,-23.651573144940997,-46.602681831763704,11,869.48
sao paulo,SP,-23.651458409656648,-46.667264990007716,5,505.39
sao paulo,SP,-23.651293938017023,-46.76685345723278,31,2923.7400000000002
sao paulo,SP,-23.65121878229917,-46.73692406599499,4,212.19
sao paulo,SP,-23.651083583404386,-46.71962633280197,6,778.29
sao paulo,SP,-23.650936619411485,-46.70090582373058,4,462.48
sao paulo,SP,-23.65031091889315,-46.7744321553768,4,316.7
sao paulo,SP,-23.650278345082626,-46.74420450893912,10,740.69
sao paulo,SP,-23.650255848591343,-46.75372470475791,17,3203.52
sao paulo,SP,-23.65022806110628,-46.67081335868612,11,1514.3
sao paulo,SP,-23.650062986791102,-46.674129731782756,4,541.8100000000001
sao paulo,SP,-23.649632268343144,-46.66066470778875,4,492.0
sao paulo,SP,-23.64941510865309,-46.70069839909865,7,597.98
sao paulo,SP,-23.649038406328103,-46.66156190557927,4,517.99
sao paulo,SP,-23.648893436886873,-46.6084949153963,5,265.93
sao paulo,SP,-23.648828562764866,-46.63625757841236,1,44.99
sao paulo,SP,-23.648808591374237,-46.59983106453618,4,269.93
sao paulo,SP,-23.64872124022943,-46.6467557256446,12,1599.24
sao paulo,SP,-23.64854569173368,-46.59486990844951,6,273.65999999999997
sao paulo,SP,-23.648544163014538,-46.65715849830985,5,740.64
sao paulo,SP,-23.648347072680874,-46.65839596364767,1,122.99
sao paulo,SP,-23.6483172917075,-46.73174552524676,1,99.49
sao paulo,SP,-23.647706313266326,-46.67720935883452,1,157.8
sao paulo,SP,-23.647700206940105,-46.777706142664805,2,37.9
sao paulo,SP,-23.64741331457165,-46.5925416149549,7,1074.77
sao paulo,SP,-23.647404304203995,-46.63657001303734,1,28.96
sao paulo,SP,-23.647259845532545,-46.643892596631275,14,1151.6200000000001
sao paulo,SP,-23.6471845969568,-46.71383856437029,2,134.8
sao paulo,SP,-23.647168759594603,-46.73449085706351,3,144.51999999999998
sao paulo,SP,-23.6471235612357,-46.75264041726496,2,154.9
sao paulo,SP,-23.647090268917783,-46.70482089842843,9,658.3399999999999
sao paulo,SP,-23.64705656492504,-46.5944418683725,10,2203.77
sao paulo,SP,-23.64698378124242,-46.71872159590326,2,54.89
sao paulo,SP,-23.64659824535931,-46.69298461682915,2,806.98
sao paulo,SP,-23.646572127714883,-46.679035716845476,2,70.80000000000001
sao paulo,SP,-23.646560779057626,-46.775879579388146,1,114.9
sao paulo,SP,-23.646504679681733,-46.66622567766505,32,3845.93
sao paulo,SP,-23.64636101705606,-46.78451326253863,12,1599.91
sao paulo,SP,-23.64623843946352,-46.73756521696959,2,138.79000000000002
sao paulo,SP,-23.646235094364453,-46.5847403003108,4,362.0
sao paulo,SP,-23.645944113812106,-46.742842329041075,3,538.0
sao paulo,SP,-23.64590929459376,-46.68378274055061,1,19.9
sao paulo,SP,-23.64573052916748,-46.60429289176094,7,1016.49
sao paulo,SP,-23.645722243811186,-46.753038607975945,10,1175.0
sao paulo,SP,-23.645606617155025,-46.69884923278413,5,382.22
sao paulo,SP,-23.645369695162433,-46.7122027604303,2,428.8
sao paulo,SP,-23.64534785795394,-46.668963118638466,10,1350.96
sao paulo,SP,-23.645312597007948,-46.71324287982179,1,149.9
sao paulo,SP,-23.645136910858778,-46.76918116853053,12,1709.16
sao paulo,SP,-23.645023180743692,-46.65024449739957,7,967.64
sao paulo,SP,-23.644926388991472,-46.6528299557697,3,647.51
sao paulo,SP,-23.64484447782769,-46.63654602110391,1,339.9
sao paulo,SP,-23.64469270250134,-46.63956724813834,2,597.9
sao paulo,SP,-23.643648226598245,-46.759019375370066,10,4094.4
sao paulo,SP,-23.64352701824689,-46.66280936272233,6,355.44
sao paulo,SP,-23.642998614546705,-46.59673592178065,5,275.78
sao paulo,SP,-23.642917686252982,-46.69665952210826,2,368.9
sao paulo,SP,-23.64269446059694,-46.697389538991324,7,456.59
sao paulo,SP,-23.642668413700186,-46.60666379640448,7,592.48
sao paulo,SP,-23.642586913119104,-46.647974060797154,5,1095.05
sao paulo,SP,-23.642557650665786,-46.69829417797877,8,2235.94
sao paulo,SP,-23.642553937089005,-46.641089149632315,2,168.0
sao paulo,SP,-23.642526245083843,-46.675998743881244,1,199.99
sao paulo,SP,-23.642437567791234,-46.714068965163655,3,943.94
sao paulo,SP,-23.64235682923947,-46.65733328876023,6,1366.7
sao paulo,SP,-23.642310172459627,-46.69538260530722,5,553.79
sao paulo,SP,-23.642226594229378,-46.607757271025676,7,485.18
sao paulo,SP,-23.64197945895006,-46.72026556609568,1,79.9
sao paulo,SP,-23.641944582408943,-46.7323466995942,5,489.75
sao paulo,SP,-23.641863142903308,-46.785442169491795,8,1250.75
sao paulo,SP,-23.64177776129046,-46.75224488543853,12,1244.54
sao paulo,SP,-23.641746702107135,-46.63282615001185,9,576.28
sao paulo,SP,-23.64169991350553,-46.59873100587562,8,807.05
sao paulo,SP,-23.641456001028505,-46.77107151197354,5,424.76
sao paulo,SP,-23.64128274956675,-46.68714216251396,1,150.4
sao paulo,SP,-23.64101529423475,-46.67052669980034,8,894.08
sao paulo,SP,-23.640938532857653,-46.70038236242907,2,138.9
sao paulo,SP,-23.640937410256512,-46.763374370803405,2,139.35
sao paulo,SP,-23.640888872966674,-46.72983813405026,6,553.24
sao paulo,SP,-23.6407301675645,-46.7038747730644,2,142.89
sao paulo,SP,-23.64056082245283,-46.65306653877791,8,1000.5500000000001
sao paulo,SP,-23.6403748417726,-46.74282186388779,3,275.89
sao paulo,SP,-23.640036256150193,-46.66328463779025,5,686.9
sao paulo,SP,-23.639954709906213,-46.65450279701998,3,118.62
sao paulo,SP,-23.63970500273027,-46.656886418902445,2,168.88
sao paulo,SP,-23.63956026800762,-46.75549581004344,2,119.96000000000001
sao paulo,SP,-23.639408161924827,-46.71450000855016,5,429.18
sao paulo,SP,-23.639220567170696,-46.77524603379492,1,59.99
sao paulo,SP,-23.639216252850222,-46.63526996721421,5,273.82
sao paulo,SP,-23.638798850089824,-46.77305001490845,6,341.07
sao paulo,SP,-23.6385851265951,-46.667548185930094,9,969.44
sao paulo,SP,-23.638458904938467,-46.59990353751536,4,376.49
sao paulo,SP,-23.63822732080231,-46.61019609996571,6,498.1
sao paulo,SP,-23.637836961836488,-46.67758117619221,2,174.20999999999998
sao paulo,SP,-23.637794462667365,-46.69640108049751,1,129.99
sao paulo,SP,-23.63767683448491,-46.71726187776406,6,783.21
sao paulo,SP,-23.63728348822799,-46.63800500644551,26,1953.97
sao paulo,SP,-23.637051252257542,-46.64894162237949,8,949.95
sao paulo,SP,-23.636874595252888,-46.612901745698174,2,514.89
sao paulo,SP,-23.636731433733214,-46.74658403439475,2,115.80000000000001
sao paulo,SP,-23.63670146816877,-46.65943215071563,1,39.9
sao paulo,SP,-23.636250681980506,-46.7030915221507,1,119.9
sao paulo,SP,-23.636249561856218,-46.674963142950894,4,381.15
sao paulo,SP,-23.63619066893595,-46.685297190240924,2,249.7
sao paulo,SP,-23.63603622081005,-46.65471602214153,2,53.2
sao paulo,SP,-23.636027323303832,-46.713002500990385,16,2053.01
sao paulo,SP,-23.63578602332596,-46.63551611224559,7,568.6800000000001
sao paulo,SP,-23.635735432494883,-46.6286711676003,2,208.8
sao paulo,SP,-23.63557467017113,-46.68518366825551,2,331.74
sao paulo,SP,-23.63552988166383,-46.69403108090457,1,69.9
sao paulo,SP,-23.635489059943243,-46.766593339586954,9,1289.99
sao paulo,SP,-23.635476291236326,-46.645933467803154,2,319.9
sao paulo,SP,-23.635449930960373,-46.753357389937435,3,278.73
sao paulo,SP,-23.63520931747778,-46.65058314523511,6,467.69
sao paulo,SP,-23.63519167113765,-46.77249597850784,5,1833.99
sao paulo,SP,-23.6351441150821,-46.60361073479807,7,1599.12
sao paulo,SP,-23.635024986038115,-46.75501165480173,9,1016.5799999999999
sao paulo,SP,-23.635005258010473,-46.59911604502151,4,319.79
sao paulo,SP,-23.634970921060688,-46.741430132389155,3,368.6
sao paulo,SP,-23.634955757361986,-46.612936626054235,1,129.0
sao paulo,SP,-23.634780995705007,-46.58848972642822,1,289.0
sao paulo,SP,-23.634734731757376,-46.66897040805662,2,28.8
sao paulo,SP,-23.634666975437064,-46.67103410699287,1,330.0
sao paulo,SP,-23.63461765404282,-46.73233473771139,10,891.78
sao paulo,SP,-23.634607026145623,-46.735881844474896,8,789.03
sao paulo,SP,-23.63416690786288,-46.61229789899156,1,47.97
sao paulo,SP,-23.63412218559662,-46.665021714847775,5,368.64
sao paulo,SP,-23.633979466756944,-46.69363721653133,5,379.1
sao paulo,SP,-23.633805606487936,-46.60741938764788,5,1106.6399999999999
sao paulo,SP,-23.633746991095535,-46.657752761150704,1,149.97
sao paulo,SP,-23.633746308008696,-46.614356752488725,5,298.74
sao paulo,SP,-23.63371935299967,-46.7500923084884,4,416.78999999999996
sao paulo,SP,-23.63367472874772,-46.74639478258834,3,63.989999999999995
sao paulo,SP,-23.633453855673807,-46.5904060145686,5,481.47
sao paulo,SP,-23.633210687932692,-46.63827669792675,18,1870.1100000000001
sao paulo,SP,-23.632941446215064,-46.706958480610986,16,2029.27
sao paulo,SP,-23.63280963348503,-46.735713575178494,13,1719.08
sao paulo,SP,-23.632643980067428,-46.62615669548827,4,204.45000000000002
sao paulo,SP,-23.632605973214297,-46.66300553894178,3,292.0
sao paulo,SP,-23.632467814268654,-46.640411032173475,13,2122.68
sao paulo,SP,-23.632467568210703,-46.76656933912659,1,135.0
sao paulo,SP,-23.632430657617466,-46.630919288327796,1,49.0
sao paulo,SP,-23.63232925414811,-46.66616756060892,5,450.28
sao paulo,SP,-23.632212317583807,-46.739192552253435,5,419.64
sao paulo,SP,-23.632144873490837,-46.70377183131555,6,638.68
sao paulo,SP,-23.632114348335307,-46.76077037734813,11,1975.68
sao paulo,SP,-23.631999287496654,-46.68514319703575,1,39.99
sao paulo,SP,-23.63198070195784,-46.70135123576615,9,785.79
sao paulo,SP,-23.63187200830407,-46.70380802650084,11,1240.82
sao paulo,SP,-23.631849617945665,-46.61894313385399,4,797.9
sao paulo,SP,-23.631844127736006,-46.68165304366807,2,86.89
sao paulo,SP,-23.631834846536943,-46.70032625979074,2,153.99
sao paulo,SP,-23.631765715208406,-46.62313404323022,3,163.70999999999998
sao paulo,SP,-23.631735764965565,-46.66409775600261,3,163.2
sao paulo,SP,-23.631708053031105,-46.773661188487836,2,188.9
sao paulo,SP,-23.63143155078634,-46.705423630028584,12,1188.26
sao paulo,SP,-23.63124778046942,-46.636676440435814,5,534.29
sao paulo,SP,-23.63119637022625,-46.68138927288377,2,788.9
sao paulo,SP,-23.631163944790956,-46.465822523551175,7,1249.88
sao paulo,SP,-23.63091744989638,-46.75480826803864,2,146.9
sao paulo,SP,-23.63045315369485,-46.73388659273183,10,1163.6100000000001
sao paulo,SP,-23.630219766941295,-46.766261000466535,1,239.9
sao paulo,SP,-23.629843746643388,-46.61322119637299,6,540.8
sao paulo,SP,-23.629842596014047,-46.615622905049655,4,539.79
sao paulo,SP,-23.629653166642026,-46.70170376038393,4,575.89
sao paulo,SP,-23.62957142052887,-46.59150671724376,7,527.49
sao paulo,SP,-23.62948498874614,-46.69568015837471,8,816.5600000000001
sao paulo,SP,-23.629407616343116,-46.69212962368638,3,829.22
sao paulo,SP,-23.6292638113192,-46.75676136150544,1,29.9
sao paulo,SP,-23.629180636987364,-46.68040488730149,4,320.3
sao paulo,SP,-23.62911216427785,-46.732070759005055,5,530.59
sao paulo,SP,-23.6290878110361,-46.58759158430273,3,369.8
sao paulo,SP,-23.62894206889616,-46.4672167658442,5,469.72
sao paulo,SP,-23.6289257816399,-46.72017495261474,3,318.87
sao paulo,SP,-23.628898865777746,-46.76379490478539,5,493.65999999999997
sao paulo,SP,-23.62888495685781,-46.74899437414102,6,408.46
sao paulo,SP,-23.628528928652067,-46.63546920936279,10,1122.4
sao paulo,SP,-23.62844167141886,-46.62202394660562,3,184.8
sao paulo,SP,-23.62836387004566,-46.72478377588883,2,101.8
sao paulo,SP,-23.628268991295883,-46.66595672106171,3,323.19
sao paulo,SP,-23.628086721215887,-46.669090179158125,3,653.22
sao paulo,SP,-23.628066452900686,-46.60230241313098,7,1125.6799999999998
sao paulo,SP,-23.627754263109214,-46.695719848906464,10,1640.69
sao paulo,SP,-23.627534295197535,-46.60829070808083,5,719.12
sao paulo,SP,-23.6273321911817,-46.64607656740394,1,32.9
sao paulo,SP,-23.627289256892848,-46.70094897060515,7,2531.85
sao paulo,SP,-23.627234730717813,-46.600277532704105,1,165.66
sao paulo,SP,-23.627110472796144,-46.466948815422185,11,698.75
sao paulo,SP,-23.627064454143635,-46.63665166742413,21,2954.13
sao paulo,SP,-23.627052219278017,-46.473162413196334,14,1977.26
sao paulo,SP,-23.62704499971125,-46.680415806849105,3,109.88
sao paulo,SP,-23.62697681957097,-46.6244300789828,1,82.0
sao paulo,SP,-23.626884113847957,-46.60666686406375,6,870.24
sao paulo,SP,-23.62680348967349,-46.67493464165545,3,481.8
sao paulo,SP,-23.6266482450248,-46.73950894543502,19,2193.86
sao paulo,SP,-23.62637267739045,-46.73033396272476,15,2497.97
sao paulo,SP,-23.62634036231842,-46.58868893522081,1,119.9
sao paulo,SP,-23.62622481614813,-46.6062005386591,7,2466.65
sao paulo,SP,-23.625845549610293,-46.72115930997515,10,1795.1
sao paulo,SP,-23.625807260665145,-46.58637622896058,6,501.57
sao paulo,SP,-23.625770009445606,-46.59703636643912,3,273.48
sao paulo,SP,-23.62569896288816,-46.74346812072216,21,2271.64
sao paulo,SP,-23.625475455621878,-46.61200044104113,3,209.0
sao paulo,SP,-23.625468927234873,-46.74135022703571,19,2734.2
sao paulo,SP,-23.624988625614023,-46.69337339053362,8,1046.39
sao paulo,SP,-23.624828782984174,-46.67235004072565,4,605.2
sao paulo,SP,-23.62482560349142,-46.73612223809066,1,74.9
sao paulo,SP,-23.62480660667009,-46.766486502696914,1,68.0
sao paulo,SP,-23.62477552188192,-46.63352225416763,7,365.43
sao paulo,SP,-23.62466152303214,-46.671453415637345,1,18.9
sao paulo,SP,-23.624631715014047,-46.62452123584991,10,1737.24
sao paulo,SP,-23.624543291287193,-46.75997474304359,5,590.9
sao paulo,SP,-23.624438675279386,-46.75501665729355,19,2305.93
sao paulo,SP,-23.624411500782685,-46.65232759204485,4,381.83
sao paulo,SP,-23.624124956240582,-46.67436074338665,6,621.6800000000001
sao paulo,SP,-23.62409840533413,-46.637519164297096,6,474.66
sao paulo,SP,-23.623679467120166,-46.63685006584126,1,119.9
sao paulo,SP,-23.62360098462035,-46.59315292295778,4,293.71000000000004
sao paulo,SP,-23.623569068166802,-46.618310186560485,3,420.12
sao paulo,SP,-23.623509079362613,-46.6758083805412,8,1284.6499999999999
sao paulo,SP,-23.62350835781651,-46.688288237330106,11,974.38
sao paulo,SP,-23.623192092745526,-46.66990311336905,10,910.86
sao paulo,SP,-23.623101897683917,-46.66749536437599,3,912.66
sao paulo,SP,-23.623100260306163,-46.588477687993674,3,195.69
sao paulo,SP,-23.62286081243891,-46.611421766388204,6,695.44
sao paulo,SP,-23.6226981700655,-46.680075106583224,1,42.0
sao paulo,SP,-23.622678982282665,-46.67376195719343,1,1718.0
sao paulo,SP,-23.622332972865337,-46.68144846125938,13,1759.29
sao paulo,SP,-23.622258923071602,-46.66355613340106,10,1123.74
sao paulo,SP,-23.622060740058195,-46.68021757154078,2,153.5
sao paulo,SP,-23.622009610694445,-46.649149449701376,4,368.95
sao paulo,SP,-23.621979256378232,-46.60466783801021,4,448.3
sao paulo,SP,-23.621975084279146,-46.636789523657406,27,5444.36
sao paulo,SP,-23.62193184161367,-46.59871351080223,1,28.49
sao paulo,SP,-23.62173806132692,-46.6183837748097,1,549.9
sao paulo,SP,-23.621695328356683,-46.7360229276192,9,1090.79
sao paulo,SP,-23.621530849176292,-46.69518819682693,4,783.0699999999999
sao paulo,SP,-23.621446538690183,-46.59840783857171,4,436.97
sao paulo,SP,-23.621390480559317,-46.61597395073291,7,763.34
sao paulo,SP,-23.62132965582119,-46.62530855872009,2,825.1
sao paulo,SP,-23.621323518868845,-46.73019140744088,4,276.40999999999997
sao paulo,SP,-23.621197888443753,-46.60394747117316,10,1060.09
sao paulo,SP,-23.621110481467223,-46.67412059873857,6,504.77
sao paulo,SP,-23.62102017825679,-46.50454460959744,6,482.5
sao paulo,SP,-23.620927664310514,-46.691232601566554,4,286.96999999999997
sao paulo,SP,-23.62087560710147,-46.6759069923895,8,1045.5
sao paulo,SP,-23.620770791153813,-46.67516918760097,3,629.9
sao paulo,SP,-23.6207424198774,-46.75632565730462,1,119.0
sao paulo,SP,-23.6207026922247,-46.64753380003946,2,486.47
sao paulo,SP,-23.620633738612693,-46.606373758253945,3,547.5
sao paulo,SP,-23.620571593970944,-46.62231244971259,1,307.98
sao paulo,SP,-23.6204542298718,-46.717000233545456,3,178.7
sao paulo,SP,-23.620422385707208,-46.5988656693112,3,214.9
sao paulo,SP,-23.620411060123512,-46.630646514076794,2,214.45
sao paulo,SP,-23.620388779836066,-46.66476818452366,1,21.9
sao paulo,SP,-23.6202207357376,-46.5855234962182,3,133.89
sao paulo,SP,-23.620161421583116,-46.76165318556069,6,881.6
sao paulo,SP,-23.620157629836992,-46.481175865564325,2,109.0
sao paulo,SP,-23.62011581915099,-46.69978748689634,5,397.65
sao paulo,SP,-23.619946477821376,-46.68505249680834,4,875.9
sao paulo,SP,-23.619906357274782,-46.7466731434943,1,39.9
sao paulo,SP,-23.619869726054205,-46.68929970606768,3,201.9
sao paulo,SP,-23.61982069614586,-46.64772382814215,4,518.3
sao paulo,SP,-23.619794989254373,-46.7594858387868,12,1333.47
sao paulo,SP,-23.619760069994566,-46.754030155756396,15,981.84
sao paulo,SP,-23.619728778352282,-46.68336127730955,7,1141.74
sao paulo,SP,-23.61966772517476,-46.68171694871523,6,409.09
sao paulo,SP,-23.619660625482595,-46.67326589214815,10,1162.5900000000001
sao paulo,SP,-23.61964671515011,-46.67572233629379,5,504.7
sao paulo,SP,-23.61914463655275,-46.70589032582668,1,94.98
sao paulo,SP,-23.619125339591076,-46.64131604638057,9,676.33
sao paulo,SP,-23.6191196479635,-46.638892604708964,22,7768.85
sao paulo,SP,-23.618896001391466,-46.66765351402123,5,426.7
sao paulo,SP,-23.61885843753611,-46.728590035769514,10,2164.39
sao paulo,SP,-23.618765802774053,-46.649402272768306,5,645.59
sao paulo,SP,-23.61866620197685,-46.639582867790025,21,1556.0800000000002
sao paulo,SP,-23.618627095261704,-46.594262798360994,3,313.0
sao paulo,SP,-23.61860003122178,-46.69670651176469,11,948.29
sao paulo,SP,-23.618574568615134,-46.75202097007318,7,752.84
sao paulo,SP,-23.618360334648866,-46.64027974663952,4,203.4
sao paulo,SP,-23.61808877778015,-46.73688048339371,15,2687.91
sao paulo,SP,-23.617863900607457,-46.7417722102373,5,543.88
sao paulo,SP,-23.61761199769883,-46.72379562778506,1,40.6
sao paulo,SP,-23.617286932860615,-46.61295461602428,1,19.9
sao paulo,SP,-23.617214511528022,-46.508594046531066,2,179.89
sao paulo,SP,-23.617069178247434,-46.61171689232295,1,54.32
sao paulo,SP,-23.617066889638064,-46.59652930647008,6,348.54
sao paulo,SP,-23.617055531676286,-46.62905586453005,11,1875.87
sao paulo,SP,-23.617025476893037,-46.672238844755924,7,598.46
sao paulo,SP,-23.616754455349234,-46.6226861965362,4,347.29
sao paulo,SP,-23.616597692568526,-46.618485232473354,4,560.5
sao paulo,SP,-23.616568945148224,-46.63246063987729,7,482.69
sao paulo,SP,-23.61647892388566,-46.48434703145723,3,313.89
sao paulo,SP,-23.616393976264778,-46.7398470197997,11,1312.1
sao paulo,SP,-23.616348584304056,-46.59888838229472,4,563.96
sao paulo,SP,-23.61629990951716,-46.642176264134555,4,209.60000000000002
sao paulo,SP,-23.616135892291425,-46.51277665475444,5,802.59
sao paulo,SP,-23.616095534743593,-46.64521571652774,1,51.0
sao paulo,SP,-23.616040419147648,-46.49796340236415,10,1468.3899999999999
sao paulo,SP,-23.616037456321408,-46.481798434282844,1,119.8
sao paulo,SP,-23.61572424528012,-46.68903434080062,9,1143.93
sao paulo,SP,-23.61562005871933,-46.74657577914033,7,745.68
sao paulo,SP,-23.61537503367352,-46.64828096468195,2,287.9
sao paulo,SP,-23.615309722908446,-46.7046304407905,1,439.0
sao paulo,SP,-23.615111224491525,-46.65210263687011,1,129.0
sao paulo,SP,-23.615026594777174,-46.63498468822016,18,1415.1000000000001
sao paulo,SP,-23.61487247062317,-46.66128104735609,7,868.61
sao paulo,SP,-23.614792350754616,-46.66248559463185,3,80.72
sao paulo,SP,-23.614691812954206,-46.43312243285143,4,466.62
sao paulo,SP,-23.61464444495384,-46.681404748300004,9,4966.110000000001
sao paulo,SP,-23.61461656703373,-46.6227654134744,2,154.48
sao paulo,SP,-23.614533095967133,-46.75197228852206,1,39.0
sao paulo,SP,-23.61431704262045,-46.64310978377846,3,425.14
sao paulo,SP,-23.614088202301215,-46.47940178532641,3,223.9
sao paulo,SP,-23.614011992536618,-46.72683864111844,8,1461.3899999999999
sao paulo,SP,-23.613935964376612,-46.678969021551126,3,187.93
sao paulo,SP,-23.61390410492889,-46.73797150156235,1,879.33
sao paulo,SP,-23.613843837563973,-46.46727522958676,22,2547.75
sao paulo,SP,-23.613798437497824,-46.65163600617749,2,203.9
sao paulo,SP,-23.61377563472155,-46.686171071257114,4,417.28999999999996
sao paulo,SP,-23.613635995908155,-46.611713421610645,1,5.73
sao paulo,SP,-23.613603985246755,-46.598007140345565,6,665.77
sao paulo,SP,-23.613448168436147,-46.65035744947991,4,198.82
sao paulo,SP,-23.61344320774903,-46.516474660702784,1,109.9
sao paulo,SP,-23.613329498323637,-46.594930375911936,2,139.3
sao paulo,SP,-23.613278856853583,-46.67865970572656,1,89.9
sao paulo,SP,-23.613258022164974,-46.68995373230165,4,263.79
sao paulo,SP,-23.613247856897967,-46.60333320417951,4,416.18000000000006
sao paulo,SP,-23.613232778366175,-46.74372391912566,8,758.47
sao paulo,SP,-23.61317968106886,-46.60311235812508,7,1890.57
sao paulo,SP,-23.613023583846296,-46.68482314602869,18,1539.97
sao paulo,SP,-23.61301964942899,-46.59179479207139,7,789.35
sao paulo,SP,-23.612921486155273,-46.72056929214321,2,169.98000000000002
sao paulo,SP,-23.612774158442022,-46.6604149234197,1,35.99
sao paulo,SP,-23.6127344506858,-46.598134183130796,1,39.9
sao paulo,SP,-23.61233147021754,-46.483917618530185,2,435.89
sao paulo,SP,-23.61209255591969,-46.724932361370456,2,79.58999999999999
sao paulo,SP,-23.61206753569341,-46.49758166095673,4,143.34
sao paulo,SP,-23.61189269858181,-46.63060941656349,9,1212.59
sao paulo,SP,-23.611756184111968,-46.68171262561139,10,1392.25
sao paulo,SP,-23.61166437604769,-46.702889024081266,5,367.77
sao paulo,SP,-23.61153818590257,-46.51254574078626,7,469.79
sao paulo,SP,-23.61153067067254,-46.73636662104127,11,1429.95
sao paulo,SP,-23.611228037460165,-46.707386020341204,5,337.79
sao paulo,SP,-23.61109328786772,-46.68960089270385,8,703.9
sao paulo,SP,-23.610942393251094,-46.68659354600935,12,985.47
sao paulo,SP,-23.610874075515337,-46.63445112502,10,929.8000000000001
sao paulo,SP,-23.610861711870267,-46.699279066668325,2,2128.4
sao paulo,SP,-23.610744462863593,-46.640219030272156,14,1797.17
sao paulo,SP,-23.610669282016186,-46.726160357568375,5,269.17
sao paulo,SP,-23.61064127024898,-46.74785398743359,3,429.3
sao paulo,SP,-23.610639731947213,-46.66027830199002,8,1087.89
sao paulo,SP,-23.610596185063486,-46.707283333560724,6,288.48
sao paulo,SP,-23.610581276487395,-46.526488331494534,2,217.0
sao paulo,SP,-23.6105658135382,-46.61237820566994,8,1156.59
sao paulo,SP,-23.61055268755333,-46.62543312993559,6,378.28
sao paulo,SP,-23.61042211579087,-46.62659436529209,5,1576.34
sao paulo,SP,-23.610279226711643,-46.648223332198725,5,321.09000000000003
sao paulo,SP,-23.6102572415798,-46.68710161819633,11,1159.6
sao paulo,SP,-23.610142482164196,-46.44412739048154,4,445.56
sao paulo,SP,-23.61010743964928,-46.460094836792926,14,1160.41
sao paulo,SP,-23.610056989230387,-46.633258352788346,7,492.07000000000005
sao paulo,SP,-23.609973346169273,-46.66218954108803,4,274.38
sao paulo,SP,-23.60987131416822,-46.44916843361715,8,839.2
sao paulo,SP,-23.609856490116115,-46.52964693018126,3,116.49
sao paulo,SP,-23.60983667810177,-46.53119970835737,11,1543.48
sao paulo,SP,-23.60982936590491,-46.50825170905198,5,459.19
sao paulo,SP,-23.60972199310609,-46.46916749859775,7,1103.26
sao paulo,SP,-23.60966315524704,-46.64267882349498,3,466.96
sao paulo,SP,-23.60952604382118,-46.480163698524166,4,656.94
sao paulo,SP,-23.609430024757696,-46.66050227039208,12,1440.81
sao paulo,SP,-23.609420570334752,-46.7239060429064,4,444.42999999999995
sao paulo,SP,-23.609330706660412,-46.604427891377654,1,64.9
sao paulo,SP,-23.609282751408507,-46.628494693264486,13,1794.08
sao paulo,SP,-23.609271700065435,-46.61855410099136,4,1039.59
sao paulo,SP,-23.60924929634277,-46.74028971622014,9,1101.48
sao paulo,SP,-23.60912050493088,-46.64693404776141,3,223.78
sao paulo,SP,-23.609110379515947,-46.745036168390385,1,109.9
sao paulo,SP,-23.609001235970496,-46.66118914456519,3,152.29999999999998
sao paulo,SP,-23.608814786321876,-46.5215921238063,1,110.0
sao paulo,SP,-23.6087773222775,-46.71625405017446,1,189.99
sao paulo,SP,-23.60861206836742,-46.658743706616306,5,471.20000000000005
sao paulo,SP,-23.608567051795042,-46.46347699100704,7,1296.09
sao paulo,SP,-23.60854858358894,-46.654616937894936,2,524.0
sao paulo,SP,-23.608536691052052,-46.685657345108694,20,1337.6200000000001
sao paulo,SP,-23.608527203762673,-46.661200705889904,16,1245.96
sao paulo,SP,-23.60847855737744,-46.55619491444044,2,138.95
sao paulo,SP,-23.60842276123356,-46.69438747369207,4,435.79
sao paulo,SP,-23.608276816475648,-46.526714912263046,6,612.89
sao paulo,SP,-23.608177522549013,-46.48975783961781,1,79.9
sao paulo,SP,-23.607991705310166,-46.430749600583695,4,641.38
sao paulo,SP,-23.607881903210984,-46.60194103687584,5,278.88
sao paulo,SP,-23.607634203985256,-46.69725157554869,6,974.2
sao paulo,SP,-23.60757558518243,-46.611040297577595,3,155.79
sao paulo,SP,-23.607476248196658,-46.74035789126719,3,398.55
sao paulo,SP,-23.607472654074435,-46.611699115789875,6,805.39
sao paulo,SP,-23.60743412466134,-46.55682562248692,3,504.78999999999996
sao paulo,SP,-23.607423597094993,-46.657580195287906,4,449.8
sao paulo,SP,-23.6073366641094,-46.51330006874218,5,555.49
sao paulo,SP,-23.60727718166227,-46.66109337422718,7,2317.6
sao paulo,SP,-23.607162758152878,-46.588788873955465,1,15.0
sao paulo,SP,-23.607110911277815,-46.53119020950815,2,204.89
sao paulo,SP,-23.607065980745592,-46.70458436752859,10,2045.6200000000001
sao paulo,SP,-23.60702388573718,-46.70493308856589,1,30.97
sao paulo,SP,-23.606923245485127,-46.512386302516774,9,1384.3600000000001
sao paulo,SP,-23.606821547140417,-46.622655542274515,14,1572.39
sao paulo,SP,-23.606814609417057,-46.6892159563453,4,533.4300000000001
sao paulo,SP,-23.606543729666658,-46.63962779604523,5,416.70000000000005
sao paulo,SP,-23.60654202186106,-46.65701373063708,7,683.5999999999999
sao paulo,SP,-23.606501763403656,-46.53722056492476,3,414.37
sao paulo,SP,-23.606419613388436,-46.63123905005017,34,3297.2400000000002
sao paulo,SP,-23.606375444414635,-46.73749142075063,13,1306.58
sao paulo,SP,-23.60636135481361,-46.56094791984409,5,922.38
sao paulo,SP,-23.60634365283654,-46.61793727227997,8,494.65000000000003
sao paulo,SP,-23.60630174767596,-46.64486589633163,4,207.7
sao paulo,SP,-23.606213117621074,-46.60917170458759,2,70.9
sao paulo,SP,-23.606195893797842,-46.51679800990393,5,886.79
sao paulo,SP,-23.606183740840486,-46.65931170929813,12,1260.44
sao paulo,SP,-23.606145102513928,-46.60149470431425,1,86.9
sao paulo,SP,-23.606127435337704,-46.446847130366386,4,397.8
sao paulo,SP,-23.606116666040357,-46.642949623130654,7,977.79
sao paulo,SP,-23.606089943326268,-46.595975346003286,1,12.8
sao paulo,SP,-23.605995441952235,-46.5349233833642,2,214.9
sao paulo,SP,-23.605966882765838,-46.673408830411425,7,951.49
sao paulo,SP,-23.605905918512416,-46.661276579305856,9,1355.65
sao paulo,SP,-23.605850519316682,-46.63410662514822,5,231.82
sao paulo,SP,-23.60567392342068,-46.481512620852826,5,419.57
sao paulo,SP,-23.60561565443457,-46.48921337527956,2,174.8
sao paulo,SP,-23.60559733202136,-46.50215173897916,8,641.1999999999999
sao paulo,SP,-23.60551442876972,-46.49030091198303,8,3162.6600000000003
sao paulo,SP,-23.60545856528855,-46.59200607685887,3,661.99
sao paulo,SP,-23.605378819544356,-46.61387919950284,11,1414.57
sao paulo,SP,-23.605350718362082,-46.60696250667714,2,168.8
sao paulo,SP,-23.605179120863514,-46.488969519908174,1,11.9
sao paulo,SP,-23.60511571545259,-46.665708597106075,19,2113.32
sao paulo,SP,-23.60497215144589,-46.62000602777738,14,1405.68
sao paulo,SP,-23.60487445712046,-46.663514496896894,3,99.7
sao paulo,SP,-23.6047804796032,-46.69355855742373,32,3463.12
sao paulo,SP,-23.604773757845216,-46.708079026233214,1,89.9
sao paulo,SP,-23.60474408402971,-46.669288711338574,22,2531.2400000000002
sao paulo,SP,-23.604533636672187,-46.528421629953044,16,1762.87
sao paulo,SP,-23.604057532378825,-46.518010988685795,2,409.79999999999995
sao paulo,SP,-23.60387381668223,-46.53546787222216,1,57.31
sao paulo,SP,-23.603832673240486,-46.540862440609374,5,269.61
sao paulo,SP,-23.603826749836145,-46.72927448372839,3,550.64
sao paulo,SP,-23.603725702261563,-46.66684160844491,12,760.59
sao paulo,SP,-23.603573787295968,-46.79514648924704,9,1102.07
sao paulo,SP,-23.603560852067645,-46.5217538720597,1,16.9
sao paulo,SP,-23.603407665278702,-46.722686849184385,3,156.79
sao paulo,SP,-23.60298171671886,-46.6833381488449,1,20.89
sao paulo,SP,-23.602942796657434,-46.622983496693976,4,1309.89
sao paulo,SP,-23.60288915849467,-46.40002928160747,5,639.48
sao paulo,SP,-23.60285393041032,-46.49870518457736,1,50.19
sao paulo,SP,-23.602836068402997,-46.736004328232454,1,19.9
sao paulo,SP,-23.602799154531507,-46.658023570070284,1,32.9
sao paulo,SP,-23.6027555437402,-46.56692499212758,4,665.9300000000001
sao paulo,SP,-23.6027356999657,-46.643956717931665,14,1609.48
sao paulo,SP,-23.602705431158114,-46.62176814565115,9,1315.76
sao paulo,SP,-23.602704704866493,-46.473957534162366,2,118.9
sao paulo,SP,-23.602704285372067,-46.47248337804868,6,408.02
sao paulo,SP,-23.602433331647315,-46.589762259093334,2,109.8
sao paulo,SP,-23.60219596125753,-46.686347486241566,2,67.99000000000001
sao paulo,SP,-23.60212720471841,-46.63292581249196,10,955.74
sao paulo,SP,-23.602122532189536,-46.43667160303353,2,334.89
sao paulo,SP,-23.60201559314473,-46.49375540666453,5,495.68
sao paulo,SP,-23.60197394512295,-46.67991676821996,10,1135.44
sao paulo,SP,-23.60197217355608,-46.683672201054634,1,12.5
sao paulo,SP,-23.601966289229022,-46.67739208345249,3,175.87
sao paulo,SP,-23.60189036207672,-46.689582287270596,2,193.51
sao paulo,SP,-23.60187620356977,-46.47704707518403,4,368.78
sao paulo,SP,-23.601869883755835,-46.514122898498066,3,358.8
sao paulo,SP,-23.60185598318482,-46.60890962544776,13,1914.99
sao paulo,SP,-23.601828712347775,-46.48434983176877,2,59.989999999999995
sao paulo,SP,-23.60179975051552,-46.75180065859525,7,876.49
sao paulo,SP,-23.60164020391801,-46.62995639142875,9,894.71
sao paulo,SP,-23.60161922053799,-46.66615719260359,14,2424.32
sao paulo,SP,-23.601526169671374,-46.51461732235465,1,112.0
sao paulo,SP,-23.601465264332134,-46.70129231763575,6,475.03999999999996
sao paulo,SP,-23.601429515197342,-46.71741044164156,6,711.75
sao paulo,SP,-23.60142667544826,-46.64483387554035,16,1443.17
sao paulo,SP,-23.60132013885133,-46.65993834854292,4,705.97
sao paulo,SP,-23.60131700883481,-46.614006370029635,4,294.69
sao paulo,SP,-23.601310247283596,-46.612151882675725,1,55.49
sao paulo,SP,-23.601251249174847,-46.55894891701506,4,551.35
sao paulo,SP,-23.601190973796925,-46.667509452155585,11,1686.77
sao paulo,SP,-23.601092055866467,-46.55369625087329,11,1473.02
sao paulo,SP,-23.601070948161322,-46.453584379340725,3,45.59
sao paulo,SP,-23.600908392460727,-46.529252574561596,1,85.8
sao paulo,SP,-23.60090592975239,-46.72671324365675,4,402.48
sao paulo,SP,-23.600788676457864,-46.67137818658837,21,2229.37
sao paulo,SP,-23.600761658958007,-46.52099070896159,1,27.99
sao paulo,SP,-23.60072893207739,-46.60538260065287,5,1295.3000000000002
sao paulo,SP,-23.60072725840743,-46.570179221765166,2,235.77
sao paulo,SP,-23.60066372574635,-46.562641546435984,1,47.0
sao paulo,SP,-23.60062679626441,-46.54953091064057,9,820.72
sao paulo,SP,-23.600609746209464,-46.46323209668442,6,472.88
sao paulo,SP,-23.600609181469384,-46.639783553158175,14,2011.04
sao paulo,SP,-23.60060739233015,-46.51784626660821,1,55.5
sao paulo,SP,-23.600561673505208,-46.61909399741095,10,795.69
sao paulo,SP,-23.600461999607678,-46.65531792495907,1,29.99
sao paulo,SP,-23.600388991569535,-46.644505725843345,8,1333.5
sao paulo,SP,-23.60030209739548,-46.79351778854304,1,99.99
sao paulo,SP,-23.60006395854132,-46.65286118294113,1,116.0
sao paulo,SP,-23.60001479181681,-46.7396865924674,7,1682.4
sao paulo,SP,-23.599660024269006,-46.625287837524446,6,305.39
sao paulo,SP,-23.599614658313637,-46.730714317287905,3,348.76
sao paulo,SP,-23.599582806918818,-46.63783819608213,8,1008.29
sao paulo,SP,-23.59954352753761,-46.68276804152073,13,2265.37
sao paulo,SP,-23.599535586507248,-46.73543637154784,6,813.83
sao paulo,SP,-23.599489055245005,-46.53346455698533,3,364.42
sao paulo,SP,-23.59941403527031,-46.52443946351162,2,170.89000000000001
sao paulo,SP,-23.5993718301227,-46.557920032388935,3,258.69
sao paulo,SP,-23.5992321833992,-46.59764015981752,2,174.9
sao paulo,SP,-23.59917301361541,-46.64802915518622,7,882.49
sao paulo,SP,-23.599110932471415,-46.72485501533489,2,131.89000000000001
sao paulo,SP,-23.5989878397035,-46.54197183827237,2,167.0
sao paulo,SP,-23.598934365282272,-46.52639750269024,7,1220.5900000000001
sao paulo,SP,-23.598861141327777,-46.44038224218922,4,350.70000000000005
sao paulo,SP,-23.598832907301777,-46.609852476405145,3,155.98
sao paulo,SP,-23.59869175080098,-46.56248317931866,3,123.3
sao paulo,SP,-23.598686095364105,-46.5740033994577,4,517.77
sao paulo,SP,-23.59857912413625,-46.630801434892334,9,1170.22
sao paulo,SP,-23.59851913872316,-46.58897640156412,3,303.79
sao paulo,SP,-23.59840257836959,-46.54732485107044,2,106.78999999999999
sao paulo,SP,-23.598386316952038,-46.536700083372814,4,314.79
sao paulo,SP,-23.598361277966994,-46.64643661788217,7,934.88
sao paulo,SP,-23.59835055769763,-46.61245522550356,10,1644.3
sao paulo,SP,-23.59822835666077,-46.66241093510209,4,148.60000000000002
sao paulo,SP,-23.598111102968712,-46.704672268056946,1,21.7
sao paulo,SP,-23.59808487426019,-46.716907787131824,1,347.9
sao paulo,SP,-23.598058277570143,-46.740716342708815,5,370.77
sao paulo,SP,-23.597937614115065,-46.47739830709131,1,325.0
sao paulo,SP,-23.59792729959545,-46.67991973244728,7,667.74
sao paulo,SP,-23.597796348685407,-46.494533647351304,1,250.89000000000001
sao paulo,SP,-23.59779371811119,-46.64392305383595,8,1030.24
sao paulo,SP,-23.597787481892404,-46.68397116792925,18,1660.96
sao paulo,SP,-23.597763031403005,-46.49076261964961,4,265.69
sao paulo,SP,-23.59774524474553,-46.723030552919404,1,59.9
sao paulo,SP,-23.597730447858044,-46.5265236810902,5,2222.57
sao paulo,SP,-23.59752756602233,-46.619584763467806,2,265.65
sao paulo,SP,-23.597292747278164,-46.594155154187916,1,559.99
sao paulo,SP,-23.59726522454868,-46.66825430003385,3,313.62
sao paulo,SP,-23.59713487958609,-46.76615820634795,8,1577.1100000000001
sao paulo,SP,-23.59701793763902,-46.74276541469741,2,411.33000000000004
sao paulo,SP,-23.596983265499667,-46.670529616645666,3,203.89
sao paulo,SP,-23.5969743467028,-46.64449150794482,14,1966.79
sao paulo,SP,-23.59696486626193,-46.69861843897608,1,89.0
sao paulo,SP,-23.596895686427423,-46.580619253195366,8,866.59
sao paulo,SP,-23.59680687665703,-46.482133608663695,2,259.9
sao paulo,SP,-23.596803948794257,-46.63462180317357,22,3056.81
sao paulo,SP,-23.596746827785218,-46.795405866043915,7,840.87
sao paulo,SP,-23.596716585304087,-46.48373878756404,2,205.0
sao paulo,SP,-23.596691922335097,-46.600517415347056,13,1938.79
sao paulo,SP,-23.59668322338375,-46.43126800506239,6,2307.96
sao paulo,SP,-23.596523948660987,-46.490285572221495,2,2668.99
sao paulo,SP,-23.59646390161827,-46.546662096723736,2,2022.97
sao paulo,SP,-23.596323188534,-46.540394801220586,3,144.19
sao paulo,SP,-23.596317030418536,-46.4855365569179,2,458.8
sao paulo,SP,-23.59624022686252,-46.57760922400359,3,206.8
sao paulo,SP,-23.59623345091977,-46.73045208091811,14,2784.34
sao paulo,SP,-23.595926505405902,-46.67558950596611,17,1997.3899999999999
sao paulo,SP,-23.595858035754958,-46.66888854263692,6,1269.15
sao paulo,SP,-23.595818626086405,-46.49848234727586,1,29.9
sao paulo,SP,-23.595676391547645,-46.631109743822606,4,177.07
sao paulo,SP,-23.595660012825835,-46.78908352314471,10,1556.75
sao paulo,SP,-23.595641020616696,-46.601156270070724,5,689.5
sao paulo,SP,-23.595608042070673,-46.64327183856407,9,1226.71
sao paulo,SP,-23.59549859480055,-46.55972696351707,1,99.9
sao paulo,SP,-23.595498020056485,-46.53310582777934,5,1068.19
sao paulo,SP,-23.595480536632664,-46.65915840467708,2,1103.0
sao paulo,SP,-23.595359242221353,-46.732298862773334,1,74.99
sao paulo,SP,-23.595345947564116,-46.50398989849837,4,104.33
sao paulo,SP,-23.595314505419307,-46.746804052779034,3,126.80000000000001
sao paulo,SP,-23.595284852664307,-46.728198536058464,7,358.53
sao paulo,SP,-23.595215161682745,-46.71136756513203,1,23.0
sao paulo,SP,-23.59514434948399,-46.52928289474182,1,11.9
sao paulo,SP,-23.59513766726221,-46.60857284597207,3,134.87
sao paulo,SP,-23.595125620936503,-46.63657923674852,4,378.53
sao paulo,SP,-23.595120905367683,-46.57334683733355,5,938.49
sao paulo,SP,-23.59506185943334,-46.51627798568626,3,268.9
sao paulo,SP,-23.594998025868616,-46.700712315867854,1,49.99
sao paulo,SP,-23.594990927638744,-46.628618231118665,4,530.79
sao paulo,SP,-23.594829483255708,-46.412661455679455,4,415.72
sao paulo,SP,-23.594701546336665,-46.68729881009804,22,3664.86
sao paulo,SP,-23.59464098522388,-46.673017764506184,2,39.9
sao paulo,SP,-23.59461802777047,-46.75724227732727,14,862.02
sao paulo,SP,-23.594555942402376,-46.78748871127183,5,581.79
sao paulo,SP,-23.594548872181477,-46.73348319411699,2,217.99
sao paulo,SP,-23.594503825401347,-46.57224575075883,3,284.69
sao paulo,SP,-23.594397899934847,-46.50310129706572,1,47.5
sao paulo,SP,-23.594392067392963,-46.497112247985875,3,153.64
sao paulo,SP,-23.59422142468539,-46.47996364993211,3,461.99
sao paulo,SP,-23.594168304529937,-46.658660962450206,1,34.99
sao paulo,SP,-23.594156358365396,-46.54931504862177,1,24.0
sao paulo,SP,-23.594135363810274,-46.64576084364336,11,1407.45
sao paulo,SP,-23.594095655386685,-46.594655527593055,4,707.7
sao paulo,SP,-23.594027301222617,-46.786173435750996,7,580.59
sao paulo,SP,-23.593864354709975,-46.573476630878304,7,1060.59
sao paulo,SP,-23.59383917278593,-46.61645866896797,1,74.89
sao paulo,SP,-23.593710319696335,-46.740212944963176,1,220.0
sao paulo,SP,-23.593620778372998,-46.76614576202182,10,1278.4
sao paulo,SP,-23.59361490795346,-46.670166868732956,9,1238.9
sao paulo,SP,-23.593454949246254,-46.55235596542038,2,168.73
sao paulo,SP,-23.59343120937107,-46.63918870828599,5,1261.27
sao paulo,SP,-23.593413470194534,-46.48221685448949,3,151.88
sao paulo,SP,-23.593406680948608,-46.6857212639924,16,1685.96
sao paulo,SP,-23.593289291903176,-46.772505416655925,10,859.4200000000001
sao paulo,SP,-23.593221441898947,-46.67273270444528,3,347.9
sao paulo,SP,-23.593184555426912,-46.64315857695279,5,375.6
sao paulo,SP,-23.593140793201083,-46.55624663672745,4,323.3
sao paulo,SP,-23.59313242355028,-46.57686178753552,3,525.65
sao paulo,SP,-23.593127930787567,-46.67676098288305,18,2376.45
sao paulo,SP,-23.593007353279795,-46.655914200335275,2,110.37
sao paulo,SP,-23.59296728697988,-46.73607617353979,3,129.3
sao paulo,SP,-23.5928960129834,-46.642191057251566,7,343.26
sao paulo,SP,-23.592857540151993,-46.536598606568326,1,373.98
sao paulo,SP,-23.592775547444546,-46.601190643558255,6,795.94
sao paulo,SP,-23.592763616769293,-46.50006375816117,3,777.5
sao paulo,SP,-23.592648578580313,-46.53198943442184,8,863.37
sao paulo,SP,-23.592552355006298,-46.58181592882135,8,1250.29
sao paulo,SP,-23.592510950643614,-46.62549344482004,16,1765.93
sao paulo,SP,-23.592504115039187,-46.60240268369205,12,1136.78
sao paulo,SP,-23.592386803425217,-46.52581952770541,2,128.9
sao paulo,SP,-23.59236811649082,-46.553386099109616,6,1297.95
sao paulo,SP,-23.59233861916049,-46.60651734770442,9,1107.39
sao paulo,SP,-23.592234893589836,-46.736414231417946,1,49.0
sao paulo,SP,-23.592107686541567,-46.51977943663695,4,218.97
sao paulo,SP,-23.59195427807019,-46.511001578259545,4,559.7
sao paulo,SP,-23.591857673415593,-46.5675227859827,1,36.49
sao paulo,SP,-23.591681235609244,-46.77033832168364,2,124.0
sao paulo,SP,-23.591653111458154,-46.572390674258706,1,24.5
sao paulo,SP,-23.591582829320107,-46.67760011308458,5,1078.16
sao paulo,SP,-23.59152003183955,-46.70897102584593,3,429.31
sao paulo,SP,-23.59149435785685,-46.5447299370755,4,517.67
sao paulo,SP,-23.591459186919497,-46.61394648682921,4,375.42
sao paulo,SP,-23.591297628369098,-46.50534004112979,4,1093.8
sao paulo,SP,-23.591281998559445,-46.72003054986746,9,826.37
sao paulo,SP,-23.591274547225453,-46.67043121247023,6,391.33
sao paulo,SP,-23.59119618813417,-46.727095790625896,1,65.0
sao paulo,SP,-23.59115413482971,-46.61714577997248,1,129.9
sao paulo,SP,-23.590929518383746,-46.70129371980658,1,11.55
sao paulo,SP,-23.59081737916436,-46.53525232812153,10,1065.87
sao paulo,SP,-23.590807229752002,-46.49323179428735,3,474.78999999999996
sao paulo,SP,-23.59063676727138,-46.40544553714187,8,348.98
sao paulo,SP,-23.59062688490493,-46.60661223767748,5,649.8
sao paulo,SP,-23.59059525722111,-46.57730158280176,4,1118.39
sao paulo,SP,-23.59046704886793,-46.560989105830366,1,90.0
sao paulo,SP,-23.590460025128277,-46.604998590367984,1,109.97
sao paulo,SP,-23.590317795175192,-46.53928914700151,3,439.89
sao paulo,SP,-23.590310151882008,-46.723572458819376,5,576.8
sao paulo,SP,-23.5902863253944,-46.496457978801125,2,745.89
sao paulo,SP,-23.590284975563602,-46.64586546649826,6,694.8
sao paulo,SP,-23.590209890217753,-46.57783355507746,1,89.99
sao paulo,SP,-23.590094110409527,-46.60990210167488,2,108.9
sao paulo,SP,-23.59007805117624,-46.78607382169766,5,578.79
sao paulo,SP,-23.59002820753952,-46.527912598128275,1,52.99
sao paulo,SP,-23.590008404889527,-46.67555610804616,2,144.97
sao paulo,SP,-23.589955075176455,-46.41220586639826,8,1500.3400000000001
sao paulo,SP,-23.58990810921161,-46.712610238382645,3,637.9
sao paulo,SP,-23.589855473459437,-46.55935188578286,2,196.97
sao paulo,SP,-23.589847401363592,-46.632613806421325,7,1203.5900000000001
sao paulo,SP,-23.589821561881465,-46.62447165912772,10,2559.8199999999997
sao paulo,SP,-23.5896199835501,-46.4830528231164,3,205.5
sao paulo,SP,-23.589487918494665,-46.68100070686952,19,4700.93
sao paulo,SP,-23.58941316805441,-46.66942376820583,5,397.17
sao paulo,SP,-23.58937992523892,-46.51660400323707,3,676.0999999999999
sao paulo,SP,-23.58937783548387,-46.6303969650611,18,2047.75
sao paulo,SP,-23.589304591307975,-46.616960502299825,3,194.89
sao paulo,SP,-23.589279214292457,-46.681385300229394,10,829.29
sao paulo,SP,-23.589238662316703,-46.54789753087898,1,31.9
sao paulo,SP,-23.589137852305686,-46.76124463878243,4,289.59
sao paulo,SP,-23.58911875974283,-46.63631366826862,1,43.49
sao paulo,SP,-23.589061006060522,-46.7310331960079,1,420.0
sao paulo,SP,-23.589041319136143,-46.66304475295132,1,47.3
sao paulo,SP,-23.588815037875563,-46.738946314712344,2,81.89
sao paulo,SP,-23.58876457891091,-46.74010514664085,2,156.67000000000002
sao paulo,SP,-23.58865488968895,-46.72665430092211,1,109.9
sao paulo,SP,-23.588614272951972,-46.543918198532445,6,850.7
sao paulo,SP,-23.588548090189526,-46.39957872251529,8,1026.96
sao paulo,SP,-23.588522392161533,-46.53129129303778,3,216.08
sao paulo,SP,-23.588482596844702,-46.73790829286835,1,61.8
sao paulo,SP,-23.588457209884385,-46.57455217423434,3,497.85999999999996
sao paulo,SP,-23.58845659053836,-46.719338419798156,12,1683.87
sao paulo,SP,-23.588403626569537,-46.54991766678179,4,515.59
sao paulo,SP,-23.588380095778795,-46.80242673463387,8,748.79
sao paulo,SP,-23.58828746610215,-46.741709883898515,18,2775.49
sao paulo,SP,-23.58826580488752,-46.54307501484666,6,240.6
sao paulo,SP,-23.58820998645623,-46.64362845133982,6,1427.34
sao paulo,SP,-23.58817779733691,-46.54478573789748,1,36.0
sao paulo,SP,-23.5881505423226,-46.637982433644154,6,1195.2
sao paulo,SP,-23.58813433485479,-46.52972888497186,3,171.97
sao paulo,SP,-23.588064091115555,-46.78016277943383,1,199.0
sao paulo,SP,-23.587940309803887,-46.503306579806804,4,1195.8
sao paulo,SP,-23.587634592932183,-46.74933567487183,7,1047.6799999999998
sao paulo,SP,-23.587503659361758,-46.53687798250908,1,144.94
sao paulo,SP,-23.58741915450063,-46.581435332792104,4,492.89
sao paulo,SP,-23.587358989348647,-46.5078845519743,2,141.7
sao paulo,SP,-23.58735360067015,-46.61525833895386,2,21.990000000000002
sao paulo,SP,-23.58734432766691,-46.60324253151921,8,1244.96
sao paulo,SP,-23.587305819532002,-46.71740709961528,3,809.9
sao paulo,SP,-23.58728364111152,-46.586236596487716,1,53.9
sao paulo,SP,-23.58725130580715,-46.679195757569985,14,1173.92
sao paulo,SP,-23.587187931115963,-46.668105883238354,1,120.0
sao paulo,SP,-23.587137260977695,-46.77847248843924,2,333.6
sao paulo,SP,-23.586831106739375,-46.64178787882188,13,845.5400000000001
sao paulo,SP,-23.586664410257903,-46.551875160054564,3,278.98
sao paulo,SP,-23.58665318740991,-46.766901126399084,2,199.9
sao paulo,SP,-23.58654972414455,-46.488694256580914,8,2220.87
sao paulo,SP,-23.586521320546403,-46.643773910197844,20,3540.69
sao paulo,SP,-23.586508638071127,-46.770075653809656,4,372.66
sao paulo,SP,-23.58639253610522,-46.63229226089601,9,847.82
sao paulo,SP,-23.586383356957853,-46.52109253875302,1,85.0
sao paulo,SP,-23.58636550931363,-46.57107896083532,12,2002.28
sao paulo,SP,-23.586309176090325,-46.62381697602521,4,400.99
sao paulo,SP,-23.58621174235226,-46.57677124033353,1,127.8
sao paulo,SP,-23.586167165916905,-46.7270021009961,2,334.8
sao paulo,SP,-23.586165074198576,-46.601134770697186,10,771.35
sao paulo,SP,-23.586002562149023,-46.499637628336096,3,204.70000000000002
sao paulo,SP,-23.58593543223021,-46.735031727437764,3,276.62
sao paulo,SP,-23.585870841278773,-46.5879226741545,6,492.62
sao paulo,SP,-23.585843241196468,-46.52933704646297,3,498.69
sao paulo,SP,-23.585606749985566,-46.63379474748057,5,385.78
sao paulo,SP,-23.58553033019624,-46.60729259516161,7,989.98
sao paulo,SP,-23.58530794864278,-46.712629649871346,1,97.9
sao paulo,SP,-23.58527841249789,-46.561094301063065,6,826.79
sao paulo,SP,-23.585263747250234,-46.74059246298307,1,175.8
sao paulo,SP,-23.58524091453049,-46.604155019362594,3,209.38
sao paulo,SP,-23.58518494227737,-46.628951730756434,7,592.6800000000001
sao paulo,SP,-23.585118195937433,-46.62575392765557,6,889.6
sao paulo,SP,-23.584994977556416,-46.5558838612949,3,267.89
sao paulo,SP,-23.58498874015659,-46.76723184375316,15,1131.97
sao paulo,SP,-23.58493185433855,-46.637491864222405,4,595.98
sao paulo,SP,-23.58488074563091,-46.51558839644083,5,442.59000000000003
sao paulo,SP,-23.584878587470783,-46.61406872908836,2,76.1
sao paulo,SP,-23.584873378842612,-46.54140042451635,4,281.83000000000004
sao paulo,SP,-23.584825257710353,-46.66329246747442,1,144.9
sao paulo,SP,-23.58478957083073,-46.51127582828679,3,214.8
sao paulo,SP,-23.58476155729964,-46.58437200590849,10,879.21
sao paulo,SP,-23.584718362071662,-46.66567324634351,1,29.98
sao paulo,SP,-23.584693725806723,-46.63358591308799,4,317.6
sao paulo,SP,-23.58467849581474,-46.604375927671484,7,789.79
sao paulo,SP,-23.58444931155144,-46.6433025523181,12,1220.16
sao paulo,SP,-23.584344043487178,-46.67837486389917,6,321.38
sao paulo,SP,-23.584221095155648,-46.674052829159464,20,3004.96
sao paulo,SP,-23.584059003974733,-46.686376108944685,13,2366.71
sao paulo,SP,-23.584006787138744,-46.6878833963882,1,55.5
sao paulo,SP,-23.583987138697704,-46.54139703340978,12,1379.13
sao paulo,SP,-23.583879052782006,-46.71825524291442,2,639.0
sao paulo,SP,-23.58374451317806,-46.6747180313227,18,1278.02
sao paulo,SP,-23.583640893407363,-46.41564707660581,6,716.1800000000001
sao paulo,SP,-23.58355120189348,-46.53738366780584,5,409.89
sao paulo,SP,-23.583518010516418,-46.66697211332115,2,679.49
sao paulo,SP,-23.583275429079286,-46.78711576044637,4,667.59
sao paulo,SP,-23.583270893164062,-46.731440233956484,3,568.99
sao paulo,SP,-23.58322510184059,-46.54649564680368,4,458.88
sao paulo,SP,-23.5829939617234,-46.62112676164033,7,335.46
sao paulo,SP,-23.582952459935562,-46.64655809838422,10,1348.07
sao paulo,SP,-23.582930932860656,-46.72471072833963,2,40.49
sao paulo,SP,-23.58291958812837,-46.56674927098573,1,130.0
sao paulo,SP,-23.582734915185867,-46.61206211316414,6,1217.26
sao paulo,SP,-23.582587183333352,-46.52229628006048,3,328.47
sao paulo,SP,-23.582541073649487,-46.73993690651194,9,903.74
sao paulo,SP,-23.58251935861188,-46.50719416982447,5,703.6899999999999
sao paulo,SP,-23.582376976278088,-46.68670275509791,14,1908.99
sao paulo,SP,-23.58226466103988,-46.58223783172893,13,866.23
sao paulo,SP,-23.582256279462538,-46.530619916653386,1,15.0
sao paulo,SP,-23.582171130030517,-46.54403810283082,2,324.0
sao paulo,SP,-23.582023506777738,-46.519288628753785,4,660.49
sao paulo,SP,-23.58202339488089,-46.680628005426776,5,698.76
sao paulo,SP,-23.5819529588772,-46.70046837369603,2,232.89
sao paulo,SP,-23.581726207482788,-46.717939253782255,6,577.58
sao paulo,SP,-23.581695843051765,-46.67705269490649,20,1523.2
sao paulo,SP,-23.581664346279066,-46.673090513358254,13,1933.04
sao paulo,SP,-23.58156289845331,-46.49480257347051,2,85.97
sao paulo,SP,-23.581450833176703,-46.63502920959906,6,532.66
sao paulo,SP,-23.58120491421168,-46.736748619918494,2,299.99
sao paulo,SP,-23.581155752910252,-46.57129791330839,1,56.99
sao paulo,SP,-23.58100757658398,-46.7462060022269,8,827.99
sao paulo,SP,-23.58097414309849,-46.61831033162644,2,136.87
sao paulo,SP,-23.58092797491596,-46.76652456032927,5,476.8
sao paulo,SP,-23.580892577198817,-46.60589818401142,17,2214.9
sao paulo,SP,-23.58086319048309,-46.70882645305944,1,279.98
sao paulo,SP,-23.580853657771875,-46.5681712220399,4,394.99
sao paulo,SP,-23.5806348127697,-46.497651339956434,5,359.0
sao paulo,SP,-23.580631506933937,-46.651872373897575,7,592.9
sao paulo,SP,-23.5805541360028,-46.69112136854047,9,975.27
sao paulo,SP,-23.58042769440524,-46.791063284985086,1,195.9
sao paulo,SP,-23.580410586734697,-46.74276227935014,3,263.70000000000005
sao paulo,SP,-23.580395310431413,-46.59132639890193,3,128.98
sao paulo,SP,-23.580336737877833,-46.452840451483944,7,757.1
sao paulo,SP,-23.5802076656012,-46.705847279484594,1,49.99
sao paulo,SP,-23.580157159355213,-46.714306360643356,2,69.99000000000001
sao paulo,SP,-23.580100362305977,-46.58364057726932,1,37.0
sao paulo,SP,-23.58007120299786,-46.576212643217545,3,147.95000000000002
sao paulo,SP,-23.57999807539269,-46.53127968561287,4,197.89
sao paulo,SP,-23.579957248535976,-46.634202883993886,7,1030.72
sao paulo,SP,-23.579830303024895,-46.75751352696019,12,1783.98
sao paulo,SP,-23.579824059991815,-46.51489217667677,1,148.0
sao paulo,SP,-23.579639087518498,-46.775588039269955,8,993.03
sao paulo,SP,-23.57951699385565,-46.6440809335794,20,3234.4300000000003
sao paulo,SP,-23.579483742847152,-46.722741209699684,2,177.85000000000002
sao paulo,SP,-23.579356294221014,-46.5787697058454,10,539.03
sao paulo,SP,-23.579321845605374,-46.67017866896868,2,59.8
sao paulo,SP,-23.579237401325102,-46.73717989612341,6,463.76
sao paulo,SP,-23.579236019595633,-46.65382977275745,5,399.37
sao paulo,SP,-23.579225471669975,-46.760540268069505,10,904.45
sao paulo,SP,-23.579039318151207,-46.62195565179699,5,1172.09
sao paulo,SP,-23.578984352717093,-46.547211515685674,1,189.99
sao paulo,SP,-23.578895697578197,-46.580911246554,1,75.69999999999999
sao paulo,SP,-23.578872986402207,-46.579628694029914,9,548.58
sao paulo,SP,-23.578841832526,-46.56918187681089,1,29.9
sao paulo,SP,-23.57882679413245,-46.732463779012214,1,34.99
sao paulo,SP,-23.578737733571067,-46.564666883266675,5,842.78
sao paulo,SP,-23.578698545574266,-46.75225899980265,3,118.9
sao paulo,SP,-23.57849620088046,-46.557253555681584,3,439.40000000000003
sao paulo,SP,-23.578472614655194,-46.5821375439252,3,192.68
sao paulo,SP,-23.57840745461661,-46.66837295595987,3,331.7
sao paulo,SP,-23.578330962819138,-46.630307964709424,5,423.3
sao paulo,SP,-23.578315236347976,-46.64249418234512,8,902.4799999999999
sao paulo,SP,-23.578237896388124,-46.6798226933562,3,523.8
sao paulo,SP,-23.578232435468127,-46.76116671784081,1,259.9
sao paulo,SP,-23.57822996137488,-46.51295583386876,1,1230.0
sao paulo,SP,-23.578207852743585,-46.5185028363609,2,88.9
sao paulo,SP,-23.578171603805536,-46.50730740744439,3,244.89000000000001
sao paulo,SP,-23.577893206679747,-46.58816127890345,14,2499.2400000000002
sao paulo,SP,-23.577776656858884,-46.75608628761336,6,554.83
sao paulo,SP,-23.57775179456721,-46.636590642688674,12,1009.36
sao paulo,SP,-23.57761695863734,-46.60499462643593,1,131.35
sao paulo,SP,-23.577435950107763,-46.68698984950365,18,1791.64
sao paulo,SP,-23.577409657461164,-46.542863640094936,4,578.89
sao paulo,SP,-23.577346895605476,-46.55995457781836,2,234.8
sao paulo,SP,-23.577276892320537,-46.56338617640832,5,1013.73
sao paulo,SP,-23.577255432718097,-46.62163174221563,12,1062.33
sao paulo,SP,-23.577152250379054,-46.571300694429915,2,107.99
sao paulo,SP,-23.57703196637474,-46.64702162223933,19,1746.64
sao paulo,SP,-23.57698293467452,-46.587161274276774,3,265.18
sao paulo,SP,-23.576950287462473,-46.7045131405767,1,99.99
sao paulo,SP,-23.576927145286824,-46.613420785200006,11,1440.81
sao paulo,SP,-23.576914271928374,-46.591200610641565,1,119.99
sao paulo,SP,-23.576839765441044,-46.690987249007264,4,2111.6400000000003
sao paulo,SP,-23.57661194507641,-46.708665345823626,2,132.8
sao paulo,SP,-23.576485879805993,-46.6657860583567,1,584.9
sao paulo,SP,-23.576453178872974,-46.68518508958671,2,664.8
sao paulo,SP,-23.576384455529094,-46.662900007074334,3,179.99
sao paulo,SP,-23.576317533999337,-46.615586656693765,4,456.49
sao paulo,SP,-23.576312823278336,-46.623629347944245,3,235.8
sao paulo,SP,-23.57627417701988,-46.64871016894718,15,3572.27
sao paulo,SP,-23.576191543186116,-46.72398929376703,8,1094.49
sao paulo,SP,-23.576128521276864,-46.63177672317742,5,948.51
sao paulo,SP,-23.576128163715314,-46.74778945162779,6,606.6
sao paulo,SP,-23.57611691772789,-46.67995669824681,1,56.9
sao paulo,SP,-23.576111884428947,-46.67139205737759,9,4260.639999999999
sao paulo,SP,-23.576089220833886,-46.63873070008102,11,1490.27
sao paulo,SP,-23.57606763819209,-46.53256743678747,7,905.47
sao paulo,SP,-23.576016577083774,-46.74118636634992,9,898.7
sao paulo,SP,-23.57594065181062,-46.537575025132895,6,580.19
sao paulo,SP,-23.575937655054666,-46.72721564183399,6,498.16999999999996
sao paulo,SP,-23.575807250351687,-46.6586546272466,9,1785.5
sao paulo,SP,-23.575769062824676,-46.73811091503769,1,39.0
sao paulo,SP,-23.575764181570232,-46.56671945119023,3,198.89000000000001
sao paulo,SP,-23.575636933705557,-46.7327365312949,11,1519.39
sao paulo,SP,-23.575386881176925,-46.50810682935516,2,228.9
sao paulo,SP,-23.575237809829588,-46.69270350960497,1,224.16
sao paulo,SP,-23.57511058032759,-46.59767715841834,2,736.99
sao paulo,SP,-23.574996445978105,-46.68887938403559,12,1299.23
sao paulo,SP,-23.57488824640585,-46.54273361814581,5,234.5
sao paulo,SP,-23.574837390049076,-46.65739203989358,3,520.8
sao paulo,SP,-23.574835967738572,-46.4968087831783,31,3333.2
sao paulo,SP,-23.574814338967826,-46.67029927274052,2,593.52
sao paulo,SP,-23.5748005682571,-46.60588988095469,3,341.09000000000003
sao paulo,SP,-23.574749954919376,-46.636914266814095,2,179.9
sao paulo,SP,-23.574717793239905,-46.77914616930288,2,308.99
sao paulo,SP,-23.57469333734251,-46.51620620694581,5,588.6899999999999
sao paulo,SP,-23.574646544842807,-46.672377399015254,4,399.87
sao paulo,SP,-23.574634361418234,-46.76198683942051,9,779.59
sao paulo,SP,-23.57442284838845,-46.623137264431584,4,197.89
sao paulo,SP,-23.574409142174957,-46.52207894308278,2,119.2
sao paulo,SP,-23.57415476713049,-46.576454989091594,3,932.89
sao paulo,SP,-23.57412517058678,-46.77783928140484,6,338.63
sao paulo,SP,-23.573997250138934,-46.54875471796292,4,227.24
sao paulo,SP,-23.573844801343053,-46.527726580906304,2,149.8
sao paulo,SP,-23.57375699528639,-46.64628032471806,9,2522.01
sao paulo,SP,-23.573749811218654,-46.72884588851183,1,135.0
sao paulo,SP,-23.573720975073687,-46.62387176826929,6,592.67
sao paulo,SP,-23.57365747888405,-46.52991121436312,8,871.59
sao paulo,SP,-23.573611137323816,-46.64695540691907,12,2547.91
sao paulo,SP,-23.57349399308436,-46.73790458644005,2,365.8
sao paulo,SP,-23.573352042828578,-46.55291231300317,1,31.9
sao paulo,SP,-23.573283216931266,-46.769822400172856,7,896.88
sao paulo,SP,-23.573235541829785,-46.68752695447545,2,199.8
sao paulo,SP,-23.573100861060325,-46.415395875191386,24,2431.37
sao paulo,SP,-23.573064138567123,-46.584635050806845,3,265.38
sao paulo,SP,-23.57305660659289,-46.616150545611475,1,105.98
sao paulo,SP,-23.572995579130605,-46.71751393968258,2,649.99
sao paulo,SP,-23.572993076417532,-46.74712639600013,8,856.95
sao paulo,SP,-23.572964767577204,-46.70904207388072,1,59.99
sao paulo,SP,-23.572939479837185,-46.651114777209195,13,1219.1200000000001
sao paulo,SP,-23.57289853249542,-46.65924739236762,4,549.79
sao paulo,SP,-23.572786809489713,-46.67888556258398,2,136.25
sao paulo,SP,-23.572737912267932,-46.61268007361107,4,1535.3
sao paulo,SP,-23.57266059282205,-46.74092043660306,2,97.0
sao paulo,SP,-23.572561901348156,-46.59414385333224,3,268.99
sao paulo,SP,-23.57252570292904,-46.5148370350389,1,135.9
sao paulo,SP,-23.572433214905786,-46.625241361882196,5,618.38
sao paulo,SP,-23.57238120900142,-46.55064228636935,2,140.48000000000002
sao paulo,SP,-23.57231327115976,-46.53078049931551,2,177.8
sao paulo,SP,-23.57209282166687,-46.56426350322273,4,241.68
sao paulo,SP,-23.572079387384726,-46.51148786470064,6,682.61
sao paulo,SP,-23.5719391383778,-46.72553508344255,3,154.16
sao paulo,SP,-23.57190871426215,-46.75004411197405,5,2739.5
sao paulo,SP,-23.571902802099018,-46.755301357664806,5,396.88
sao paulo,SP,-23.571768850148334,-46.72230765403168,1,74.99
sao paulo,SP,-23.57166057600356,-46.57754993992758,3,468.9
sao paulo,SP,-23.571576957365867,-46.56366058582025,2,117.0
sao paulo,SP,-23.571485344157903,-46.51342385341175,1,1198.0
sao paulo,SP,-23.571454378388328,-46.752200205841,5,955.56
sao paulo,SP,-23.571450396276582,-46.647981460623974,15,2862.97
sao paulo,SP,-23.571395150080214,-46.71313074503129,2,78.9
sao paulo,SP,-23.57127586906544,-46.479396724588426,16,2008.6100000000001
sao paulo,SP,-23.57116812309982,-46.638364543350306,6,487.79
sao paulo,SP,-23.5711528559151,-46.62043601303771,4,227.79000000000002
sao paulo,SP,-23.571116033419372,-46.72532608356746,1,19.0
sao paulo,SP,-23.571114493732527,-46.40364794242946,5,540.16
sao paulo,SP,-23.57106582708015,-46.62406014113324,1,22.3
sao paulo,SP,-23.571044764791594,-46.664068614217655,2,113.88999999999999
sao paulo,SP,-23.57103798335723,-46.6880680072701,3,218.8
sao paulo,SP,-23.57099678375519,-46.590966642832335,5,558.93
sao paulo,SP,-23.57098061666265,-46.539238642298926,8,793.28
sao paulo,SP,-23.570946265426112,-46.71117220448642,6,885.34
sao paulo,SP,-23.570807810334056,-46.70495206215466,4,437.88
sao paulo,SP,-23.570760627713355,-46.632425247383914,4,328.98
sao paulo,SP,-23.570722273326364,-46.728570798796234,11,1063.5
sao paulo,SP,-23.570556985026897,-46.55585347909131,5,1475.79
sao paulo,SP,-23.570534217612966,-46.6361118769605,16,3989.84
sao paulo,SP,-23.570458404324405,-46.58202719807123,6,601.79
sao paulo,SP,-23.57034218772486,-46.551191324293775,2,263.88
sao paulo,SP,-23.570211693584675,-46.710839634895606,2,774.99
sao paulo,SP,-23.570043504777,-46.744242389233484,6,427.49
sao paulo,SP,-23.57002011767039,-46.5371719119412,2,188.9
sao paulo,SP,-23.57000883465067,-46.69425629805706,3,114.91
sao paulo,SP,-23.56992184763031,-46.559308759694915,4,369.3
sao paulo,SP,-23.56988247931966,-46.525535956916954,6,615.11
sao paulo,SP,-23.569803708774252,-46.67226487905968,1,46.4
sao paulo,SP,-23.56949069519509,-46.611321773237286,9,1354.56
sao paulo,SP,-23.5694696991052,-46.577833642505134,5,1487.7
sao paulo,SP,-23.56946837903707,-46.565964744802564,3,541.59
sao paulo,SP,-23.56944696738208,-46.50651111754464,2,165.9
sao paulo,SP,-23.569432511274663,-46.485960311324426,1,799.0
sao paulo,SP,-23.569347081794554,-46.53475011627656,3,104.74
sao paulo,SP,-23.56928410608017,-46.54352104423349,3,999.72
sao paulo,SP,-23.56925274057871,-46.61861697305809,5,418.49
sao paulo,SP,-23.569185616125903,-46.700107331040556,9,1033.59
sao paulo,SP,-23.569176049192887,-46.76340671361894,2,85.8
sao paulo,SP,-23.5691451171934,-46.65734766505131,27,4085.38
sao paulo,SP,-23.56911279343243,-46.52228690836457,11,1052.24
sao paulo,SP,-23.56903213145491,-46.623436273556386,7,899.1
sao paulo,SP,-23.56894449806347,-46.63008918820539,4,200.19
sao paulo,SP,-23.568801464537245,-46.57173940927547,9,814.39
sao paulo,SP,-23.568770707245974,-46.698109635231695,7,939.85
sao paulo,SP,-23.56875503877107,-46.65340944414581,17,2530.32
sao paulo,SP,-23.568729215612503,-46.738338940033856,6,752.76
sao paulo,SP,-23.568544733628446,-46.65578027665806,11,1432.78
sao paulo,SP,-23.568499943154574,-46.5118095802899,3,216.73000000000002
sao paulo,SP,-23.568467977263932,-46.552848544418744,4,190.20000000000002
sao paulo,SP,-23.56843915687453,-46.634555491641365,11,2447.96
sao paulo,SP,-23.568289458157125,-46.67817024606098,1,34.99
sao paulo,SP,-23.568268938910105,-46.68450786333133,1,44.99
sao paulo,SP,-23.56818767624104,-46.59475374901045,10,1795.1100000000001
sao paulo,SP,-23.568041456805936,-46.66139884320943,17,2543.58
sao paulo,SP,-23.567783274833246,-46.61340053805785,2,230.99
sao paulo,SP,-23.567637801926903,-46.51066886108543,1,58.0
sao paulo,SP,-23.56757017823066,-46.75443268365138,6,472.25
sao paulo,SP,-23.56754359015962,-46.626085143450275,8,1117.29
sao paulo,SP,-23.567453253500336,-46.58696054942472,3,168.8
sao paulo,SP,-23.567264096663575,-46.56287584689011,1,77.0
sao paulo,SP,-23.56711189502811,-46.66081341581779,8,1237.28
sao paulo,SP,-23.567010080253134,-46.6357981412501,7,603.19
sao paulo,SP,-23.566922054158674,-46.68744615053221,9,842.52
sao paulo,SP,-23.566860580458098,-46.63950529622234,11,1443.69
sao paulo,SP,-23.566821540316393,-46.54868787412384,2,169.95000000000002
sao paulo,SP,-23.566530732061704,-46.67861605515884,4,262.9
sao paulo,SP,-23.566503402340462,-46.74846875222399,3,167.37
sao paulo,SP,-23.56643505240895,-46.64756359661896,7,417.55
sao paulo,SP,-23.566232397361926,-46.487292648619615,12,1898.9
sao paulo,SP,-23.566055161787357,-46.56231417567179,2,127.80000000000001
sao paulo,SP,-23.565992940006023,-46.39822780052316,3,273.2
sao paulo,SP,-23.565952267759908,-46.630943918566196,12,1761.42
sao paulo,SP,-23.5658989985101,-46.76499828358517,4,214.79
sao paulo,SP,-23.56586039709828,-46.666031696326776,1,49.99
sao paulo,SP,-23.565855116526443,-46.43493844446316,20,2200.49
sao paulo,SP,-23.565851346289616,-46.62258150860084,2,70.94
sao paulo,SP,-23.56581730152117,-46.75268750755804,9,395.56
sao paulo,SP,-23.565769997404406,-46.491785722212086,9,969.6600000000001
sao paulo,SP,-23.56573478465023,-46.64147810312641,10,966.47
sao paulo,SP,-23.56568917151964,-46.550379699700066,3,474.99
sao paulo,SP,-23.56565329231192,-46.545506296059145,4,585.39
sao paulo,SP,-23.565568170182413,-46.50967704345247,2,1199.65
sao paulo,SP,-23.565561714195844,-46.58163873599627,8,1282.65
sao paulo,SP,-23.565231477049377,-46.51774770133647,7,1069.8400000000001
sao paulo,SP,-23.565205494688218,-46.69137334100538,3,107.30000000000001
sao paulo,SP,-23.565157667154747,-46.53785929885276,4,434.39
sao paulo,SP,-23.565123083728515,-46.75974396816675,8,2860.19
sao paulo,SP,-23.565122762523394,-46.55513072177074,6,443.88
sao paulo,SP,-23.565113424714426,-46.644944579328765,11,2237.24
sao paulo,SP,-23.565095619050492,-46.51856509433426,6,854.69
sao paulo,SP,-23.565052841636103,-46.54303059596458,3,454.99
sao paulo,SP,-23.56495275785184,-46.69205689698303,5,523.99
sao paulo,SP,-23.564770045306158,-46.627165924834166,3,265.91999999999996
sao paulo,SP,-23.564762579634394,-46.65513838518373,9,988.94
sao paulo,SP,-23.564629644939043,-46.53426768325187,4,284.85
sao paulo,SP,-23.56451690530695,-46.57388000989229,3,1244.89
sao paulo,SP,-23.564504609380947,-46.652792655953206,27,5186.45
sao paulo,SP,-23.56442551356133,-46.59443844252574,4,364.29
sao paulo,SP,-23.564254398809837,-46.67868429696031,3,2114.8
sao paulo,SP,-23.56424786754298,-46.66405956794994,10,1371.57
sao paulo,SP,-23.564243757501828,-46.59588883900269,3,375.3
sao paulo,SP,-23.564203478452267,-46.61689706470856,3,383.9
sao paulo,SP,-23.564178243780926,-46.58662065965341,4,471.84000000000003
sao paulo,SP,-23.56411614903987,-46.65527239864379,2,868.5
sao paulo,SP,-23.564047015296833,-46.68955362040895,1,19.8
sao paulo,SP,-23.564028977467743,-46.634953911249525,13,1135.79
sao paulo,SP,-23.563961910707366,-46.661132368415885,15,1335.7
sao paulo,SP,-23.563886379854015,-46.607867114762605,2,639.75
sao paulo,SP,-23.563838128273254,-46.68371871693125,7,2531.96
sao paulo,SP,-23.563651580737666,-46.66602412107524,2,269.9
sao paulo,SP,-23.563541620009783,-46.655949613048826,18,1788.98
sao paulo,SP,-23.56352617226263,-46.67716947296879,5,750.3
sao paulo,SP,-23.563520498719868,-46.59441804728763,4,976.9000000000001
sao paulo,SP,-23.563435490498804,-46.657916039196984,11,1784.83
sao paulo,SP,-23.563384434881428,-46.58303458980718,9,545.63
sao paulo,SP,-23.5633829397171,-46.69604286948893,4,1094.6
sao paulo,SP,-23.563373145822325,-46.49598895587591,8,566.09
sao paulo,SP,-23.563299264968794,-46.66015369245716,11,799.29
sao paulo,SP,-23.563270061400424,-46.599403915167215,8,922.63
sao paulo,SP,-23.56323994326225,-46.753607983205164,2,147.0
sao paulo,SP,-23.56321806595014,-46.69821444174412,8,1225.99
sao paulo,SP,-23.56317165882958,-46.64345614157524,17,2013.68
sao paulo,SP,-23.562831445869627,-46.66092524802457,14,1776.79
sao paulo,SP,-23.56275648502631,-46.539130233721046,6,804.56
sao paulo,SP,-23.562689754142866,-46.56674097733494,2,119.80000000000001
sao paulo,SP,-23.56266441471218,-46.64999665805783,5,384.09000000000003
sao paulo,SP,-23.56265442017587,-46.683853534109964,22,3092.43
sao paulo,SP,-23.56263199908356,-46.57834473156485,7,398.69
sao paulo,SP,-23.56243917352596,-46.62919220917374,11,1087.1399999999999
sao paulo,SP,-23.562320274061285,-46.69444918700148,4,1204.4
sao paulo,SP,-23.56212863488459,-46.64191854981315,15,1988.94
sao paulo,SP,-23.56204912797664,-46.65959031403356,6,531.78
sao paulo,SP,-23.56197752132482,-46.64728109566715,12,1174.25
sao paulo,SP,-23.56195888712988,-46.681457015325655,13,2672.32
sao paulo,SP,-23.561952157080817,-46.699324594426876,4,505.69
sao paulo,SP,-23.561814504124452,-46.664033954271915,3,355.89
sao paulo,SP,-23.56176774145944,-46.594883357217824,7,478.68
sao paulo,SP,-23.561652948469515,-46.65602130430728,14,1560.87
sao paulo,SP,-23.56146082458661,-46.6582620039177,15,3154.81
sao paulo,SP,-23.561457389840736,-46.60235392964307,5,537.2
sao paulo,SP,-23.561456812728604,-46.63294793571508,10,2676.38
sao paulo,SP,-23.5614338955358,-46.68984601367532,20,1995.49
sao paulo,SP,-23.56142363121043,-46.63583005941286,16,1918.47
sao paulo,SP,-23.561330955940804,-46.68516395817436,6,512.27
sao paulo,SP,-23.56123321885987,-46.563762332123375,4,165.4
sao paulo,SP,-23.561189658844302,-46.4744858431001,28,2752.77
sao paulo,SP,-23.56118590462289,-46.461300810486975,21,2391.65
sao paulo,SP,-23.561174444941713,-46.62150903166886,5,522.19
sao paulo,SP,-23.56114794395027,-46.514805328513454,1,30.0
sao paulo,SP,-23.5611333137124,-46.57891781335759,5,213.36
sao paulo,SP,-23.561029435925427,-46.59743645882205,7,553.49
sao paulo,SP,-23.561022122574336,-46.72778520240412,12,2062.12
sao paulo,SP,-23.56098128794099,-46.54936097955296,5,401.59000000000003
sao paulo,SP,-23.560948576672754,-46.68842233187831,17,1779.8600000000001
sao paulo,SP,-23.56092636240119,-46.62475706787166,2,159.8
sao paulo,SP,-23.560746830388826,-46.59337549310828,2,176.9
sao paulo,SP,-23.560692913961415,-46.6676885326705,12,913.85
sao paulo,SP,-23.560612330496145,-46.548679842297254,3,387.72999999999996
sao paulo,SP,-23.560480994979077,-46.68249824471937,10,1789.9299999999998
sao paulo,SP,-23.56044368724596,-46.55342163316598,3,194.14
sao paulo,SP,-23.56035694410431,-46.59085955513702,6,1194.65
sao paulo,SP,-23.560339094133642,-46.75091587091028,8,2107.4
sao paulo,SP,-23.560277353834195,-46.486643043032906,3,308.8
sao paulo,SP,-23.56018268375286,-46.60439300394291,9,950.49
sao paulo,SP,-23.56018263607969,-46.57136460021963,3,788.48
sao paulo,SP,-23.56013880748004,-46.53418582625566,1,109.9
sao paulo,SP,-23.560026286581977,-46.57345956175339,9,534.69
sao paulo,SP,-23.559996646549287,-46.58597349950898,8,716.24
sao paulo,SP,-23.559983225332942,-46.68503701766741,6,1011.6299999999999
sao paulo,SP,-23.559920265800766,-46.61598186753573,3,268.0
sao paulo,SP,-23.559837152315538,-46.40422992054099,13,1113.66
sao paulo,SP,-23.559765879649145,-46.68000930081466,6,699.72
sao paulo,SP,-23.5597406821794,-46.54514607053207,2,108.99000000000001
sao paulo,SP,-23.559713571324327,-46.58774602159286,4,139.39
sao paulo,SP,-23.55963335421223,-46.532860647783465,1,58.9
sao paulo,SP,-23.559623493719684,-46.663496455320605,4,724.61
sao paulo,SP,-23.559613278440462,-46.624003480698924,3,249.89000000000001
sao paulo,SP,-23.559568587578646,-46.65245164487606,2,220.01
sao paulo,SP,-23.559558667862476,-46.635032185031825,5,470.74
sao paulo,SP,-23.559513716962748,-46.53141042806182,2,195.9
sao paulo,SP,-23.559490137078797,-46.75475041981528,20,2535.48
sao paulo,SP,-23.559447989888127,-46.642412737332194,6,1013.87
sao paulo,SP,-23.55943763650649,-46.59142783067871,4,329.15
sao paulo,SP,-23.559378269055898,-46.62016401941447,9,689.27
sao paulo,SP,-23.559338434412677,-46.57097407073218,9,1162.46
sao paulo,SP,-23.559225790539955,-46.42863533666442,17,2022.18
sao paulo,SP,-23.559209262391253,-46.62318692012759,1,259.99
sao paulo,SP,-23.559190886834816,-46.683258167157895,4,630.9
sao paulo,SP,-23.55913133571593,-46.508841083131635,7,760.59
sao paulo,SP,-23.559073244239702,-46.615479964241814,7,915.0600000000001
sao paulo,SP,-23.559037886116048,-46.64945883730208,6,684.2
sao paulo,SP,-23.558964574972258,-46.704450419432995,3,509.36
sao paulo,SP,-23.558693394025415,-46.707885654216746,2,130.8
sao paulo,SP,-23.558689589004413,-46.52719871187624,2,310.34
sao paulo,SP,-23.558643530820014,-46.51925842773004,2,89.55
sao paulo,SP,-23.55858106603823,-46.53087655802969,3,262.1
sao paulo,SP,-23.55849530893288,-46.52911922454966,5,500.37
sao paulo,SP,-23.558428028280037,-46.50482670323088,3,195.9
sao paulo,SP,-23.558419833395508,-46.67754385165926,9,729.0600000000001
sao paulo,SP,-23.558371184517704,-46.58214904266699,12,1677.97
sao paulo,SP,-23.5582509581488,-46.48709243644674,1,63.92
sao paulo,SP,-23.558221837932248,-46.67895670433539,6,500.32
sao paulo,SP,-23.558146418434657,-46.63176589052542,3,1238.8899999999999
sao paulo,SP,-23.558109459809927,-46.53665447902611,1,69.9
sao paulo,SP,-23.55804162600032,-46.494188590809074,1,129.99
sao paulo,SP,-23.557955062291963,-46.639347399325395,2,89.80000000000001
sao paulo,SP,-23.557921743223737,-46.70292853041418,3,228.09
sao paulo,SP,-23.557709002952702,-46.63676937101554,6,428.68
sao paulo,SP,-23.5576145034479,-46.66911737948981,3,198.65
sao paulo,SP,-23.557606137546625,-46.6071959006922,9,1085.27
sao paulo,SP,-23.55760216498659,-46.63361528281082,2,127.9
sao paulo,SP,-23.557442816232015,-46.697259627609,3,396.0
sao paulo,SP,-23.557414360968973,-46.67498899407013,27,3053.63
sao paulo,SP,-23.557390163497686,-46.644458336676024,4,369.97
sao paulo,SP,-23.5573636691139,-46.49773604755222,6,1034.33
sao paulo,SP,-23.557152183891162,-46.689757770775486,2,565.4
sao paulo,SP,-23.556761492625874,-46.68041496436501,15,1862.3
sao paulo,SP,-23.55653901468896,-46.645439561798014,3,185.79
sao paulo,SP,-23.556513241391308,-46.60204784066848,18,2972.15
sao paulo,SP,-23.55629666932671,-46.507416039741784,4,341.48
sao paulo,SP,-23.55628409710373,-46.61636650804023,2,106.87
sao paulo,SP,-23.556238213645067,-46.640059865228494,16,1805.4
sao paulo,SP,-23.556208232336427,-46.561861385746525,7,925.28
sao paulo,SP,-23.556190575040848,-46.56912835039078,8,522.32
sao paulo,SP,-23.55615045196158,-46.4874194144826,2,149.8
sao paulo,SP,-23.556111699158382,-46.65057380587249,13,2404.2
sao paulo,SP,-23.55609171648326,-46.660462198375534,27,2918.05
sao paulo,SP,-23.556051532494394,-46.52261721063351,7,754.5
sao paulo,SP,-23.556017594529507,-46.7444443395459,7,356.87
sao paulo,SP,-23.555992686485013,-46.64679480230547,4,330.88
sao paulo,SP,-23.555981373614504,-46.65331111428114,10,924.25
sao paulo,SP,-23.555809968332557,-46.499637906526736,4,285.9
sao paulo,SP,-23.55574543477977,-46.61919393930692,6,596.24
sao paulo,SP,-23.55574490427214,-46.594607877507244,3,541.6
sao paulo,SP,-23.55568419758511,-46.544124185164286,5,671.4599999999999
sao paulo,SP,-23.555571407503006,-46.75882706366167,4,679.79
sao paulo,SP,-23.555544579963566,-46.5398554439582,2,52.33
sao paulo,SP,-23.555493080015935,-46.658452189500665,11,1859.64
sao paulo,SP,-23.55544278132932,-46.6909641580488,7,974.36
sao paulo,SP,-23.555368925356014,-46.677209571939315,23,2207.9
sao paulo,SP,-23.55526761118644,-46.63182476204627,2,91.9
sao paulo,SP,-23.555222884115267,-46.55109625319374,3,141.19
sao paulo,SP,-23.55521473546572,-46.643150740203204,1,59.9
sao paulo,SP,-23.55493816431263,-46.5684144488935,7,3212.61
sao paulo,SP,-23.554855228828732,-46.512090253222354,5,538.69
sao paulo,SP,-23.554793872613402,-46.64961491794625,9,615.46
sao paulo,SP,-23.554709416850855,-46.547856139532556,5,1010.47
sao paulo,SP,-23.55460594212854,-46.635492561139046,1,129.9
sao paulo,SP,-23.554474193503776,-46.75548753684523,1,59.99
sao paulo,SP,-23.55446111475351,-46.685353875370225,3,309.8
sao paulo,SP,-23.554397891852155,-46.59568963440545,4,599.84
sao paulo,SP,-23.55437781878454,-46.628337768628526,3,160.16
sao paulo,SP,-23.554245237556547,-46.61454015073124,5,371.48999999999995
sao paulo,SP,-23.554149135449844,-46.71601739435356,4,411.89
sao paulo,SP,-23.55408999997805,-46.640389095697635,13,1807.6100000000001
sao paulo,SP,-23.55408017455902,-46.75076525558695,3,237.39
sao paulo,SP,-23.554056434811184,-46.655202368713134,7,1372.1
sao paulo,SP,-23.553859823037847,-46.56304461876021,7,1020.65
sao paulo,SP,-23.55384247002896,-46.41230835575103,5,662.78
sao paulo,SP,-23.553785206718914,-46.649605096945386,21,2764.24
sao paulo,SP,-23.553725492206347,-46.522773265457644,3,478.8
sao paulo,SP,-23.55372153075535,-46.70042924915706,2,334.6
sao paulo,SP,-23.55371720607981,-46.629499097304134,7,692.27
sao paulo,SP,-23.55365998588404,-46.572282911105056,4,401.57
sao paulo,SP,-23.553641778735507,-46.452661287455555,32,3383.45
sao paulo,SP,-23.55354632675329,-46.53614248004922,6,604.86
sao paulo,SP,-23.55348129524968,-46.666318477031005,1,249.9
sao paulo,SP,-23.55347000551166,-46.58779032038253,5,260.69
sao paulo,SP,-23.55346844624653,-46.538489287569014,2,1100.8
sao paulo,SP,-23.553466543775304,-46.42832234144713,4,175.77
sao paulo,SP,-23.553462262411102,-46.73831415337872,6,447.26
sao paulo,SP,-23.553389803251502,-46.52528955902495,1,39.9
sao paulo,SP,-23.553298432082915,-46.49992444452221,1,37.9
sao paulo,SP,-23.55329347867089,-46.5842701422575,2,229.89000000000001
sao paulo,SP,-23.553256361644554,-46.47265844061828,7,545.47
sao paulo,SP,-23.55315642105912,-46.50308034321079,4,384.59999999999997
sao paulo,SP,-23.553150909841385,-46.75517660424381,6,479.88
sao paulo,SP,-23.553120259766178,-46.749808819934714,8,789.48
sao paulo,SP,-23.553081763436257,-46.695748959185224,6,778.18
sao paulo,SP,-23.553024977467047,-46.74524388209305,8,655.37
sao paulo,SP,-23.55295484539391,-46.6394328193213,9,679.88
sao paulo,SP,-23.552918598387432,-46.581431020500325,3,219.79
sao paulo,SP,-23.552915150652815,-46.593976495164206,8,1188.61
sao paulo,SP,-23.55281915934243,-46.401911673843536,10,714.69
sao paulo,SP,-23.55280914780571,-46.53652662971856,3,135.44
sao paulo,SP,-23.55277885309958,-46.63393189503633,5,815.88
sao paulo,SP,-23.55277801011571,-46.65320770049062,29,2664.96
sao paulo,SP,-23.552702742255768,-46.58532810957918,1,69.0
sao paulo,SP,-23.552640734461253,-46.64520437763303,5,468.70000000000005
sao paulo,SP,-23.552622735865256,-46.652538288772064,3,435.19999999999993
sao paulo,SP,-23.552539943539774,-46.50149166311137,2,123.97999999999999
sao paulo,SP,-23.55251588354359,-46.556935266177994,8,1063.69
sao paulo,SP,-23.552469356196873,-46.63548543836741,3,1305.69
sao paulo,SP,-23.55246537201064,-46.508179350341756,2,171.89000000000001
sao paulo,SP,-23.55238521104399,-46.54079133539388,1,79.6
sao paulo,SP,-23.55234512423792,-46.407940793112274,6,630.78
sao paulo,SP,-23.552336441109286,-46.536868564238475,1,25.0
sao paulo,SP,-23.55233565155142,-46.630049709845736,6,2540.45
sao paulo,SP,-23.552318105469983,-46.69818329551114,6,286.44
sao paulo,SP,-23.55229143827193,-46.69119744784082,2,198.89
sao paulo,SP,-23.55225668420784,-46.53486170808572,2,669.9
sao paulo,SP,-23.552198663300167,-46.610755136031585,3,230.99
sao paulo,SP,-23.55218662873847,-46.7497208088132,2,232.99
sao paulo,SP,-23.55195372644125,-46.72226780696264,4,254.44
sao paulo,SP,-23.55188165773143,-46.640727972716256,5,366.99
sao paulo,SP,-23.55178602949914,-46.57513411447355,2,167.94
sao paulo,SP,-23.551774137807584,-46.63089338270138,1,18.9
sao paulo,SP,-23.55169212845082,-46.62090771478923,1,55.0
sao paulo,SP,-23.551668533356004,-46.48650877535165,8,902.08
sao paulo,SP,-23.551639612978555,-46.690442312805956,12,1260.08
sao paulo,SP,-23.55161134287112,-46.5451367801885,2,199.9
sao paulo,SP,-23.551343532031716,-46.744182091106396,7,1122.07
sao paulo,SP,-23.55132779430134,-46.60360231234208,7,717.62
sao paulo,SP,-23.55117193042034,-46.565819974280096,3,60.97
sao paulo,SP,-23.55111641359409,-46.71877657594685,5,458.89
sao paulo,SP,-23.551038737265085,-46.54148574197491,6,1270.6999999999998
sao paulo,SP,-23.55090215973898,-46.59234068171788,7,605.66
sao paulo,SP,-23.550851539371195,-46.71112085549368,1,69.99
sao paulo,SP,-23.550733108510524,-46.586228515404805,2,77.99
sao paulo,SP,-23.550702971765354,-46.59043468474226,3,456.89
sao paulo,SP,-23.55062703734527,-46.714827602997055,2,761.74
sao paulo,SP,-23.550615745665016,-46.529145935286266,5,635.29
sao paulo,SP,-23.55058562363122,-46.435849908626615,11,1357.84
sao paulo,SP,-23.550472430843698,-46.538845956881254,3,392.99
sao paulo,SP,-23.55047071316334,-46.48017143402961,7,592.47
sao paulo,SP,-23.550461849189315,-46.55143656955179,3,277.9
sao paulo,SP,-23.550323040646223,-46.61366842076251,4,394.70000000000005
sao paulo,SP,-23.55010181145287,-46.636136735174176,2,834.8
sao paulo,SP,-23.550046202351666,-46.637251459637646,4,455.48
sao paulo,SP,-23.55000793162223,-46.58786140847144,1,35.0
sao paulo,SP,-23.54996611983163,-46.51639950144808,3,123.6
sao paulo,SP,-23.549923715045278,-46.623031043593336,10,979.23
sao paulo,SP,-23.549798842277006,-46.63475694378971,2,178.99
sao paulo,SP,-23.54972963028851,-46.53778402099835,2,115.8
sao paulo,SP,-23.549601578981413,-46.68940217758475,5,805.9
sao paulo,SP,-23.549584845417158,-46.62029999286664,3,302.78
sao paulo,SP,-23.54953127194786,-46.631023845552235,3,380.83
sao paulo,SP,-23.54950569815466,-46.64843251428849,13,1092.6399999999999
sao paulo,SP,-23.549456199830747,-46.63673294803691,6,490.59000000000003
sao paulo,SP,-23.549429360015026,-46.545728392936795,4,587.9
sao paulo,SP,-23.549367997934002,-46.584497398005304,3,137.79
sao paulo,SP,-23.549328970281223,-46.65089009868754,7,793.07
sao paulo,SP,-23.549298814989488,-46.59560376462505,5,638.5799999999999
sao paulo,SP,-23.54923674831532,-46.61994837184735,9,976.23
sao paulo,SP,-23.54922916358051,-46.64303023455153,7,594.39
sao paulo,SP,-23.549136139521046,-46.43942597939031,23,2245.02
sao paulo,SP,-23.549002921262293,-46.6495522786361,5,464.83
sao paulo,SP,-23.54899372481316,-46.635731309975874,1,89.99
sao paulo,SP,-23.54897640702995,-46.63235192955855,1,230.0
sao paulo,SP,-23.548914356972645,-46.60384461609752,1,12.97
sao paulo,SP,-23.5489099819139,-46.42292496090776,12,2899.96
sao paulo,SP,-23.54877610392689,-46.5547094962867,4,365.8
sao paulo,SP,-23.54876817034105,-46.528726088626264,3,536.69
sao paulo,SP,-23.548733452525227,-46.618448706004116,1,49.0
sao paulo,SP,-23.548689156518982,-46.56553813802192,9,1056.1100000000001
sao paulo,SP,-23.54854682449348,-46.700273746251476,3,641.89
sao paulo,SP,-23.548533619126786,-46.51837016933719,1,129.99
sao paulo,SP,-23.54851526821456,-46.51423506990763,5,1011.79
sao paulo,SP,-23.548468109848923,-46.55831554588585,7,589.6800000000001
sao paulo,SP,-23.548376060703706,-46.60923671878623,7,1083.4099999999999
sao paulo,SP,-23.54837451640475,-46.67484647170287,3,99.86999999999999
sao paulo,SP,-23.548120304994384,-46.65919184884556,10,1715.73
sao paulo,SP,-23.54804132392234,-46.70619922889088,3,253.39
sao paulo,SP,-23.548035167484148,-46.45929809989247,13,1158.16
sao paulo,SP,-23.547979572536395,-46.74671014273008,4,459.79
sao paulo,SP,-23.54791252484105,-46.6680263133255,1,66.71
sao paulo,SP,-23.547909115929066,-46.51891761077183,2,102.2
sao paulo,SP,-23.547819862841404,-46.54756093801649,2,88.0
sao paulo,SP,-23.547789733146864,-46.63485900505736,2,644.9
sao paulo,SP,-23.547773256174622,-46.682838349154586,1,69.9
sao paulo,SP,-23.547736758428403,-46.49499620393508,4,258.70000000000005
sao paulo,SP,-23.54766574938348,-46.631558570722675,2,97.78999999999999
sao paulo,SP,-23.547640483075995,-46.671972633543334,2,305.8
sao paulo,SP,-23.54761002719388,-46.499776496197256,4,440.70000000000005
sao paulo,SP,-23.5475837754449,-46.51853404810763,4,232.28
sao paulo,SP,-23.547582300496124,-46.58295189254021,1,166.99
sao paulo,SP,-23.547531387047787,-46.737052640125434,7,287.26
sao paulo,SP,-23.54743830172915,-46.564760508015254,5,1680.8400000000001
sao paulo,SP,-23.54725625814152,-46.69142521025253,3,204.8
sao paulo,SP,-23.54725423739727,-46.61712265714692,2,118.0
sao paulo,SP,-23.54718618772206,-46.55070588235865,3,249.2
sao paulo,SP,-23.5471420283239,-46.63423580006204,3,270.89
sao paulo,SP,-23.54711318884073,-46.63983987489639,7,1144.8400000000001
sao paulo,SP,-23.547101991190978,-46.55323324671282,7,680.59
sao paulo,SP,-23.547072226581733,-46.58905013348279,4,361.87
sao paulo,SP,-23.547067431340068,-46.521644390616956,7,660.46
sao paulo,SP,-23.54701123674601,-46.63916570493306,2,299.8
sao paulo,SP,-23.54690864025111,-46.63558202636042,5,255.7
sao paulo,SP,-23.546835208320868,-46.636490695312204,7,1206.5900000000001
sao paulo,SP,-23.54676331561429,-46.53676428855906,2,259.0
sao paulo,SP,-23.546724134529345,-46.574058052376294,4,276.96000000000004
sao paulo,SP,-23.546553455084585,-46.48340739286336,10,1448.54
sao paulo,SP,-23.546531423966456,-46.50224297637528,5,540.38
sao paulo,SP,-23.546530378903565,-46.56533761884635,12,1147.25
sao paulo,SP,-23.546506947085888,-46.65850174642453,6,851.73
sao paulo,SP,-23.546481275257445,-46.49189065896295,12,2048.53
sao paulo,SP,-23.546398864472796,-46.700593491657635,4,941.79
sao paulo,SP,-23.546369835319183,-46.68154172682528,2,175.9
sao paulo,SP,-23.546201912968815,-46.658384582733994,14,1742.5800000000002
sao paulo,SP,-23.546198248769173,-46.74727931271431,3,203.99
sao paulo,SP,-23.546188486894668,-46.75360726605516,10,1535.17
sao paulo,SP,-23.546187607081748,-46.64106743356167,6,754.47
sao paulo,SP,-23.54600174938346,-46.63588592135778,4,494.38
sao paulo,SP,-23.54599187988559,-46.509707571749665,2,156.8
sao paulo,SP,-23.545944543972997,-46.64936937401519,18,2361.95
sao paulo,SP,-23.545933324889106,-46.704956214851286,2,86.99
sao paulo,SP,-23.545930039168812,-46.64399751778182,18,2087.14
sao paulo,SP,-23.545918926841257,-46.57241377951438,5,401.3
sao paulo,SP,-23.545912805690417,-46.63361537124495,3,151.89
sao paulo,SP,-23.545804768050733,-46.695031475400825,1,74.99
sao paulo,SP,-23.545765991186382,-46.641502464541404,1,19.0
sao paulo,SP,-23.545598238423416,-46.64145267015315,3,168.89
sao paulo,SP,-23.545552102930774,-46.56741432795704,6,815.38
sao paulo,SP,-23.54552478660237,-46.65784019308335,6,509.34000000000003
sao paulo,SP,-23.545499193005302,-46.542983090673914,2,395.99
sao paulo,SP,-23.545439588315283,-46.62370679799756,1,129.9
sao paulo,SP,-23.545411016454082,-46.63892437204838,3,893.6999999999999
sao paulo,SP,-23.5453873793889,-46.608414384433935,3,164.3
sao paulo,SP,-23.54538472669783,-46.58532661209289,1,49.9
sao paulo,SP,-23.545383325422044,-46.74878306750925,5,349.77
sao paulo,SP,-23.5452929772419,-46.757646427509506,1,349.99
sao paulo,SP,-23.54528010314897,-46.55833696328076,10,696.08
sao paulo,SP,-23.545263294678225,-46.69152484976028,8,773.59
sao paulo,SP,-23.545203383248218,-46.58769816496116,3,421.4
sao paulo,SP,-23.545201180338456,-46.50581846324921,2,127.88000000000001
sao paulo,SP,-23.545189379286004,-46.657610856988455,12,1440.51
sao paulo,SP,-23.545147862770502,-46.57813032122694,2,62.89
sao paulo,SP,-23.545121578904666,-46.529347461372765,1,64.9
sao paulo,SP,-23.54511831482716,-46.53442235954943,1,59.9
sao paulo,SP,-23.54493260145606,-46.42885774341656,22,2996.37
sao paulo,SP,-23.54492912635292,-46.679164692087,1,19.9
sao paulo,SP,-23.544924829520014,-46.753330396337894,1,49.9
sao paulo,SP,-23.544921826153427,-46.631931335611945,1,173.0
sao paulo,SP,-23.544915845994655,-46.64831660641613,1,95.9
sao paulo,SP,-23.544867697472082,-46.64828171537101,10,649.08
sao paulo,SP,-23.54485294953175,-46.640410456031695,5,887.44
sao paulo,SP,-23.54485288651954,-46.496724221497885,5,383.4
sao paulo,SP,-23.54481729868081,-46.56210024419569,9,808.39
sao paulo,SP,-23.544797865169546,-46.692057063690925,1,78.0
sao paulo,SP,-23.544651733224047,-46.57571243111453,2,139.9
sao paulo,SP,-23.544559564048523,-46.51680506788675,4,468.6
sao paulo,SP,-23.544543356267315,-46.52427198932118,1,89.9
sao paulo,SP,-23.54454290742379,-46.54361934464544,2,100.60000000000001
sao paulo,SP,-23.544514011109737,-46.64603990221942,8,1157.39
sao paulo,SP,-23.54442842034299,-46.697302620784505,2,304.9
sao paulo,SP,-23.544376874492144,-46.56537640757623,8,1300.22
sao paulo,SP,-23.544342492642407,-46.61561991312254,1,134.9
sao paulo,SP,-23.544266492747727,-46.70810802164638,3,335.12
sao paulo,SP,-23.54418018293379,-46.60707887325989,5,505.58
sao paulo,SP,-23.544097889764192,-46.61270858234142,1,109.9
sao paulo,SP,-23.544088116558562,-46.6485821171502,11,1325.29
sao paulo,SP,-23.544037017325074,-46.686850912471364,16,3548.0699999999997
sao paulo,SP,-23.543999145187108,-46.40018673016034,16,2265.28
sao paulo,SP,-23.543959861560595,-46.502065904646244,4,517.8
sao paulo,SP,-23.543958416955746,-46.62165834699212,1,23.8
sao paulo,SP,-23.54390737962768,-46.63999380609391,2,182.99
sao paulo,SP,-23.54390458746036,-46.640046486444724,2,465.9
sao paulo,SP,-23.543832699802913,-46.54577257129143,2,366.70000000000005
sao paulo,SP,-23.543791843442868,-46.658543962529855,15,1477.79
sao paulo,SP,-23.54378826796292,-46.539900342655805,1,199.0
sao paulo,SP,-23.543728703704016,-46.52824199910873,4,510.7
sao paulo,SP,-23.543676442725722,-46.564045869879564,4,198.58999999999997
sao paulo,SP,-23.54360983905432,-46.687838575110746,12,1245.83
sao paulo,SP,-23.5434008390951,-46.75251285489482,11,1210.35
sao paulo,SP,-23.543388118202337,-46.55095501603787,9,922.6800000000001
sao paulo,SP,-23.54338155257484,-46.56683945708526,5,813.78
sao paulo,SP,-23.543337420255035,-46.680852402934015,3,419.89
sao paulo,SP,-23.54323445101232,-46.668724402289044,1,209.96999999999997
sao paulo,SP,-23.543150156894836,-46.490101309522785,1,879.0
sao paulo,SP,-23.543095270084798,-46.631059196217635,10,1082.8600000000001
sao paulo,SP,-23.543000459064803,-46.63214323386248,2,232.9
sao paulo,SP,-23.54293729376883,-46.74819291738546,3,258.47
sao paulo,SP,-23.54288578229564,-46.75596752145141,3,208.18
sao paulo,SP,-23.54282909583655,-46.60252438520744,6,658.77
sao paulo,SP,-23.542711372117605,-46.70247582378614,6,543.25
sao paulo,SP,-23.54268706956543,-46.62477459348309,2,384.9
sao paulo,SP,-23.542621497519352,-46.74377790425139,2,107.88000000000001
sao paulo,SP,-23.54258089570083,-46.620471224841296,3,259.8
sao paulo,SP,-23.542571396851145,-46.65424333104067,14,1610.22
sao paulo,SP,-23.542345366178562,-46.64252697570119,1,210.0
sao paulo,SP,-23.542330784361457,-46.63137340438761,1,148.9
sao paulo,SP,-23.542316865438963,-46.707584742379346,2,449.0
sao paulo,SP,-23.54231342761656,-46.603755470724025,5,305.0
sao paulo,SP,-23.54227577350867,-46.56634914104998,2,372.89
sao paulo,SP,-23.542213803434592,-46.56846284594724,3,520.8
sao paulo,SP,-23.542073101813642,-46.691757669424845,8,1088.67
sao paulo,SP,-23.54206447854545,-46.6056755897223,6,1384.8799999999999
sao paulo,SP,-23.542000785392425,-46.48484332598025,6,1925.48
sao paulo,SP,-23.54190585344045,-46.63508761691669,4,484.8
sao paulo,SP,-23.54181228101085,-46.73068651777813,10,1067.3899999999999
sao paulo,SP,-23.54177865147579,-46.65242233963953,22,3004.55
sao paulo,SP,-23.541753975470872,-46.67893404000763,5,470.8
sao paulo,SP,-23.541734532716237,-46.614660294316934,3,611.62
sao paulo,SP,-23.541648452336283,-46.641443277359336,3,461.0
sao paulo,SP,-23.541614488738944,-46.641549142526515,7,791.39
sao paulo,SP,-23.54154753142689,-46.57190644562642,3,287.44
sao paulo,SP,-23.54154695284625,-46.5606561048041,15,2416.23
sao paulo,SP,-23.541518342112003,-46.50490728663865,4,192.87
sao paulo,SP,-23.541418553843283,-46.68530389676934,5,162.98000000000002
sao paulo,SP,-23.54140143278026,-46.62990400057277,2,202.9
sao paulo,SP,-23.54138303936125,-46.711854471589234,1,147.14
sao paulo,SP,-23.541320398151313,-46.56603386637499,5,768.0
sao paulo,SP,-23.54128881428637,-46.64569860301066,7,1443.3
sao paulo,SP,-23.54120496664308,-46.5455983818347,1,69.9
sao paulo,SP,-23.54118379638801,-46.59684404591124,7,755.6700000000001
sao paulo,SP,-23.541167981686744,-46.518412149883325,5,331.19000000000005
sao paulo,SP,-23.541160884524327,-46.626430861439644,1,59.9
sao paulo,SP,-23.541128175943864,-46.719557452207845,9,1236.31
sao paulo,SP,-23.54108430841194,-46.589429401756824,6,622.79
sao paulo,SP,-23.541045951473873,-46.69384598745582,3,410.34999999999997
sao paulo,SP,-23.54100180166093,-46.710488757140794,3,184.95
sao paulo,SP,-23.54083843268054,-46.723687943886425,1,249.0
sao paulo,SP,-23.540809599311913,-46.615421277907195,2,479.9
sao paulo,SP,-23.5408009363057,-46.51177859182893,2,883.9
sao paulo,SP,-23.54073544589306,-46.60714574002064,3,677.79
sao paulo,SP,-23.540695255566067,-46.64158293572283,4,361.5
sao paulo,SP,-23.540582499843858,-46.599390126046785,2,74.99000000000001
sao paulo,SP,-23.540349417110892,-46.497120276226156,2,242.89000000000001
sao paulo,SP,-23.540291945676326,-46.630928059419446,1,1654.44
sao paulo,SP,-23.54026406363624,-46.70011263971829,8,763.58
sao paulo,SP,-23.540262855028377,-46.58495462693488,6,1169.78
sao paulo,SP,-23.540171867461595,-46.59168777265856,6,601.38
sao paulo,SP,-23.540124454559955,-46.63519354379768,2,285.02
sao paulo,SP,-23.540039340558916,-46.64209131081347,6,996.7
sao paulo,SP,-23.53994436316013,-46.439816187506,7,1366.9499999999998
sao paulo,SP,-23.539899237124583,-46.54740652791638,1,27.9
sao paulo,SP,-23.539895818294504,-46.48962525685057,5,249.79
sao paulo,SP,-23.53983233291428,-46.44479870320025,18,1013.41
sao paulo,SP,-23.53978602121373,-46.64913883151016,5,467.62
sao paulo,SP,-23.539762644573948,-46.53152854513408,4,457.79
sao paulo,SP,-23.539689562251546,-46.66424403546395,5,362.68
sao paulo,SP,-23.539657127270946,-46.6318842127058,4,388.69
sao paulo,SP,-23.539621418832557,-46.751462337436806,1,219.8
sao paulo,SP,-23.539553595497516,-46.704718778858336,6,880.54
sao paulo,SP,-23.53954929175343,-46.633023251513535,3,196.97
sao paulo,SP,-23.539311759230777,-46.40046988664183,11,1190.38
sao paulo,SP,-23.539271437077804,-46.635878084214845,6,2115.7
sao paulo,SP,-23.539175560135185,-46.63865415001012,3,175.89
sao paulo,SP,-23.5390781100868,-46.59060270875656,9,1928.26
sao paulo,SP,-23.539050227122882,-46.71577306475604,16,1512.3700000000001
sao paulo,SP,-23.539040428520742,-46.526612819183775,2,144.88
sao paulo,SP,-23.539032889594832,-46.67933270301829,9,1021.88
sao paulo,SP,-23.538901609843467,-46.657291130376834,17,1501.19
sao paulo,SP,-23.538842493961862,-46.645230453060144,6,730.05
sao paulo,SP,-23.538807529737483,-46.52012161328807,2,85.69
sao paulo,SP,-23.538805400349222,-46.530899791689514,2,1040.8
sao paulo,SP,-23.538660495662256,-46.63898204602016,1,15.0
sao paulo,SP,-23.538623910110676,-46.49447915291885,2,397.99
sao paulo,SP,-23.538518416965474,-46.49875811694485,2,136.39000000000001
sao paulo,SP,-23.538474755017642,-46.602033758703996,1,49.0
sao paulo,SP,-23.538432671918383,-46.586993819209084,2,311.8
sao paulo,SP,-23.53836700136658,-46.56911828842852,2,149.9
sao paulo,SP,-23.538362019256855,-46.548939723351076,1,172.14
sao paulo,SP,-23.53834207224249,-46.51257059337909,7,599.8900000000001
sao paulo,SP,-23.538258995605783,-46.61510842070545,2,159.99
sao paulo,SP,-23.5381371487334,-46.6767883913836,17,2942.35
sao paulo,SP,-23.538082328385336,-46.6306686750678,3,797.89
sao paulo,SP,-23.538010108905684,-46.652719268127555,14,2870.48
sao paulo,SP,-23.53783925958698,-46.53862535889188,2,173.88
sao paulo,SP,-23.53775963910294,-46.57342741029837,8,768.11
sao paulo,SP,-23.53775271871811,-46.55409683520587,5,425.79
sao paulo,SP,-23.537669109995164,-46.66814022488543,11,747.14
sao paulo,SP,-23.53757657410565,-46.648837901189005,6,515.7
sao paulo,SP,-23.53755537000389,-46.53822847017661,3,203.89000000000001
sao paulo,SP,-23.537473191735714,-46.535705787101215,4,170.89000000000001
sao paulo,SP,-23.53743458982452,-46.59595450179983,6,543.99
sao paulo,SP,-23.537410323865345,-46.4665830677809,11,900.89
sao paulo,SP,-23.537393590878054,-46.57674715135936,11,1128.31
sao paulo,SP,-23.537371432201045,-46.578948292315204,3,194.99
sao paulo,SP,-23.537113672238494,-46.67967840241485,29,5619.62
sao paulo,SP,-23.53706544933457,-46.69284283306206,3,99.07
sao paulo,SP,-23.537064916608408,-46.61508205976657,2,179.9
sao paulo,SP,-23.53699921187588,-46.44959406372339,22,2145.75
sao paulo,SP,-23.536950407426133,-46.65925589278497,12,4412.2699999999995
sao paulo,SP,-23.53694199495497,-46.541707931415154,2,169.89000000000001
sao paulo,SP,-23.536714276862273,-46.66466630391698,1,85.8
sao paulo,SP,-23.536697990905008,-46.56809001344711,3,739.86
sao paulo,SP,-23.536603102561838,-46.610939566633434,2,183.8
sao paulo,SP,-23.536591894837063,-46.67012078945233,10,806.56
sao paulo,SP,-23.536528170512202,-46.54238297128411,8,1382.03
sao paulo,SP,-23.53650149461516,-46.64036116340707,2,154.0
sao paulo,SP,-23.536490774893963,-46.64264196680963,1,93.49
sao paulo,SP,-23.53642800353018,-46.65742601137803,12,2139.69
sao paulo,SP,-23.536310405918027,-46.65711200863413,25,3031.08
sao paulo,SP,-23.536246540149957,-46.66166521796578,8,1949.99
sao paulo,SP,-23.536167399914945,-46.64754185786535,3,484.8
sao paulo,SP,-23.53608280967418,-46.649539390469315,7,833.88
sao paulo,SP,-23.535992639468514,-46.64408982260722,5,1507.97
sao paulo,SP,-23.53596465666132,-46.64529955632679,5,659.7
sao paulo,SP,-23.53589347714359,-46.529076154028225,3,235.9
sao paulo,SP,-23.535876547109396,-46.67093885147919,9,1495.8899999999999
sao paulo,SP,-23.53586368511747,-46.64281871336397,2,128.89
sao paulo,SP,-23.53583699295913,-46.523108636005084,8,818.21
sao paulo,SP,-23.535806868559458,-46.509600024807966,3,381.98
sao paulo,SP,-23.535783335551105,-46.6817146094127,14,1353.1299999999999
sao paulo,SP,-23.53556755719745,-46.50420977477025,4,236.68
sao paulo,SP,-23.53553345873529,-46.72963723549799,5,347.34999999999997
sao paulo,SP,-23.53546844605213,-46.630290773383486,6,567.59
sao paulo,SP,-23.535419303134443,-46.565391144742165,7,1706.75
sao paulo,SP,-23.5353161892798,-46.614312939687885,3,201.9
sao paulo,SP,-23.53519580423248,-46.679813628314406,9,1279.08
sao paulo,SP,-23.53516852031464,-46.497267848770896,1,58.9
sao paulo,SP,-23.53510381416933,-46.60962590198537,4,453.79999999999995
sao paulo,SP,-23.53510134639545,-46.667791594369376,13,3224.85
sao paulo,SP,-23.535007209563116,-46.514903811860755,2,328.9
sao paulo,SP,-23.534966788153234,-46.518013403734145,1,112.49
sao paulo,SP,-23.534961347519186,-46.53859119194969,1,49.9
sao paulo,SP,-23.534948702752573,-46.73391596448144,2,118.89
sao paulo,SP,-23.534921206536914,-46.52716376873034,3,223.99
sao paulo,SP,-23.53489710183603,-46.41222140930638,5,478.78999999999996
sao paulo,SP,-23.53488034186273,-46.6805692207545,15,1467.4
sao paulo,SP,-23.534846815036378,-46.6884523411009,3,123.9
sao paulo,SP,-23.534801796444473,-46.43389170098682,5,806.88
sao paulo,SP,-23.53477609449016,-46.671765005244886,13,1362.79
sao paulo,SP,-23.534769461616957,-46.68416827604059,13,1256.96
sao paulo,SP,-23.534740026397674,-46.53293130897663,9,1056.25
sao paulo,SP,-23.53457340349239,-46.675109589900636,6,594.2
sao paulo,SP,-23.53457301407031,-46.68229313418208,9,778.63
sao paulo,SP,-23.534434951408112,-46.55699903914939,4,418.87
sao paulo,SP,-23.534221738343234,-46.50685724306077,2,121.49000000000001
sao paulo,SP,-23.534185149645936,-46.61368134720554,4,354.9
sao paulo,SP,-23.534131171711177,-46.67859103997379,11,2311.65
sao paulo,SP,-23.534131081850752,-46.483452849598166,2,209.89000000000001
sao paulo,SP,-23.53409398177586,-46.629077680173324,2,310.77000000000004
sao paulo,SP,-23.53401758945805,-46.56152031333655,6,493.48
sao paulo,SP,-23.53384157170314,-46.688212912351474,20,1920.5900000000001
sao paulo,SP,-23.533798010777907,-46.51787272388276,1,689.7
sao paulo,SP,-23.533742576459336,-46.64828045105447,8,1037.42
sao paulo,SP,-23.533543038836097,-46.410417837965745,22,1651.44
sao paulo,SP,-23.53350314898925,-46.489689619332864,1,196.8
sao paulo,SP,-23.533493438448822,-46.7113009791481,3,589.4
sao paulo,SP,-23.53347417057028,-46.57092785075374,5,251.44
sao paulo,SP,-23.53342246225688,-46.60497703630568,4,614.55
sao paulo,SP,-23.533393419283758,-46.41751608018297,16,1435.43
sao paulo,SP,-23.533374471737652,-46.73128132257116,1,12.0
sao paulo,SP,-23.533315535483414,-46.48026358920511,2,109.89
sao paulo,SP,-23.533308961038095,-46.56975840842568,4,872.79
sao paulo,SP,-23.533203550140836,-46.50341967916688,2,282.9
sao paulo,SP,-23.533127593964494,-46.647833807450674,5,2655.9
sao paulo,SP,-23.533075460910187,-46.56853276159788,2,118.08000000000001
sao paulo,SP,-23.532956160041532,-46.716796816499084,19,1838.38
sao paulo,SP,-23.53295302359728,-46.658245942661345,5,377.39
sao paulo,SP,-23.532906463160966,-46.578497509810916,12,1720.22
sao paulo,SP,-23.53270402146554,-46.68485034486324,16,3430.34
sao paulo,SP,-23.532683468084457,-46.66558631421479,5,802.19
sao paulo,SP,-23.532666481685723,-46.70313446547825,3,447.78
sao paulo,SP,-23.532660884264402,-46.55000833612705,5,706.5899999999999
sao paulo,SP,-23.532657557836487,-46.648883992986306,3,419.09999999999997
sao paulo,SP,-23.532637983001585,-46.51224065273996,4,447.78
sao paulo,SP,-23.532438323637052,-46.56432027972277,4,818.53
sao paulo,SP,-23.5324148093303,-46.705115400038366,11,1127.76
sao paulo,SP,-23.53234482119938,-46.67128073797279,7,558.0600000000001
sao paulo,SP,-23.53233839396173,-46.610805277446296,1,89.9
sao paulo,SP,-23.53230248941005,-46.611344315772754,2,360.31
sao paulo,SP,-23.532297233926677,-46.69237775727361,8,1465.39
sao paulo,SP,-23.53213299466632,-46.70721097995575,1,43.0
sao paulo,SP,-23.532071320207496,-46.47633256338806,13,2154.12
sao paulo,SP,-23.532068071956985,-46.39737526240547,15,1029.76
sao paulo,SP,-23.532032423465594,-46.70834569055956,5,524.89
sao paulo,SP,-23.53196981245758,-46.729495855123915,6,262.59000000000003
sao paulo,SP,-23.53178641315571,-46.47668101933017,3,395.77
sao paulo,SP,-23.531755578002794,-46.555744487164944,2,389.79999999999995
sao paulo,SP,-23.531680926472,-46.580702146286285,11,1236.44
sao paulo,SP,-23.5316741923937,-46.511354888569514,4,243.37
sao paulo,SP,-23.531657781757946,-46.49138352910662,4,840.73
sao paulo,SP,-23.531641584683715,-46.656288753249086,8,677.12
sao paulo,SP,-23.531636030985307,-46.57548705482902,7,439.76
sao paulo,SP,-23.53136421058653,-46.61113186346305,4,410.8
sao paulo,SP,-23.53125923032842,-46.69735447980675,5,973.88
sao paulo,SP,-23.531249798864057,-46.648325141054045,4,352.8
sao paulo,SP,-23.53123454241979,-46.50691508220304,2,76.9
sao paulo,SP,-23.531185574566056,-46.43800716828812,5,506.69
sao paulo,SP,-23.53118130656894,-46.54137488011542,4,339.99
sao paulo,SP,-23.53113059653861,-46.638324826141925,7,1628.8700000000001
sao paulo,SP,-23.531106068807183,-46.62163067205092,2,378.9
sao paulo,SP,-23.531039542235845,-46.51583258285471,3,201.3
sao paulo,SP,-23.531016459504624,-46.56101663725986,3,370.19
sao paulo,SP,-23.531012010289658,-46.60081028219831,4,336.43
sao paulo,SP,-23.53064659894434,-46.73645255291076,2,144.7
sao paulo,SP,-23.53057164602443,-46.68941279731024,8,604.3000000000001
sao paulo,SP,-23.53056157287374,-46.726887072481645,18,1832.74
sao paulo,SP,-23.530535897249937,-46.65929570388055,9,1769.6299999999999
sao paulo,SP,-23.530493394588728,-46.69776897309333,3,148.04999999999998
sao paulo,SP,-23.530444820043762,-46.609481065255224,3,2015.97
sao paulo,SP,-23.530400348707786,-46.68480884532254,4,520.97
sao paulo,SP,-23.530395619220243,-46.5659723566192,9,2080.56
sao paulo,SP,-23.530252629964927,-46.56711051588779,5,411.78000000000003
sao paulo,SP,-23.53022077513783,-46.62822125953078,2,103.94999999999999
sao paulo,SP,-23.530162529753113,-46.63951141166309,3,389.9
sao paulo,SP,-23.530141722649656,-46.68540942891025,7,475.76
sao paulo,SP,-23.529930846298754,-46.653549086904356,8,722.79
sao paulo,SP,-23.529884845741268,-46.65527643333266,5,470.3
sao paulo,SP,-23.52982460593583,-46.618173551632395,5,2444.55
sao paulo,SP,-23.529819075625564,-46.461783039724,13,863.9300000000001
sao paulo,SP,-23.529741765016464,-46.7217414848661,2,269.87
sao paulo,SP,-23.529578613107866,-46.5459514502036,1,119.0
sao paulo,SP,-23.529559052256946,-46.62416567670172,2,299.0
sao paulo,SP,-23.529507664786873,-46.67354758252886,5,438.27000000000004
sao paulo,SP,-23.529496202884623,-46.48159664503567,3,320.8
sao paulo,SP,-23.529164543710603,-46.636582392674725,6,364.26
sao paulo,SP,-23.529072884025176,-46.66331995168207,4,1178.8
sao paulo,SP,-23.528921138302913,-46.66643724514499,5,501.13
sao paulo,SP,-23.528802344007516,-46.69529718040593,2,133.87
sao paulo,SP,-23.52866988395519,-46.495664760207454,5,746.15
sao paulo,SP,-23.52864231226849,-46.70861780278875,8,540.64
sao paulo,SP,-23.52860786810144,-46.694718110537536,4,519.19
sao paulo,SP,-23.528459769717426,-46.47831604402804,7,739.36
sao paulo,SP,-23.52842383306457,-46.557854112532354,4,230.07999999999998
sao paulo,SP,-23.52838382611642,-46.739954255326694,16,2727.08
sao paulo,SP,-23.528238244935558,-46.54152974201262,4,135.18
sao paulo,SP,-23.528221233825743,-46.6330954010969,1,149.95
sao paulo,SP,-23.52813993698203,-46.50066365277143,4,699.79
sao paulo,SP,-23.527952279641305,-46.484053482855046,4,807.98
sao paulo,SP,-23.527866658998825,-46.635256920492864,4,453.76
sao paulo,SP,-23.527681032654787,-46.73062332314681,26,3360.05
sao paulo,SP,-23.527633485977958,-46.50400413075323,3,102.73
sao paulo,SP,-23.52759012897522,-46.67569282148756,5,1327.96
sao paulo,SP,-23.527474821362656,-46.67379367245716,7,943.32
sao paulo,SP,-23.527430208285203,-46.69602838486034,13,1358.24
sao paulo,SP,-23.52742879094843,-46.52388211510213,3,102.89
sao paulo,SP,-23.527347721170074,-46.71423209405689,1,69.0
sao paulo,SP,-23.52728844957164,-46.64016432350874,3,259.53000000000003
sao paulo,SP,-23.527259032999194,-46.61149456906236,3,293.87
sao paulo,SP,-23.527232171325494,-46.63035441819986,1,29.9
sao paulo,SP,-23.527230725986072,-46.71459945522313,2,334.55
sao paulo,SP,-23.527197944134965,-46.52313641625975,3,260.4
sao paulo,SP,-23.527098367014467,-46.700544430613625,3,270.83
sao paulo,SP,-23.526901031009327,-46.561864433658876,14,2038.34
sao paulo,SP,-23.52689509261913,-46.423911194933886,13,1323.8
sao paulo,SP,-23.52685922041741,-46.471072057762875,21,2778.2200000000003
sao paulo,SP,-23.526801346285957,-46.49679065084683,5,524.5
sao paulo,SP,-23.526762381710167,-46.61837884296803,2,69.8
sao paulo,SP,-23.52673778216916,-46.51986041346078,7,915.37
sao paulo,SP,-23.526589649122574,-46.59169265929573,1,134.0
sao paulo,SP,-23.526481930880937,-46.48639537704244,7,909.12
sao paulo,SP,-23.526403555131704,-46.53563962218781,4,369.38
sao paulo,SP,-23.52619042672918,-46.650970041202214,7,397.46999999999997
sao paulo,SP,-23.52608789203137,-46.6295898871866,3,780.8
sao paulo,SP,-23.526011231022633,-46.72888764873891,3,766.89
sao paulo,SP,-23.526008583418218,-46.53344298946832,3,215.8
sao paulo,SP,-23.525957810107155,-46.52763523808948,5,999.8499999999999
sao paulo,SP,-23.52591169810235,-46.60487874214039,4,833.79
sao paulo,SP,-23.525853818377094,-46.5402823163308,4,660.9200000000001
sao paulo,SP,-23.525700606115237,-46.691691746509825,7,729.51
sao paulo,SP,-23.525606585389156,-46.50982040016808,1,76.5
sao paulo,SP,-23.52558072833697,-46.61466092986007,1,90.0
sao paulo,SP,-23.52557140695574,-46.63028748439394,1,37.0
sao paulo,SP,-23.52548080336663,-46.64159548852641,3,142.93
sao paulo,SP,-23.525471188196192,-46.52961502004318,3,439.59000000000003
sao paulo,SP,-23.525443166135744,-46.49841987054645,3,62.699999999999996
sao paulo,SP,-23.525428760068145,-46.51380633487217,2,47.0
sao paulo,SP,-23.52535288088691,-46.726361649688975,2,249.0
sao paulo,SP,-23.525352524106367,-46.69940378835367,8,633.85
sao paulo,SP,-23.525219436926424,-46.517028705036076,8,1240.49
sao paulo,SP,-23.525209057038595,-46.58402154568834,1,510.0
sao paulo,SP,-23.52512293359494,-46.54710748001008,5,337.72
sao paulo,SP,-23.52505543417437,-46.53176550786243,3,428.7
sao paulo,SP,-23.52504164129597,-46.543525157721845,2,110.05000000000001
sao paulo,SP,-23.524873537668174,-46.50607493314839,2,243.98000000000002
sao paulo,SP,-23.524865682198147,-46.52727642100157,8,1269.49
sao paulo,SP,-23.524859717457527,-46.69201008546271,3,184.89
sao paulo,SP,-23.52468838057328,-46.500575964282,1,76.25
sao paulo,SP,-23.52430820161642,-46.725893626863424,2,109.89
sao paulo,SP,-23.52420779617473,-46.735168117522065,1,69.9
sao paulo,SP,-23.524205498263928,-46.5500753350173,1,14.99
sao paulo,SP,-23.524144877528823,-46.47840266563504,11,1366.55
sao paulo,SP,-23.524069638251827,-46.50252776981469,1,51.67
sao paulo,SP,-23.524051385464382,-46.64507304012999,5,273.69
sao paulo,SP,-23.5240192194707,-46.728718435645476,2,122.0
sao paulo,SP,-23.523986920181713,-46.66135135045779,1,29.9
sao paulo,SP,-23.523897299105567,-46.544992517739104,3,294.70000000000005
sao paulo,SP,-23.52385994109238,-46.695805542639675,3,224.8
sao paulo,SP,-23.52371731191255,-46.55062103887984,4,324.8
sao paulo,SP,-23.523590611508354,-46.44352739769452,20,5154.88
sao paulo,SP,-23.523572749295845,-46.67242459028445,2,615.99
sao paulo,SP,-23.52351290576994,-46.489321415761985,4,261.2
sao paulo,SP,-23.523494575847014,-46.701412136581084,7,601.84
sao paulo,SP,-23.523157775633795,-46.68532072557366,5,971.6899999999999
sao paulo,SP,-23.52314469103527,-46.45294985547406,13,1144.27
sao paulo,SP,-23.522969820693564,-46.61740679867138,4,129.76999999999998
sao paulo,SP,-23.522923542862056,-46.57242472056035,1,42.99
sao paulo,SP,-23.522897002052254,-46.70627876738095,3,343.13
sao paulo,SP,-23.522851480322114,-46.65280923153935,4,177.1
sao paulo,SP,-23.522758169869864,-46.708729375844285,9,1026.08
sao paulo,SP,-23.522728524116843,-46.50003339479818,2,119.88
sao paulo,SP,-23.522695763662153,-46.581619908769134,3,124.0
sao paulo,SP,-23.522570428298284,-46.742171255002454,3,278.70000000000005
sao paulo,SP,-23.522569245073274,-46.54756099167577,1,185.0
sao paulo,SP,-23.522455823939264,-46.65525390366426,5,1088.79
sao paulo,SP,-23.522379737671027,-46.64310784736644,8,850.13
sao paulo,SP,-23.52234061820575,-46.52866708321342,2,152.89000000000001
sao paulo,SP,-23.52228468236858,-46.48657992923603,1,78.0
sao paulo,SP,-23.522252457977448,-46.507181296243964,7,1591.69
sao paulo,SP,-23.52207346590666,-46.71022243914983,2,305.79
sao paulo,SP,-23.521920013038716,-46.48230181370053,3,149.79
sao paulo,SP,-23.521664986950224,-46.570523876507146,7,445.49
sao paulo,SP,-23.521544604351476,-46.46654685686275,9,781.67
sao paulo,SP,-23.52154004341396,-46.51139904429671,6,721.79
sao paulo,SP,-23.52153987930432,-46.64873923331728,3,399.88
sao paulo,SP,-23.521456756900132,-46.549809354708394,5,823.3100000000001
sao paulo,SP,-23.521422249326807,-46.70348444146703,1,49.99
sao paulo,SP,-23.520724956071753,-46.66593897144172,5,571.76
sao paulo,SP,-23.520605527352913,-46.579503398158735,1,129.97
sao paulo,SP,-23.520468042333363,-46.72051889455557,3,223.8
sao paulo,SP,-23.520451986134677,-46.51904595304809,3,246.89000000000001
sao paulo,SP,-23.52043844370904,-46.66923716844039,6,1050.08
sao paulo,SP,-23.52043348353363,-46.72668925401347,17,1351.73
sao paulo,SP,-23.520410060508965,-46.568235339069005,5,1014.78
sao paulo,SP,-23.520310325905555,-46.666439013917504,5,1093.7
sao paulo,SP,-23.51995453281058,-46.539600813481556,3,262.8
sao paulo,SP,-23.519868716219744,-46.70559264189814,7,848.0500000000001
sao paulo,SP,-23.519665061102618,-46.48912230917957,2,1366.4
sao paulo,SP,-23.519557576858055,-46.537682988347285,1,89.9
sao paulo,SP,-23.51943354233597,-46.482423925401804,2,229.86999999999998
sao paulo,SP,-23.519210706362006,-46.56595570648479,1,32.0
sao paulo,SP,-23.519193185045893,-46.533632452774356,7,496.5
sao paulo,SP,-23.51917010830186,-46.49731177632416,3,90.89
sao paulo,SP,-23.519097465042975,-46.59553885431606,1,74.69999999999999
sao paulo,SP,-23.51900515519527,-46.602860931821475,7,497.59
sao paulo,SP,-23.518935662877965,-46.446072896679404,3,301.99
sao paulo,SP,-23.51891636478149,-46.597306882292315,2,189.79
sao paulo,SP,-23.518899939878285,-46.65269033643667,3,66.43
sao paulo,SP,-23.5188449946195,-46.69557271499828,5,319.76
sao paulo,SP,-23.518744840215422,-46.39134658040681,15,1604.29
sao paulo,SP,-23.518706655197015,-46.516312369734536,3,252.88
sao paulo,SP,-23.51868747737037,-46.56102075954839,1,54.0
sao paulo,SP,-23.51865496410495,-46.59365984819463,2,322.46
sao paulo,SP,-23.518635254069054,-46.41380664707032,21,2393.39
sao paulo,SP,-23.51858165831268,-46.499655678622155,1,99.9
sao paulo,SP,-23.51833180985304,-46.40367375241036,8,762.26
sao paulo,SP,-23.518296499409225,-46.49345095790639,2,164.87
sao paulo,SP,-23.518266587135187,-46.75168508830427,2,124.96000000000001
sao paulo,SP,-23.51808859140465,-46.5255037580733,2,226.13
sao paulo,SP,-23.51802010869821,-46.5276968730669,3,161.97
sao paulo,SP,-23.517720495682244,-46.589226620340014,4,322.79
sao paulo,SP,-23.517676960434017,-46.597964629407336,3,377.69
sao paulo,SP,-23.51767033875858,-46.75069273724154,4,374.8
sao paulo,SP,-23.517662520211978,-46.53169823121503,2,179.0
sao paulo,SP,-23.51764636147317,-46.51069908998601,1,134.9
sao paulo,SP,-23.51764300121214,-46.5927568776476,9,781.1
sao paulo,SP,-23.517499589303576,-46.53574289589707,3,659.61
sao paulo,SP,-23.51749485807657,-46.489876035907514,4,414.8
sao paulo,SP,-23.51748678878716,-46.42678744635807,16,2122.11
sao paulo,SP,-23.517448624283094,-46.59045121964739,2,119.38999999999999
sao paulo,SP,-23.51734415478188,-46.61213522693959,7,641.76
sao paulo,SP,-23.51719550809534,-46.60669921220444,3,186.7
sao paulo,SP,-23.51693358942602,-46.46491137251481,4,188.79
sao paulo,SP,-23.516236710003827,-46.70225483954603,1,35.0
sao paulo,SP,-23.516233168111665,-46.71996327187792,5,1222.72
sao paulo,SP,-23.516187484993495,-46.50269449839721,2,209.9
sao paulo,SP,-23.516031889977107,-46.54180709499331,1,369.8
sao paulo,SP,-23.516009423522977,-46.52195190977253,2,208.0
sao paulo,SP,-23.515977900238102,-46.54737185794936,3,390.39
sao paulo,SP,-23.515936930862505,-46.511791910391274,1,140.0
sao paulo,SP,-23.515886694400297,-46.574891587302986,1,20.3
sao paulo,SP,-23.515871385977842,-46.56490977736317,1,399.99
sao paulo,SP,-23.515676072388047,-46.68823275335754,13,2893.58
sao paulo,SP,-23.515459152449086,-46.48182177626829,2,74.9
sao paulo,SP,-23.51528265832235,-46.440756043913304,13,1483.03
sao paulo,SP,-23.515006511347323,-46.592774634882375,3,156.79000000000002
sao paulo,SP,-23.514909891888117,-46.51512662857478,1,69.0
sao paulo,SP,-23.51476791010142,-46.50250781663177,3,506.76
sao paulo,SP,-23.514760118569274,-46.48402845331888,1,432.25
sao paulo,SP,-23.51469915477194,-46.56748610841784,9,736.87
sao paulo,SP,-23.514608894293236,-46.699044536858196,7,562.49
sao paulo,SP,-23.51455919066742,-46.70669726579445,4,251.69
sao paulo,SP,-23.514491336420875,-46.50583753908581,1,527.9
sao paulo,SP,-23.5144865677303,-46.39218021781279,9,1019.86
sao paulo,SP,-23.51419155036292,-46.75279699545246,2,201.89
sao paulo,SP,-23.51405620319808,-46.5690600622993,4,545.3
sao paulo,SP,-23.514029731318836,-46.60712616164343,3,404.89
sao paulo,SP,-23.513909374808307,-46.4796773999334,3,170.94
sao paulo,SP,-23.51387705958752,-46.75621774505109,1,19.49
sao paulo,SP,-23.513814397376684,-46.55060393165683,2,87.9
sao paulo,SP,-23.513719395863195,-46.659342449309165,5,492.06
sao paulo,SP,-23.5136227076998,-46.68908004117692,8,802.66
sao paulo,SP,-23.513598902883622,-46.5730652850043,1,19.9
sao paulo,SP,-23.513592113967142,-46.486694759046436,2,125.99
sao paulo,SP,-23.5134974016135,-46.550244505909305,4,346.89
sao paulo,SP,-23.513380637840633,-46.74355765748278,2,160.8
sao paulo,SP,-23.513227598850428,-46.602792691111006,8,601.9
sao paulo,SP,-23.513177600747742,-46.50962989864799,2,129.99
sao paulo,SP,-23.513101136646352,-46.48929704571148,1,84.6
sao paulo,SP,-23.513077537836978,-46.467989003984286,10,1253.58
sao paulo,SP,-23.513066026188508,-46.63196817761764,4,434.29
sao paulo,SP,-23.513042100765297,-46.65199446742354,2,218.8
sao paulo,SP,-23.512974466155033,-46.607783784796915,1,54.99
sao paulo,SP,-23.51278444180859,-46.40688128770578,1,189.0
sao paulo,SP,-23.512655542442094,-46.7465413538589,1,35.0
sao paulo,SP,-23.512605770579775,-46.561456950973124,1,45.9
sao paulo,SP,-23.512505838269185,-46.55287886879138,3,349.8
sao paulo,SP,-23.512459731266134,-46.50082148805862,1,1199.9
sao paulo,SP,-23.51245733521404,-46.49550282965041,1,46.5
sao paulo,SP,-23.512302133311653,-46.60278807725412,1,59.9
sao paulo,SP,-23.512231288367147,-46.71517999827117,4,346.1
sao paulo,SP,-23.512229069220233,-46.58968331880412,1,129.8
sao paulo,SP,-23.51220780313036,-46.59263904944159,2,180.9
sao paulo,SP,-23.512206921570783,-46.4810904704257,5,723.8
sao paulo,SP,-23.512098356339056,-46.75732910234469,1,59.9
sao paulo,SP,-23.511974949211886,-46.717820262304606,1,129.89
sao paulo,SP,-23.511966093580153,-46.58386437718144,7,977.3499999999999
sao paulo,SP,-23.51192940840816,-46.731383691522915,2,309.77
sao paulo,SP,-23.51187783149391,-46.548887173171664,2,299.7
sao paulo,SP,-23.511838083991446,-46.579442496039015,1,89.0
sao paulo,SP,-23.511755711682806,-46.50577843503976,1,74.99
sao paulo,SP,-23.51161645469503,-46.491507657387004,6,254.08
sao paulo,SP,-23.51151757750734,-46.68380078247445,1,23.99
sao paulo,SP,-23.51151156248394,-46.4842937005647,9,1614.65
sao paulo,SP,-23.51146221696752,-46.485146598191186,2,164.70000000000002
sao paulo,SP,-23.511375894235375,-46.50276219285474,5,525.8100000000001
sao paulo,SP,-23.511353077474464,-46.42394850462805,12,1339.67
sao paulo,SP,-23.51121324471153,-46.45884467931006,17,1604.3700000000001
sao paulo,SP,-23.511203891310117,-46.39933342623786,14,2281.52
sao paulo,SP,-23.51120189258384,-46.49426250224517,2,131.89
sao paulo,SP,-23.511164120976012,-46.53330351309235,9,2495.69
sao paulo,SP,-23.510933991007512,-46.736327566595975,2,199.9
sao paulo,SP,-23.51086004925187,-46.53675954468527,3,498.89
sao paulo,SP,-23.51082440244575,-46.593885760245776,2,392.8
sao paulo,SP,-23.51069320494907,-46.52782757586412,3,331.9
sao paulo,SP,-23.510683740800932,-46.54592952713647,1,59.98
sao paulo,SP,-23.510630743633,-46.655237650268454,5,509.79
sao paulo,SP,-23.51056158921295,-46.62635497331379,2,64.9
sao paulo,SP,-23.510395754305552,-46.495955174121626,1,55.0
sao paulo,SP,-23.510317364210415,-46.473192351813616,7,600.57
sao paulo,SP,-23.510236888823304,-46.75043682857945,2,235.99
sao paulo,SP,-23.510207653445484,-46.657889882698235,1,36.2
sao paulo,SP,-23.510062708819763,-46.6257781627838,3,78.9
sao paulo,SP,-23.510015596276553,-46.528862342759886,11,1568.12
sao paulo,SP,-23.509988340079175,-46.60776441539105,1,149.0
sao paulo,SP,-23.509987804380625,-46.48843048395559,4,252.39000000000001
sao paulo,SP,-23.50994839490356,-46.66534774802663,11,1243.08
sao paulo,SP,-23.509934704953285,-46.52515655554452,9,1093.41
sao paulo,SP,-23.509929065049914,-46.37587149314251,3,366.89
sao paulo,SP,-23.50983995240275,-46.58680335489369,5,491.98
sao paulo,SP,-23.509643064936405,-46.521172394585605,8,714.09
sao paulo,SP,-23.509466194005064,-46.566981988420444,1,379.9
sao paulo,SP,-23.509362078522784,-46.61934355300127,4,326.64
sao paulo,SP,-23.509324235963728,-46.758059566409486,7,782.76
sao paulo,SP,-23.508975669103542,-46.659385070880624,9,954.6
sao paulo,SP,-23.508942703893883,-46.51231047586489,4,543.99
sao paulo,SP,-23.508867216453233,-46.48218365929943,3,349.9
sao paulo,SP,-23.50886157830248,-46.68112721209489,2,59.59
sao paulo,SP,-23.50873433614695,-46.5585298971563,5,271.74
sao paulo,SP,-23.508643305017994,-46.605295668815735,7,594.97
sao paulo,SP,-23.508604984409082,-46.479272940769,3,369.49
sao paulo,SP,-23.50846749738403,-46.58356366642944,5,363.68
sao paulo,SP,-23.50832107138194,-46.48545545756665,1,56.85
sao paulo,SP,-23.508166285335093,-46.51640080234857,2,159.8
sao paulo,SP,-23.5081361903299,-46.434032808572795,6,471.39
sao paulo,SP,-23.508135242208805,-46.49215921811551,1,53.9
sao paulo,SP,-23.508133433645863,-46.67378854079601,1,14.9
sao paulo,SP,-23.5081190300754,-46.448896528417684,15,1942.34
sao paulo,SP,-23.50803013065077,-46.66118911401633,5,425.63
sao paulo,SP,-23.507900819219167,-46.487820213674595,2,52.99
sao paulo,SP,-23.507822876746175,-46.75206169037894,3,1227.49
sao paulo,SP,-23.507787143908224,-46.567467709487815,1,45.0
sao paulo,SP,-23.507718861610464,-46.52906264897581,3,410.49
sao paulo,SP,-23.507718578289836,-46.54051765608435,1,89.9
sao paulo,SP,-23.507595094513576,-46.729963966585295,4,795.55
sao paulo,SP,-23.5075531122473,-46.52911625624319,1,39.99
sao paulo,SP,-23.50752671152904,-46.507456450305405,6,977.6
sao paulo,SP,-23.507484947925462,-46.497339033976374,7,663.12
sao paulo,SP,-23.507357580817175,-46.54417947749753,4,395.99
sao paulo,SP,-23.50734650596733,-46.664235951188004,2,113.99000000000001
sao paulo,SP,-23.507217446152126,-46.574967125819924,2,165.8
sao paulo,SP,-23.5071480542849,-46.563973154457386,2,475.99
sao paulo,SP,-23.50697691302585,-46.57712086357543,2,432.9
sao paulo,SP,-23.506898021382856,-46.59175114788354,1,99.0
sao paulo,SP,-23.506883305455982,-46.37398250562589,7,635.62
sao paulo,SP,-23.506720281053298,-46.6036534199635,4,361.89
sao paulo,SP,-23.506631532596938,-46.684900537580276,2,114.97999999999999
sao paulo,SP,-23.506552317081347,-46.50371261329608,2,284.79
sao paulo,SP,-23.506538520371137,-46.53759606192354,5,273.86
sao paulo,SP,-23.50647547455896,-46.671317381764126,4,531.78
sao paulo,SP,-23.506104242484106,-46.687129356969585,1,103.9
sao paulo,SP,-23.505849444155107,-46.67838836770368,10,849.36
sao paulo,SP,-23.505830147086826,-46.65562823179936,3,264.78000000000003
sao paulo,SP,-23.50559796845306,-46.587265741108666,3,410.18
sao paulo,SP,-23.505548888599883,-46.73796871569539,1,51.6
sao paulo,SP,-23.50545892812067,-46.70852061295767,4,193.89
sao paulo,SP,-23.505454220429975,-46.60232703217921,8,1082.85
sao paulo,SP,-23.50521986198309,-46.60044750495475,2,198.9
sao paulo,SP,-23.505216462608267,-46.69939595757049,3,98.88999999999999
sao paulo,SP,-23.50518939891041,-46.74466681982362,2,157.88
sao paulo,SP,-23.50501951707933,-46.593942564083434,6,421.89
sao paulo,SP,-23.504978520916772,-46.73489603550116,2,94.35000000000001
sao paulo,SP,-23.5048912112042,-46.72658804974733,5,509.0
sao paulo,SP,-23.504868908615258,-46.682602216056324,2,104.8
sao paulo,SP,-23.50474886714104,-46.53369226856073,2,339.0
sao paulo,SP,-23.504738496359273,-46.441511987068395,3,228.99
sao paulo,SP,-23.504660529782434,-46.59909846180968,1,29.98
sao paulo,SP,-23.504508609704054,-46.736390996688556,4,200.9
sao paulo,SP,-23.504466498714795,-46.480923115584964,9,907.29
sao paulo,SP,-23.50442216582312,-46.65918306701666,2,151.8
sao paulo,SP,-23.504404348720822,-46.4101465497652,15,1593.97
sao paulo,SP,-23.5043850341285,-46.626621045901096,2,177.56
sao paulo,SP,-23.504328811869534,-46.58250945058416,7,696.38
sao paulo,SP,-23.50430617845905,-46.499668272495924,5,1549.33
sao paulo,SP,-23.504278758029912,-46.606427672351096,5,426.59000000000003
sao paulo,SP,-23.50423166280527,-46.68212639414321,3,257.58
sao paulo,SP,-23.50407390342452,-46.63767093473863,18,2046.15
sao paulo,SP,-23.504072876495652,-46.62414421625581,1,89.18
sao paulo,SP,-23.504012395528026,-46.70206852643251,4,420.88
sao paulo,SP,-23.50398483876719,-46.6256721599388,4,326.8
sao paulo,SP,-23.50397313981227,-46.66510041964075,6,496.1
sao paulo,SP,-23.50384157387845,-46.76057807750388,1,1298.9
sao paulo,SP,-23.50371906481274,-46.588291028965315,1,219.9
sao paulo,SP,-23.503459306465064,-46.71287869871107,4,365.42
sao paulo,SP,-23.503355580306238,-46.413846551530156,11,1242.08
sao paulo,SP,-23.50325736152087,-46.72035402820775,33,2929.38
sao paulo,SP,-23.503240234102712,-46.69033840284198,2,416.52
sao paulo,SP,-23.50323598837744,-46.70954984864486,2,50.9
sao paulo,SP,-23.503219552870185,-46.39614127696112,14,1374.22
sao paulo,SP,-23.503205760149903,-46.42228420833627,14,1251.99
sao paulo,SP,-23.503157594303953,-46.65570908261468,1,170.0
sao paulo,SP,-23.503144174286597,-46.376239709153054,3,244.94
sao paulo,SP,-23.503019826535926,-46.646796285945676,1,48.9
sao paulo,SP,-23.5028476300931,-46.49002927408008,6,826.12
sao paulo,SP,-23.502803861752025,-46.52430246423972,3,282.2
sao paulo,SP,-23.502757298862733,-46.46469828090888,17,2416.27
sao paulo,SP,-23.502723037382403,-46.73872785910907,6,983.08
sao paulo,SP,-23.502691924884306,-46.52979794531365,3,524.99
sao paulo,SP,-23.502635054046774,-46.493176740126046,3,224.9
sao paulo,SP,-23.502582111131023,-46.669244349484785,1,29.99
sao paulo,SP,-23.502571314768073,-46.513055516529256,1,65.99
sao paulo,SP,-23.502447342818197,-46.485605237216355,1,279.9
sao paulo,SP,-23.502316162953978,-46.59729440070282,1,98.0
sao paulo,SP,-23.5022987127478,-46.452411592794135,14,1304.48
sao paulo,SP,-23.50224822474882,-46.59560967129785,3,326.99
sao paulo,SP,-23.5022061742251,-46.63311453979948,13,1346.67
sao paulo,SP,-23.50217383069566,-46.65740849857897,1,39.9
sao paulo,SP,-23.502133800699756,-46.38412893949835,15,1290.55
sao paulo,SP,-23.50212556913061,-46.741142143638044,3,566.89
sao paulo,SP,-23.50198109293588,-46.65543872434718,3,586.65
sao paulo,SP,-23.501946754118055,-46.69850016324396,11,1671.8700000000001
sao paulo,SP,-23.501744307143422,-46.6208028623093,4,844.8
sao paulo,SP,-23.501322910151146,-46.509612825401426,10,934.28
sao paulo,SP,-23.501320929534863,-46.57765662787875,3,359.47
sao paulo,SP,-23.50098842553621,-46.748762462310744,9,2787.72
sao paulo,SP,-23.50096776361414,-46.505021699823374,10,1905.79
sao paulo,SP,-23.50093691036352,-46.65274170167209,5,364.13
sao paulo,SP,-23.50087450667397,-46.51611815532652,7,695.56
sao paulo,SP,-23.500840544630766,-46.678335536470705,9,1294.5
sao paulo,SP,-23.500767708908725,-46.660454040077944,5,387.8
sao paulo,SP,-23.500742944360795,-46.63469457728485,8,925.1800000000001
sao paulo,SP,-23.50034763516487,-46.68713207170426,3,239.79000000000002
sao paulo,SP,-23.500312073464766,-46.64407821290554,9,1044.64
sao paulo,SP,-23.500164927840164,-46.60405533511347,6,833.4
sao paulo,SP,-23.50014237012941,-46.43458554897361,19,1666.3
sao paulo,SP,-23.500028266938585,-46.69545476190221,2,41.8
sao paulo,SP,-23.499976294074788,-46.70156108562361,5,429.93
sao paulo,SP,-23.49993790539782,-46.518586861664836,2,117.9
sao paulo,SP,-23.499900453395483,-46.61504999074923,10,1018.53
sao paulo,SP,-23.499879095713506,-46.68003015826884,1,105.0
sao paulo,SP,-23.49982913020709,-46.722517365280865,1,37.0
sao paulo,SP,-23.499764018180496,-46.65547084356665,2,199.9
sao paulo,SP,-23.49971822107626,-46.620555045277534,6,912.6
sao paulo,SP,-23.499569171080807,-46.472977347341775,16,2040.0600000000002
sao paulo,SP,-23.499401731074585,-46.68239382390169,4,877.62
sao paulo,SP,-23.499343832107943,-46.71441630800913,6,382.28999999999996
sao paulo,SP,-23.499287714127018,-46.60578507967237,3,201.87
sao paulo,SP,-23.499270140417146,-46.49730993413348,5,393.07
sao paulo,SP,-23.499162903885033,-46.64211200009376,4,1504.9
sao paulo,SP,-23.499143398150068,-46.48329854879862,5,461.54
sao paulo,SP,-23.499081224420927,-46.584724768458415,2,51.99
sao paulo,SP,-23.498978377994305,-46.666386852971044,4,459.9
sao paulo,SP,-23.498864991797625,-46.654467646097416,1,19.9
sao paulo,SP,-23.49878920186773,-46.744140235278515,4,255.79000000000002
sao paulo,SP,-23.498754324236273,-46.58237728186106,6,709.89
sao paulo,SP,-23.498613267408857,-46.57978572229729,4,255.97
sao paulo,SP,-23.498505035829247,-46.529253226286635,4,432.59000000000003
sao paulo,SP,-23.498318037268266,-46.39952755232906,12,817.46
sao paulo,SP,-23.498309141177288,-46.6358858984643,12,1041.46
sao paulo,SP,-23.49829640876436,-46.67272327218868,3,402.9
sao paulo,SP,-23.49826308491997,-46.629651561730405,2,429.9
sao paulo,SP,-23.498261682717562,-46.637784988665544,5,829.6899999999999
sao paulo,SP,-23.498139816048564,-46.49572758105603,3,387.0
sao paulo,SP,-23.498059272714258,-46.6924244169675,5,528.89
sao paulo,SP,-23.498015599812316,-46.70785531697169,2,204.89000000000001
sao paulo,SP,-23.497999478007042,-46.48582674989175,4,597.79
sao paulo,SP,-23.49795733183238,-46.71311508679524,1,59.99
sao paulo,SP,-23.49795326926181,-46.57611869717361,2,355.4
sao paulo,SP,-23.49793218940606,-46.584612291700225,5,506.43
sao paulo,SP,-23.49789023594944,-46.66940285228782,2,145.0
sao paulo,SP,-23.4977966152943,-46.690798952838165,8,643.78
sao paulo,SP,-23.4977397422524,-46.703783700781436,14,1258.44
sao paulo,SP,-23.497670419903162,-46.605361571706716,1,225.0
sao paulo,SP,-23.497651032154973,-46.6817323460061,6,497.11
sao paulo,SP,-23.4975816061938,-46.65496977812675,3,486.89
sao paulo,SP,-23.497544650322833,-46.73894137655675,1,139.9
sao paulo,SP,-23.497518983466925,-46.47760600577239,3,1477.6
sao paulo,SP,-23.497448290025503,-46.494141279831204,6,497.40999999999997
sao paulo,SP,-23.4973976708331,-46.649462968140334,4,247.8
sao paulo,SP,-23.49736136522832,-46.572231727088045,1,74.0
sao paulo,SP,-23.497314211411997,-46.70960852407719,3,474.48
sao paulo,SP,-23.497275216798545,-46.59974305553181,1,52.17
sao paulo,SP,-23.49670765994968,-46.674632722230356,11,1365.24
sao paulo,SP,-23.496468603688918,-46.63329280565478,6,362.78
sao paulo,SP,-23.49634685583083,-46.37943319385001,6,528.6800000000001
sao paulo,SP,-23.49627641099811,-46.653712152836846,5,1866.6999999999998
sao paulo,SP,-23.496211310932598,-46.62282500873062,8,749.54
sao paulo,SP,-23.496211271622492,-46.72238765731339,13,1034.82
sao paulo,SP,-23.496166309003108,-46.58812570952549,1,79.99
sao paulo,SP,-23.49614649201779,-46.616402919178896,1,49.0
sao paulo,SP,-23.4961102056473,-46.674637780112796,3,149.59
sao paulo,SP,-23.496035204714566,-46.46166831807451,7,636.39
sao paulo,SP,-23.495863087771465,-46.50308450815669,14,1235.45
sao paulo,SP,-23.495854832279328,-46.71685166381976,2,288.0
sao paulo,SP,-23.495841332603625,-46.60469932466566,2,305.88
sao paulo,SP,-23.49582505888581,-46.68815990367064,6,627.88
sao paulo,SP,-23.495724717630402,-46.618787965852384,5,915.7
sao paulo,SP,-23.49570370617884,-46.62970690460869,8,494.59
sao paulo,SP,-23.495647470348985,-46.58925913931688,4,339.79
sao paulo,SP,-23.495559289690224,-46.48735882532564,7,1458.99
sao paulo,SP,-23.495381066668582,-46.69514630298885,1,29.9
sao paulo,SP,-23.495379838561334,-46.642426656442225,3,202.77999999999997
sao paulo,SP,-23.49536204342706,-46.44672815165372,7,675.76
sao paulo,SP,-23.49532145559458,-46.59793556042434,6,302.79
sao paulo,SP,-23.495296429457145,-46.74658030023576,2,209.89
sao paulo,SP,-23.495237528059075,-46.62416228233207,5,714.78
sao paulo,SP,-23.495214440794943,-46.70109132371756,4,1028.87
sao paulo,SP,-23.494816916425545,-46.65810862832158,1,12.98
sao paulo,SP,-23.49468611464117,-46.67113288149977,1,69.36
sao paulo,SP,-23.49464896181692,-46.68503707664534,1,149.9
sao paulo,SP,-23.49459706456804,-46.60716679313656,9,822.9300000000001
sao paulo,SP,-23.494508960661726,-46.50334289873976,9,684.58
sao paulo,SP,-23.494381914918204,-46.73602570743373,4,329.51
sao paulo,SP,-23.494252239511642,-46.71388030944217,1,248.99
sao paulo,SP,-23.494233904442233,-46.616377152437465,5,197.68
sao paulo,SP,-23.494222639325834,-46.438262361973386,10,2901.15
sao paulo,SP,-23.4941967589976,-46.68293060286366,1,150.0
sao paulo,SP,-23.49403466917498,-46.568633209704345,1,79.99
sao paulo,SP,-23.493992216184438,-46.62835871344506,8,532.14
sao paulo,SP,-23.49397773208075,-46.47482439076656,3,288.19
sao paulo,SP,-23.49374057311592,-46.42522895299647,3,239.79000000000002
sao paulo,SP,-23.493735998234246,-46.748305678339506,2,1239.8000000000002
sao paulo,SP,-23.49370398743919,-46.750350823951905,2,202.3
sao paulo,SP,-23.493685090810917,-46.66619179317389,4,278.79
sao paulo,SP,-23.493463862708566,-46.57451697635212,5,281.0
sao paulo,SP,-23.493303022058086,-46.680637716080824,1,109.9
sao paulo,SP,-23.49305791256633,-46.57978444125483,1,299.9
sao paulo,SP,-23.49305416825461,-46.6724459979511,2,79.8
sao paulo,SP,-23.49304868290792,-46.59481549706722,5,1583.49
sao paulo,SP,-23.493025095973085,-46.621603479583534,1,170.0
sao paulo,SP,-23.492992772787023,-46.67416163406577,2,194.99
sao paulo,SP,-23.49287747096435,-46.74349865349463,9,800.1800000000001
sao paulo,SP,-23.49285143776326,-46.58679821915495,2,361.0
sao paulo,SP,-23.492808011471674,-46.740701708848036,19,2348.17
sao paulo,SP,-23.492699699120706,-46.42102612749889,12,1003.87
sao paulo,SP,-23.49269052755523,-46.693582120180906,7,923.64
sao paulo,SP,-23.492687855695202,-46.70633793156746,7,986.78
sao paulo,SP,-23.492561324939558,-46.49267293329315,12,1117.13
sao paulo,SP,-23.492491214734663,-46.69963829158367,5,345.07000000000005
sao paulo,SP,-23.49242091377659,-46.66262633313796,7,289.71
sao paulo,SP,-23.492352403494024,-46.67494217200703,2,256.0
sao paulo,SP,-23.492280455300875,-46.61176940207568,7,1483.59
sao paulo,SP,-23.4920587791635,-46.71062803918182,4,534.79
sao paulo,SP,-23.49202403381399,-46.728984060453946,5,347.88
sao paulo,SP,-23.49200316465636,-46.63900286171412,10,1869.75
sao paulo,SP,-23.491997557032448,-46.684669925249196,1,129.9
sao paulo,SP,-23.491954685851887,-46.38006396693794,10,1123.5
sao paulo,SP,-23.491870834979036,-46.59134807783873,3,479.87
sao paulo,SP,-23.491800382941328,-46.641606877272196,7,452.13
sao paulo,SP,-23.491724436850326,-46.626771324989775,8,676.29
sao paulo,SP,-23.491618476616694,-46.60386922937252,6,391.79
sao paulo,SP,-23.491365606204813,-46.68862748111212,2,83.89
sao paulo,SP,-23.491312375387345,-46.65245974809945,5,546.91
sao paulo,SP,-23.4912938769211,-46.64626429449921,4,555.78
sao paulo,SP,-23.491261472058344,-46.62898231747276,12,1292.55
sao paulo,SP,-23.49104156884047,-46.48255023270557,4,458.9
sao paulo,SP,-23.490969268783505,-46.69408092442017,2,164.9
sao paulo,SP,-23.49090034004066,-46.68212772492562,8,509.58000000000004
sao paulo,SP,-23.490835136129476,-46.71143788894152,4,343.79
sao paulo,SP,-23.490830865548492,-46.70795631330454,1,34.99
sao paulo,SP,-23.490776738309957,-46.5859266188746,4,350.69
sao paulo,SP,-23.49075874535679,-46.58336932471797,5,618.5
sao paulo,SP,-23.49071001859112,-46.63754898866599,10,1274.23
sao paulo,SP,-23.49066870653631,-46.60743925992832,6,1426.8899999999999
sao paulo,SP,-23.49066350344621,-46.47631091396909,5,955.7
sao paulo,SP,-23.490626476607115,-46.62307980262542,2,114.89
sao paulo,SP,-23.490529381868818,-46.449916080535836,2,150.9
sao paulo,SP,-23.49046826593474,-46.57353020032567,3,378.88
sao paulo,SP,-23.49046179346477,-46.472417358547126,6,335.3
sao paulo,SP,-23.490456219882912,-46.389808767689914,2,54.980000000000004
sao paulo,SP,-23.490412640363253,-46.67769439683947,1,29.0
sao paulo,SP,-23.490353655303622,-46.58017565573049,4,366.97
sao paulo,SP,-23.490333607900936,-46.62712160939033,18,5182.56
sao paulo,SP,-23.490201980251125,-46.72136075491287,3,503.9
sao paulo,SP,-23.490165194182673,-46.569283719186814,4,225.29
sao paulo,SP,-23.490116132725948,-46.69106985028038,1,219.9
sao paulo,SP,-23.490041744608167,-46.66899634479028,2,280.32
sao paulo,SP,-23.489980082195327,-46.72712041997771,1,111.9
sao paulo,SP,-23.489943419781984,-46.61612445688869,6,564.86
sao paulo,SP,-23.48993071323527,-46.47620395981763,5,355.96999999999997
sao paulo,SP,-23.489799665630787,-46.75897783921521,6,356.77
sao paulo,SP,-23.489760624425745,-46.5776765153455,7,798.55
sao paulo,SP,-23.48971544535606,-46.48929187360899,10,1182.5900000000001
sao paulo,SP,-23.48965996001442,-46.62257166509295,5,198.85999999999999
sao paulo,SP,-23.489489892090063,-46.632858014850086,5,573.37
sao paulo,SP,-23.489419076218287,-46.70232169990238,7,1040.8
sao paulo,SP,-23.489335229999785,-46.650390829618985,3,244.79000000000002
sao paulo,SP,-23.489296985712958,-46.65618557304518,3,598.85
sao paulo,SP,-23.489105788029903,-46.48490022599612,4,434.89
sao paulo,SP,-23.488986884986794,-46.57065328067549,3,256.79
sao paulo,SP,-23.48893208264274,-46.71666142368085,1,49.0
sao paulo,SP,-23.48887564674339,-46.597088983102225,1,39.0
sao paulo,SP,-23.488711898944423,-46.601687298155454,2,73.38
sao paulo,SP,-23.488663858002383,-46.61501892936472,3,234.70000000000002
sao paulo,SP,-23.488514873849837,-46.60486616491588,7,804.78
sao paulo,SP,-23.488488792858018,-46.64548956958338,3,188.98
sao paulo,SP,-23.48828973823172,-46.649001999112734,1,119.9
sao paulo,SP,-23.488234128266235,-46.469989005432,5,3104.5
sao paulo,SP,-23.48805491276905,-46.66871189431482,4,1008.81
sao paulo,SP,-23.488006971283674,-46.63010416827912,7,292.01
sao paulo,SP,-23.48800287823144,-46.67972964801389,1,59.9
sao paulo,SP,-23.48798815884837,-46.59119431348124,1,139.8
sao paulo,SP,-23.487972176691716,-46.75212779261229,5,705.95
sao paulo,SP,-23.487775825909655,-46.393984526295554,8,692.82
sao paulo,SP,-23.487749966107035,-46.74410161651485,4,618.96
sao paulo,SP,-23.487732571152748,-46.69018202139969,1,179.99
sao paulo,SP,-23.487614708512766,-46.60399102375177,13,926.43
sao paulo,SP,-23.487422115473283,-46.43002785592731,14,965.24
sao paulo,SP,-23.48741125450329,-46.59216239463687,4,343.89
sao paulo,SP,-23.487012986660364,-46.65867539409774,7,958.73
sao paulo,SP,-23.487004761580646,-46.636169631159255,1,30.9
sao paulo,SP,-23.48686598302112,-46.67379824356863,6,242.48
sao paulo,SP,-23.48680400920038,-46.70530001805472,4,1529.7
sao paulo,SP,-23.486787085002945,-46.58480845970803,3,353.79
sao paulo,SP,-23.486685148263682,-46.69370946811439,1,200.0
sao paulo,SP,-23.486614521947374,-46.68525072598247,4,301.4
sao paulo,SP,-23.486574146899905,-46.668359968689195,7,688.37
sao paulo,SP,-23.486516506481184,-46.59621632352811,3,527.8199999999999
sao paulo,SP,-23.486228925529456,-46.592006127066036,4,189.57
sao paulo,SP,-23.48615570545952,-46.65569206483439,2,170.99
sao paulo,SP,-23.486067152325234,-46.60124172356028,4,232.59
sao paulo,SP,-23.48603650517337,-46.61401078807773,3,869.9
sao paulo,SP,-23.4860220040904,-46.67756178321932,2,120.39
sao paulo,SP,-23.485985491921372,-46.588188764979016,2,63.9
sao paulo,SP,-23.485983031299828,-46.71794554517039,4,211.70000000000002
sao paulo,SP,-23.485889893023508,-46.41934660866461,16,1713.51
sao paulo,SP,-23.485845481050287,-46.75061163830563,4,204.7
sao paulo,SP,-23.48581649547979,-46.75630535658033,8,521.65
sao paulo,SP,-23.48555369372784,-46.61749060119429,3,274.79
sao paulo,SP,-23.485528189079872,-46.69543376710276,9,496.53
sao paulo,SP,-23.48552606404895,-46.70560335074762,2,124.9
sao paulo,SP,-23.48535531743175,-46.64478821092038,5,338.03999999999996
sao paulo,SP,-23.485303280703725,-46.609059830413436,2,285.99
sao paulo,SP,-23.485125790212173,-46.58537751870623,8,1078.78
sao paulo,SP,-23.48496867423557,-46.64915068951776,8,643.49
sao paulo,SP,-23.48496773734536,-46.72092591063848,2,155.5
sao paulo,SP,-23.48488200012992,-46.708321288782805,5,882.84
sao paulo,SP,-23.484875111923653,-46.62457520306331,8,742.94
sao paulo,SP,-23.484868126967402,-46.68431128757412,4,625.9
sao paulo,SP,-23.48477659087994,-46.60659423636554,7,838.93
sao paulo,SP,-23.484769700217907,-46.73414273203396,9,914.11
sao paulo,SP,-23.48462056971313,-46.59404547791869,5,1487.27
sao paulo,SP,-23.484505055041186,-46.57377385004951,3,138.7
sao paulo,SP,-23.4843906819734,-46.71914916826479,6,706.86
sao paulo,SP,-23.484023182864647,-46.68305656917312,3,494.68
sao paulo,SP,-23.48399524579755,-46.61958399301968,3,300.92
sao paulo,SP,-23.483982800795726,-46.655550976356935,4,488.6
sao paulo,SP,-23.48389471587814,-46.697759611661695,5,637.07
sao paulo,SP,-23.483849928733704,-46.48181903473252,2,112.39000000000001
sao paulo,SP,-23.483787802668424,-46.66117580387885,5,359.58
sao paulo,SP,-23.483775068199005,-46.56365865538831,6,341.7
sao paulo,SP,-23.483718476948763,-46.704701184356594,4,275.09
sao paulo,SP,-23.483695441764514,-46.726679198015646,3,1014.89
sao paulo,SP,-23.483583375571712,-46.748070542970176,3,146.6
sao paulo,SP,-23.483517358709324,-46.70051310887714,5,420.69
sao paulo,SP,-23.483362773855806,-46.617055295327404,6,295.29
sao paulo,SP,-23.48322763278342,-46.72991005287441,2,482.99
sao paulo,SP,-23.483015536791733,-46.58951864576982,1,89.87
sao paulo,SP,-23.48294043270338,-46.63702493446731,3,188.38
sao paulo,SP,-23.48283670260179,-46.66889674438225,4,612.96
sao paulo,SP,-23.482819263403634,-46.71493169991234,3,204.97
sao paulo,SP,-23.48272229501907,-46.575106892239695,5,463.87
sao paulo,SP,-23.48271441228537,-46.62155343982422,5,404.78
sao paulo,SP,-23.482640537537076,-46.74561873439331,1,22.99
sao paulo,SP,-23.482631119781175,-46.65943086047525,1,75.0
sao paulo,SP,-23.48255993586803,-46.582102339606315,6,618.59
sao paulo,SP,-23.48255551983193,-46.57558643715371,3,295.87
sao paulo,SP,-23.482530078191157,-46.675327267654936,4,1175.89
sao paulo,SP,-23.48252299767236,-46.627289763075396,8,673.07
sao paulo,SP,-23.48244388001676,-46.64685124586852,2,56.8
sao paulo,SP,-23.482199714556256,-46.68958779044411,5,458.77
sao paulo,SP,-23.48210332606749,-46.64537516133473,9,990.57
sao paulo,SP,-23.48200957368023,-46.61050117980293,2,139.89000000000001
sao paulo,SP,-23.48194431842173,-46.752953279788464,5,663.3
sao paulo,SP,-23.481791749466833,-46.63626819210909,4,350.0
sao paulo,SP,-23.481740846651373,-46.65212245563381,5,1110.4
sao paulo,SP,-23.481648664464455,-46.4933461753538,5,506.76
sao paulo,SP,-23.48163665026994,-46.58016703941922,7,2195.77
sao paulo,SP,-23.48155043504951,-46.755764093562775,4,456.48
sao paulo,SP,-23.481505719547886,-46.5814202328246,1,29.9
sao paulo,SP,-23.4813140161452,-46.743449642551234,8,542.67
sao paulo,SP,-23.481297618595413,-46.616939978784735,4,447.6
sao paulo,SP,-23.481247005440782,-46.59340498656687,6,1555.31
sao paulo,SP,-23.48115800015399,-46.710536255224824,2,89.89
sao paulo,SP,-23.480984678353327,-46.70421633711667,2,248.8
sao paulo,SP,-23.480890537528317,-46.607276642692305,3,1078.89
sao paulo,SP,-23.480853013664593,-46.38305829589599,8,462.79
sao paulo,SP,-23.480823705875945,-46.60545933153238,1,44.0
sao paulo,SP,-23.48067042467005,-46.62137685302423,3,289.37
sao paulo,SP,-23.480667277831422,-46.66820676632636,1,109.9
sao paulo,SP,-23.480303315462383,-46.64176777956362,28,7889.46
sao paulo,SP,-23.480242559201383,-46.723832689946974,2,849.78
sao paulo,SP,-23.480130351279403,-46.573621873819185,8,969.63
sao paulo,SP,-23.479988957379497,-46.64486948882979,1,230.0
sao paulo,SP,-23.479934887284397,-46.74217745507366,7,729.38
sao paulo,SP,-23.479915760524968,-46.6865218065891,1,18.0
sao paulo,SP,-23.479701691058132,-46.67773389907746,1,169.0
sao paulo,SP,-23.47965941225739,-46.43334640491999,14,1408.16
sao paulo,SP,-23.479409893054694,-46.63601237738169,3,390.9
sao paulo,SP,-23.479398517928054,-46.681071860585284,5,966.1700000000001
sao paulo,SP,-23.479354242089904,-46.59550028538906,1,46.9
sao paulo,SP,-23.479332643151153,-46.575940355471346,5,644.6899999999999
sao paulo,SP,-23.47932357125712,-46.70767471614631,2,59.33
sao paulo,SP,-23.47923482606581,-46.57963323557619,6,274.5
sao paulo,SP,-23.479037666994987,-46.67583717349721,1,124.9
sao paulo,SP,-23.479009120417654,-46.6978102979138,7,414.8
sao paulo,SP,-23.478802923326484,-46.722724700331725,5,736.81
sao paulo,SP,-23.478747150752753,-46.66256986605932,1,199.0
sao paulo,SP,-23.47874415112702,-46.58831651709553,2,96.28
sao paulo,SP,-23.478736970872518,-46.60073592895293,3,523.87
sao paulo,SP,-23.478725053779495,-46.57237400394174,5,525.97
sao paulo,SP,-23.47870480306975,-46.614513396023284,4,513.1800000000001
sao paulo,SP,-23.47853873640821,-46.56954461942566,3,147.3
sao paulo,SP,-23.47824424090556,-46.62488291727544,3,194.8
sao paulo,SP,-23.47817508804517,-46.6917233746509,3,194.8
sao paulo,SP,-23.47813090302306,-46.711362496104734,5,542.44
sao paulo,SP,-23.47795550890625,-46.59847671510719,5,644.5799999999999
sao paulo,SP,-23.477753613662376,-46.65181629787507,2,261.0
sao paulo,SP,-23.477719255325276,-46.628170058826655,2,98.77
sao paulo,SP,-23.477693752812367,-46.648223347401384,6,485.58
sao paulo,SP,-23.477656119687406,-46.56457732269159,2,309.9
sao paulo,SP,-23.477638371873425,-46.74921995719644,26,1921.77
sao paulo,SP,-23.47762645429373,-46.63014548000352,1,47.99
sao paulo,SP,-23.477588961157334,-46.615247302560746,2,279.0
sao paulo,SP,-23.4775490628778,-46.66003241993778,5,789.19
sao paulo,SP,-23.477521390725276,-46.59033969656587,4,320.26
sao paulo,SP,-23.47747057032342,-46.68293028819837,1,319.96
sao paulo,SP,-23.477273351473887,-46.76740523310806,3,292.99
sao paulo,SP,-23.477266697560914,-46.656507691351536,3,278.8
sao paulo,SP,-23.477148867774364,-46.59818684545332,5,699.78
sao paulo,SP,-23.477062802798823,-46.71191180522049,2,290.4
sao paulo,SP,-23.477060130884052,-46.64012871725215,2,415.9
sao paulo,SP,-23.476900639653298,-46.591937735170696,4,1022.8
sao paulo,SP,-23.47687573682863,-46.56526256366798,1,49.9
sao paulo,SP,-23.476857088052625,-46.65555959512381,6,895.1800000000001
sao paulo,SP,-23.476851435914867,-46.62526514356077,2,180.79000000000002
sao paulo,SP,-23.47674132085855,-46.724993743233874,2,118.89
sao paulo,SP,-23.476654800129314,-46.673667606798375,2,169.77
sao paulo,SP,-23.476573316835694,-46.56882032587766,6,610.34
sao paulo,SP,-23.476417941223545,-46.604210368193165,3,242.79000000000002
sao paulo,SP,-23.476142147293096,-46.715789189519306,5,569.59
sao paulo,SP,-23.476088375679204,-46.7225878483933,1,51.0
sao paulo,SP,-23.476044655695866,-46.70279925045517,1,109.9
sao paulo,SP,-23.476022948966868,-46.69807849803381,1,19.9
sao paulo,SP,-23.475983214969727,-46.58190463603528,3,299.70000000000005
sao paulo,SP,-23.475816671784948,-46.62302829333571,10,727.3
sao paulo,SP,-23.475701389862248,-46.56397251801403,1,22.0
sao paulo,SP,-23.47567347689037,-46.60473542606709,4,386.8
sao paulo,SP,-23.475647989606813,-46.6243233037533,6,949.22
sao paulo,SP,-23.47549861453998,-46.61812677962586,1,79.9
sao paulo,SP,-23.475495630292396,-46.5715415501341,4,307.99
sao paulo,SP,-23.47539927558814,-46.692833745831365,3,279.9
sao paulo,SP,-23.47534253342138,-46.726070196849754,2,156.04000000000002
sao paulo,SP,-23.475339939016436,-46.7385487944511,6,778.6
sao paulo,SP,-23.475325486280003,-46.58721405336572,3,208.79
sao paulo,SP,-23.4751702706815,-46.68738460343777,11,814.57
sao paulo,SP,-23.475114155528523,-46.65648099834141,2,279.99
sao paulo,SP,-23.475022473033313,-46.68018605032913,2,767.6800000000001
sao paulo,SP,-23.47418698892084,-46.636393838272056,11,1734.06
sao paulo,SP,-23.47383686606938,-46.61059399785839,2,348.9
sao paulo,SP,-23.473691873398092,-46.632663392877234,5,1449.8
sao paulo,SP,-23.473670503359084,-46.72213753690242,3,228.39
sao paulo,SP,-23.47361985211631,-46.67448239742119,2,466.93
sao paulo,SP,-23.47361504186344,-46.70682318113959,1,210.0
sao paulo,SP,-23.47361099950276,-46.70072868664524,3,373.89
sao paulo,SP,-23.473490443902985,-46.69895013688598,2,118.30000000000001
sao paulo,SP,-23.473122483197194,-46.643816695070555,6,497.54
sao paulo,SP,-23.473069775926078,-46.6414503667967,8,707.31
sao paulo,SP,-23.472994531200314,-46.64742941190346,12,1418.69
sao paulo,SP,-23.472896055236582,-46.583176593543165,2,461.8
sao paulo,SP,-23.472814658449074,-46.600729145013894,12,1591.77
sao paulo,SP,-23.47270051549843,-46.66375781178632,3,455.6
sao paulo,SP,-23.472602604059695,-46.568159955945426,4,381.26
sao paulo,SP,-23.472487631945604,-46.593039910178874,1,39.99
sao paulo,SP,-23.472416094210324,-46.69670779282756,3,331.3
sao paulo,SP,-23.472381135593775,-46.68166780595061,1,69.9
sao paulo,SP,-23.47233458368271,-46.65657844951058,3,145.8
sao paulo,SP,-23.47208025174721,-46.595977288016584,2,176.9
sao paulo,SP,-23.471948352737527,-46.631370260204655,13,1217.38
sao paulo,SP,-23.471894875916593,-46.70358161893091,3,323.9
sao paulo,SP,-23.471752671094716,-46.580964673989804,4,390.78
sao paulo,SP,-23.471748790241357,-46.636773176700274,14,1762.28
sao paulo,SP,-23.471625614912963,-46.68762168540529,2,649.0
sao paulo,SP,-23.471524878270273,-46.65419127239689,10,905.64
sao paulo,SP,-23.4715099947833,-46.694551695394985,3,126.9
sao paulo,SP,-23.47133885424759,-46.671913220750774,2,325.8
sao paulo,SP,-23.471228484637717,-46.60823078789643,5,557.5699999999999
sao paulo,SP,-23.471205040999266,-46.57158333882553,5,330.09000000000003
sao paulo,SP,-23.470777121927593,-46.71443121107412,8,915.74
sao paulo,SP,-23.470619476046597,-46.668088921111796,3,455.37
sao paulo,SP,-23.470550272349133,-46.629061771599964,4,321.7
sao paulo,SP,-23.469811281575684,-46.59488942723797,2,298.9
sao paulo,SP,-23.46969889118785,-46.58996021925599,4,854.06
sao paulo,SP,-23.46931158161913,-46.610305088387726,2,153.99
sao paulo,SP,-23.469253640421556,-46.58668000150149,1,88.99
sao paulo,SP,-23.469200358657872,-46.68344414587124,1,57.11
sao paulo,SP,-23.469197012597697,-46.57960857271054,3,53.769999999999996
sao paulo,SP,-23.469190720707815,-46.654573500771825,7,564.19
sao paulo,SP,-23.4691228896165,-46.60167950362949,3,1974.89
sao paulo,SP,-23.46884421165266,-46.61523997261246,2,238.70000000000002
sao paulo,SP,-23.468719299830532,-46.70291623076356,3,198.23000000000002
sao paulo,SP,-23.468391549400177,-46.649980062504795,9,781.29
sao paulo,SP,-23.468374956100263,-46.633410041508924,3,110.26000000000002
sao paulo,SP,-23.46817509806932,-46.72025344447433,2,104.69999999999999
sao paulo,SP,-23.468166749101524,-46.69241674056453,9,1252.96
sao paulo,SP,-23.467790322895212,-46.64820626081536,21,2577.11
sao paulo,SP,-23.467732746409897,-46.6105450979245,4,1231.14
sao paulo,SP,-23.4676821314479,-46.680876833991114,5,464.98
sao paulo,SP,-23.467505149821427,-46.577296212716455,5,327.98
sao paulo,SP,-23.467397969957513,-46.663877738142816,8,517.39
sao paulo,SP,-23.46705177563329,-46.58792075620118,2,193.98000000000002
sao paulo,SP,-23.46694149172864,-46.722444084280426,3,115.69999999999999
sao paulo,SP,-23.466873495666775,-46.58000203721854,2,227.9
sao paulo,SP,-23.466680620069337,-46.67222685571889,2,480.0
sao paulo,SP,-23.46661620440815,-46.67501242767523,1,59.9
sao paulo,SP,-23.46654633897085,-46.67348988809382,1,48.89
sao paulo,SP,-23.46638167766197,-46.658682706841034,4,171.49
sao paulo,SP,-23.46582809101465,-46.66428448302568,1,157.77
sao paulo,SP,-23.465700020271463,-46.59026923297839,3,268.89
sao paulo,SP,-23.46551592940762,-46.574828828447714,1,24.9
sao paulo,SP,-23.465235627066534,-46.615475558502155,5,344.0
sao paulo,SP,-23.464805059922664,-46.59871241697143,5,681.7
sao paulo,SP,-23.464631053702345,-46.69168964970786,1,98.9
sao paulo,SP,-23.464508708899025,-46.64920725174606,4,390.2
sao paulo,SP,-23.464254927367705,-46.69946117501247,3,447.70000000000005
sao paulo,SP,-23.464036814263682,-46.607255081725235,2,234.9
sao paulo,SP,-23.463983909136527,-46.754956696699935,1,199.9
sao paulo,SP,-23.463975829784115,-46.67975332737472,3,145.9
sao paulo,SP,-23.463955418022827,-46.599899697845366,3,765.8
sao paulo,SP,-23.463953588330345,-46.68734545266645,2,227.99
sao paulo,SP,-23.46378750531798,-46.68984297674857,1,139.9
sao paulo,SP,-23.46377508861393,-46.6414332594311,2,149.97
sao paulo,SP,-23.463513771636936,-46.586237323090096,7,471.13
sao paulo,SP,-23.46336881154139,-46.603478416618415,9,663.21
sao paulo,SP,-23.463229827435228,-46.702440851304175,1,48.9
sao paulo,SP,-23.462827497476777,-46.621804750826065,1,359.96999999999997
sao paulo,SP,-23.46280703085924,-46.67536704480812,3,361.74
sao paulo,SP,-23.462796772074114,-46.579624510066914,2,301.9
sao paulo,SP,-23.462564640930367,-46.67642531786473,5,504.44
sao paulo,SP,-23.462442703636057,-46.67122201017906,1,44.99
sao paulo,SP,-23.462393709845458,-46.69765256533365,10,748.56
sao paulo,SP,-23.462378852460713,-46.671653340666886,2,176.98
sao paulo,SP,-23.46233583222787,-46.57655861353626,5,213.0
sao paulo,SP,-23.462270277161405,-46.59380392478858,3,425.79
sao paulo,SP,-23.46226583678213,-46.59383968992664,8,885.7099999999999
sao paulo,SP,-23.462064417366527,-46.599347717327156,6,575.86
sao paulo,SP,-23.461693187817826,-46.651736610865974,2,65.89
sao paulo,SP,-23.461568105737417,-46.65679807275634,2,28.85
sao paulo,SP,-23.461557027524186,-46.68193587116822,3,658.98
sao paulo,SP,-23.461383796952727,-46.677314000038415,4,429.96000000000004
sao paulo,SP,-23.46119305435284,-46.58409760247099,7,1899.59
sao paulo,SP,-23.460889439603353,-46.65885904148838,2,425.93
sao paulo,SP,-23.460724077996765,-46.6016047944519,2,125.99
sao paulo,SP,-23.460645799910477,-46.66255873719928,1,104.0
sao paulo,SP,-23.460433037399667,-46.68603517251801,5,567.22
sao paulo,SP,-23.46009453860665,-46.62462503200484,8,600.09
sao paulo,SP,-23.460092613005898,-46.66842343088662,3,189.8
sao paulo,SP,-23.460000237456534,-46.71724733052437,1,149.99
sao paulo,SP,-23.45999643122022,-46.59974970395199,3,341.9
sao paulo,SP,-23.459865416063455,-46.66642207028853,2,278.09
sao paulo,SP,-23.459790579302037,-46.60444123792383,5,669.77
sao paulo,SP,-23.459604818253922,-46.61571276329235,2,448.99
sao paulo,SP,-23.459566190038178,-46.69137675746327,5,830.1800000000001
sao paulo,SP,-23.45936416826581,-46.683220044489026,3,358.5
sao paulo,SP,-23.459027947635942,-46.64565575282281,2,154.89
sao paulo,SP,-23.45901472098675,-46.618676577171286,2,214.88
sao paulo,SP,-23.458946820846133,-46.74953708763685,2,131.87
sao paulo,SP,-23.45883545371276,-46.722111018720945,6,675.67
sao paulo,SP,-23.45811932550877,-46.593167466510984,6,996.64
sao paulo,SP,-23.457984065352566,-46.707876688236865,1,119.99
sao paulo,SP,-23.45763629568371,-46.65668054702773,4,1096.38
sao paulo,SP,-23.45763338134832,-46.650404148792994,2,199.96999999999997
sao paulo,SP,-23.457618907473137,-46.62810512762748,5,337.46999999999997
sao paulo,SP,-23.457413275402757,-46.69505096111616,1,19.9
sao paulo,SP,-23.457394076448413,-46.62966644468638,2,231.9
sao paulo,SP,-23.45706943828794,-46.68240622317646,2,112.97999999999999
sao paulo,SP,-23.456878405607572,-46.754910897840446,4,728.78
sao paulo,SP,-23.456871013801184,-46.6648474658363,1,109.9
sao paulo,SP,-23.45684669771692,-46.67090610202287,3,263.99
sao paulo,SP,-23.45681436635574,-46.631813155616335,4,564.9
sao paulo,SP,-23.456544802462957,-46.6975407432739,1,128.56
sao paulo,SP,-23.45649656069816,-46.644392106976504,1,2300.0
sao paulo,SP,-23.45632474871195,-46.60109652657752,7,1254.79
sao paulo,SP,-23.456160039922654,-46.700686451586925,6,568.38
sao paulo,SP,-23.455896277911645,-46.575161628150674,1,89.9
sao paulo,SP,-23.455861458512842,-46.744091586764384,11,1024.58
sao paulo,SP,-23.455025746216513,-46.60431346669781,2,448.99
sao paulo,SP,-23.45494410609724,-46.59970792586279,1,89.9
sao paulo,SP,-23.454766956700237,-46.62144325386925,6,271.45
sao paulo,SP,-23.454737250970197,-46.64898301599557,1,79.9
sao paulo,SP,-23.45470653310775,-46.61140407247261,1,109.9
sao paulo,SP,-23.45444747938124,-46.60875824890609,3,469.79
sao paulo,SP,-23.45438412886653,-46.7024386466606,7,1280.0
sao paulo,SP,-23.454383193070022,-46.59624051557273,3,116.94
sao paulo,SP,-23.453961663812116,-46.73188402974432,14,1020.65
sao paulo,SP,-23.45367712624098,-46.62503391014358,1,599.65
sao paulo,SP,-23.45353681848212,-46.58604068922076,5,307.28
sao paulo,SP,-23.453337686725703,-46.64510401738256,8,697.44
sao paulo,SP,-23.452793107256145,-46.708985941812294,1,44.99
sao paulo,SP,-23.45263613463318,-46.75239926035206,3,212.4
sao paulo,SP,-23.452628659785415,-46.60534520521928,3,393.96000000000004
sao paulo,SP,-23.45203458939662,-46.68707135277251,4,279.39
sao paulo,SP,-23.45198742890589,-46.57510493774136,4,383.3
sao paulo,SP,-23.451352285703475,-46.66750444270542,1,189.0
sao paulo,SP,-23.45135041804102,-46.59842363518738,5,326.86
sao paulo,SP,-23.451151723323687,-46.79009259234171,4,167.99
sao paulo,SP,-23.450973625996323,-46.61218071978756,1,289.9
sao paulo,SP,-23.45085923626503,-46.59011057457601,9,1443.8700000000001
sao paulo,SP,-23.45067331117907,-46.711818678024706,1,22.32
sao paulo,SP,-23.450665352098024,-46.74628466462477,6,577.26
sao paulo,SP,-23.44972136038604,-46.59336446361453,3,119.88
sao paulo,SP,-23.448930082467577,-46.6977317466753,5,259.85
sao paulo,SP,-23.44882068441022,-46.7287636262974,7,1236.48
sao paulo,SP,-23.44743061592135,-46.61396278005333,2,56.8
sao paulo,SP,-23.44720245920557,-46.58897798076898,3,280.1
sao paulo,SP,-23.44646114640251,-46.701489289354484,8,734.94
sao paulo,SP,-23.446338303421317,-46.70258169256253,1,165.0
sao paulo,SP,-23.446228004991838,-46.799819060458894,3,184.39000000000001
sao paulo,SP,-23.44588174360123,-46.61923035751618,1,52.0
sao paulo,SP,-23.44570552343754,-46.59369913299051,6,813.9
sao paulo,SP,-23.445699933359347,-46.58188635586065,5,356.42
sao paulo,SP,-23.445010778994714,-46.71458895628032,1,514.99
sao paulo,SP,-23.445001364392684,-46.72055319973795,3,149.89
sao paulo,SP,-23.44479984733434,-46.72758255830893,4,311.68
sao paulo,SP,-23.444640304669356,-46.7504751993753,12,1151.48
sao paulo,SP,-23.444271689442214,-46.73898865697958,7,4807.74
sao paulo,SP,-23.443498238474042,-46.727756969400886,17,1201.47
sao paulo,SP,-23.442008385601497,-46.71936667847407,1,59.0
sao paulo,SP,-23.44176853642412,-46.739626663006604,5,1033.46
sao paulo,SP,-23.441586507649163,-46.775304798382294,2,155.99
sao paulo,SP,-23.441513479752444,-46.74790735195498,12,1679.49
sao paulo,SP,-23.440855455436186,-46.783986265332814,4,267.3
sao paulo,SP,-23.440607961411974,-46.79235580972822,11,1112.44
sao paulo,SP,-23.438142443733774,-46.79571706425676,3,324.99
sao paulo,SP,-23.437909449626826,-46.770699966485935,1,35.9
sao paulo,SP,-23.436841799653443,-46.57774432064989,1,299.9
sao paulo,SP,-23.43667506446612,-46.72729636208272,7,352.69
sao paulo,SP,-23.43666388027887,-46.581489780273046,2,115.80000000000001
sao paulo,SP,-23.435105075740704,-46.70534736523725,3,198.82
sao paulo,SP,-23.434724295187742,-46.75144799620903,8,1198.08
sao paulo,SP,-23.433762388302366,-46.72095785108018,3,124.88
sao paulo,SP,-23.43350078364711,-46.78917946328692,2,58.8
sao paulo,SP,-23.432328025304585,-46.576089588461336,3,359.92
sao paulo,SP,-23.431514052403873,-46.727129544507434,3,159.82
sao paulo,SP,-23.43007624446694,-46.74721214700901,6,334.38
sao paulo,SP,-23.429709785931948,-46.79422972458774,10,731.78
sao paulo,SP,-23.429480312154787,-46.7637907283525,1,348.8
sao paulo,SP,-23.415346998844104,-46.74744352238243,3,344.98
sao paulo,SP,-23.413306925339146,-46.754479537569836,2,265.0
sao paulo,SP,-23.413045473409838,-46.72367775577434,3,308.8
sao paulo,SP,-23.409611076153432,-46.73976853235852,6,387.77
sao paulo,SP,-23.40953216939436,-46.76428344937554,3,434.48
sao paulo,SP,-23.408988713079808,-46.7593886779352,1,179.9
sao paulo,SP,-23.40761908799287,-46.75523575722153,3,149.83
sao paulo,SP,-23.40759380422852,-46.74636906583293,4,339.78
sao paulo,SP,-23.404579357905572,-46.76319666929356,3,370.0
sao paulo,SP,-23.40383591429107,-46.578095015905866,3,242.79000000000002
sao paulo,SP,-23.402064522203666,-46.747144044986634,8,670.89
sao paulo,SP,-23.398775121025295,-46.75287465302339,6,607.86
sao paulo,SP,-23.391808764422127,-46.734939696509734,1,143.0
sao paulo das missoes,RS,-28.021510981557213,-54.9380392774257,2,404.87
sao paulo do potengi,RN,-5.896610226629294,-35.762880639741496,2,229.9
sao pedro,SP,-22.55124525869923,-47.90659642198052,12,3683.54
sao pedro da agua branca,MA,-5.076683891323354,-48.41881401577945,1,309.9
sao pedro da aldeia,RJ,-22.853851444000973,-42.06053768420368,12,1137.19
sao pedro da aldeia,RJ,-22.8415391442124,-42.11698013787294,6,466.71000000000004
sao pedro da aldeia,RJ,-22.837044832515677,-42.11212608135865,3,449.9
sao pedro da aldeia,RJ,-22.8322251368484,-42.142326771991925,4,505.7
sao pedro da aldeia,RJ,-22.81535622352685,-42.11172647408186,1,79.9
sao pedro da aldeia,RJ,-22.80981035611303,-42.164405297717686,17,1860.23
sao pedro da aldeia,RJ,-22.809317153481732,-42.14131083503102,3,172.8
sao pedro da uniao,MG,-21.126744426611907,-46.62716220313882,3,286.89
sao pedro de alcantara,SC,-27.56805873603553,-48.777519213786796,2,263.0
sao pedro do butia,RS,-28.12459813786746,-54.89342720738442,1,99.9
sao pedro do iguacu,PR,-24.91407193493534,-53.88664990907251,1,117.3
sao pedro do ivai,PR,-23.892705499636172,-51.81481590141829,3,424.74
sao pedro do sul,RS,-29.554610604083763,-54.21123284419048,1,98.7
sao pedro do turvo,SP,-22.735077769525812,-49.64274673437182,2,88.9
sao pedro dos ferros,MG,-20.17109457367032,-42.524746122470695,4,763.79
sao rafael,RN,-5.803201126604432,-36.8862373339404,1,19.9
sao raimundo nonato,PI,-9.014476907770096,-42.69139823837441,7,2145.39
sao romao,MG,-16.366192832134864,-45.07195302725983,5,388.49
sao roque,SP,-23.586618239598728,-47.13529939925472,1,29.979999999999997
sao roque,SP,-23.560206775507485,-47.08774177583636,7,1543.24
sao roque,SP,-23.54858318028307,-47.13724512698744,4,747.89
sao roque,SP,-23.547386224423953,-47.12199203664022,10,789.03
sao roque,SP,-23.53960810418339,-47.05374554545899,1,19.2
sao roque,SP,-23.531716378829014,-47.14867075932756,6,526.63
sao roque,SP,-23.531424390734568,-47.13442765046272,18,2610.99
sao roque,SP,-23.523970256589998,-47.13087539496009,10,540.87
sao roque,SP,-23.51854392701045,-47.12860853773641,10,1472.54
sao roque,SP,-23.51785667889076,-47.140000622420544,8,1152.81
sao roque de minas,MG,-20.24055665252988,-46.382097099980314,2,169.89
sao roque do canaa,ES,-19.73930434519547,-40.66322894308199,5,348.0
sao sebastiao,AL,-9.938980157317406,-36.55104362776034,1,2159.98
sao sebastiao,SP,-23.82155150723974,-45.43303767216161,3,322.6
sao sebastiao,SP,-23.814307125001623,-45.416362481061135,3,830.42
sao sebastiao,SP,-23.805075696984442,-45.41324721537964,4,373.53
sao sebastiao,SP,-23.801617154149607,-45.405355784986774,4,602.08
sao sebastiao,SP,-23.79850343136323,-45.403391424007815,6,581.9
sao sebastiao,SP,-23.794577364040794,-45.57408243947369,1,49.9
sao sebastiao,SP,-23.78754820266299,-45.56256968044599,7,773.24
sao sebastiao,SP,-23.781267450912537,-45.40194765665171,2,179.8
sao sebastiao,SP,-23.781187301287556,-45.62013060008777,3,349.75
sao sebastiao,SP,-23.77465295529144,-45.63655372517825,3,263.6
sao sebastiao,SP,-23.774291948657797,-45.674510269299255,1,59.58
sao sebastiao,SP,-23.773205030086796,-45.40602530384687,1,129.9
sao sebastiao,SP,-23.771731754447984,-45.52529592946437,1,579.9
sao sebastiao,SP,-23.77043797625485,-45.67994492992504,4,778.6999999999999
sao sebastiao,SP,-23.763983409474548,-45.717545811724555,5,536.09
sao sebastiao,SP,-23.759765367386116,-45.76393937474926,4,295.67
sao sebastiao,SP,-23.758468817638647,-45.413977486604004,1,129.0
sao sebastiao,SP,-23.726916961567067,-45.42373020573834,2,757.9
sao sebastiao,SP,-23.717225617320498,-45.43224617919913,1,79.9
sao sebastiao da amoreira,PR,-23.465016816917828,-50.76104049163858,1,45.0
sao sebastiao da boa vista,PA,-1.68131502084473,-49.55046882975536,2,198.9
sao sebastiao da grama,SP,-21.710870954893334,-46.82083536657486,4,1024.79
sao sebastiao de campos,RJ,-20.757345182143844,-49.88184551275958,1,23.8
sao sebastiao do alto,RJ,-21.95150304851164,-42.13203809880536,4,488.98
sao sebastiao do cai,RS,-29.587807418100702,-51.36190308319204,12,1588.84
sao sebastiao do maranhao,MG,-18.088879559908012,-42.570034463837445,3,206.79
sao sebastiao do paraiso,MG,-20.91395197058557,-46.98629619076701,35,4800.05
sao sebastiao do passe,BA,-12.499831163064316,-38.752984111986265,5,399.89
sao sebastiao do rio verde,MG,-22.218792498885527,-44.97777633323917,1,278.0
sao sepe,RS,-30.164971760723827,-53.57036133724414,6,544.35
sao simao,GO,-18.99978193211773,-50.550461777298246,3,238.70000000000002
sao simao,SP,-21.47477575872919,-47.5616924463303,10,1297.8899999999999
sao thome das letras,MG,-21.72237309802643,-44.9835636664046,2,52.8
sao tiago,MG,-20.91317647176355,-44.511150895897885,5,499.27
sao tomas de aquino,MG,-20.780638131243403,-47.098617105235014,3,309.8
sao tome,PR,-23.535477037314056,-52.58933520827306,2,234.07
sao tome,RN,-5.974232459053326,-36.075158879164356,1,27.99
sao valentim,RS,-27.55922301847204,-52.524465471801356,3,557.89
sao vendelino,RS,-29.37382861712204,-51.37282573866924,1,21.99
sao vicente,RN,-6.218327645016981,-36.68257322080736,2,264.89
sao vicente,SP,-23.988076947317097,-46.479194740512874,2,129.9
sao vicente,SP,-23.986478542437638,-46.39165628538248,5,943.66
sao vicente,SP,-23.983340387393454,-46.48798773268121,5,408.69000000000005
sao vicente,SP,-23.98160481813638,-46.46564557939346,7,1799.77
sao vicente,SP,-23.97008658151104,-46.37258888672385,37,3383.16
sao vicente,SP,-23.96797904515915,-46.402461405350664,3,166.48000000000002
sao vicente,SP,-23.96749612845216,-46.386454598108685,31,2793.61
sao vicente,SP,-23.965364957343798,-46.41205736566614,4,413.96999999999997
sao vicente,SP,-23.961942699024217,-46.382116371506044,10,2096.58
sao vicente,SP,-23.959894868797242,-46.37279450084676,12,1789.62
sao vicente,SP,-23.957720257420604,-46.4071754952537,8,783.75
sao vicente,SP,-23.955980420412015,-46.38161452410678,8,1636.28
sao vicente,SP,-23.95538674459311,-46.4557497874007,2,127.47999999999999
sao vicente,SP,-23.954491630175163,-46.39512272689159,4,355.17
sao vicente,SP,-23.951770045652797,-46.408140100784905,10,596.6700000000001
sao vicente,SP,-23.94714404114551,-46.397611808725934,4,501.88
sao vicente,SP,-23.944632253958385,-46.41501832165658,5,1042.52
sao vicente ferrer,MA,-2.8962932187548134,-44.88256672533718,1,205.9
sao vicente ferrer,PE,-7.594753577949214,-35.48780796387688,1,169.99
sape,PB,-7.092610293602238,-35.23149849004836,2,1959.99
sapeacu,BA,-12.731409494242664,-39.18745335471256,2,246.79000000000002
sapezal,MT,-13.543400052390023,-58.80819185176762,8,964.82
sapiranga,RS,-29.651421644650622,-51.002384232508575,3,115.05
sapiranga,RS,-29.638871803291437,-51.02256942540956,1,40.99
sapiranga,RS,-29.63655061319904,-51.00782414855772,13,1762.07
sapiranga,RS,-29.633767407300304,-50.994916707012,4,349.59000000000003
sapiranga,RS,-29.631618422589696,-50.97500785018616,2,1108.0
sapopema,PR,-23.910420662200718,-50.57946136072558,2,154.98000000000002
sapucai-mirim,MG,-22.75024157015651,-45.74792117387559,4,569.79
sapucaia,MG,-19.85215603337821,-42.207170118225434,1,77.9
sapucaia,RJ,-21.991298401698998,-42.907704214292544,4,548.75
sapucaia do sul,RS,-29.845896428364878,-51.13315196816025,3,235.89000000000001
sapucaia do sul,RS,-29.845000700048054,-51.12659239035868,1,56.0
sapucaia do sul,RS,-29.83922469219887,-51.14660583115894,2,214.8
sapucaia do sul,RS,-29.833080444317734,-51.13776416766531,6,762.78
sapucaia do sul,RS,-29.832055451159494,-51.13008299437981,1,29.9
sapucaia do sul,RS,-29.828980460113236,-51.15068614721684,12,1924.19
sapucaia do sul,RS,-29.825803517191957,-51.15674594477196,1,58.5
sapucaia do sul,RS,-29.822427644852475,-51.15954292150053,4,601.99
sapucaia do sul,RS,-29.81959208601507,-51.13705203576924,3,317.9
sapucaia do sul,RS,-29.81579293925171,-51.154713107304495,2,708.99
sapucaia do sul,RS,-29.8145965142953,-51.14647273056028,1,225.0
sapucaia do sul,RS,-29.8113778381577,-51.17268975540101,3,261.9
saquarema,RJ,-22.9266393266322,-42.60231507840789,6,1096.6999999999998
saquarema,RJ,-22.923756548355588,-42.50447966854643,17,1648.85
saquarema,RJ,-22.912694292125327,-42.47650474338262,6,440.77000000000004
saquarema,RJ,-22.904269139060403,-42.42047171656783,2,164.9
saquarema,RJ,-22.896108516326308,-42.469197610672296,9,820.4300000000001
saquarema,RJ,-22.879978750456818,-42.473921365453215,4,302.5
saquarema,RJ,-22.859910499727818,-42.596001062384424,1,59.9
sarandi,PR,-23.45545123283488,-51.8766794074123,2,115.89
sarandi,PR,-23.448041264613487,-51.869960318427005,9,1364.37
sarandi,PR,-23.437954884287347,-51.87662625573039,1,59.9
sarandi,PR,-23.433450486351425,-51.86670281115602,2,67.89
sarandi,PR,-23.432404559986185,-51.87363226151733,3,126.88
sarandi,RS,-27.939046257504383,-52.9263631143591,5,177.39000000000001
sarapui,SP,-23.637789964373795,-47.82642968733283,2,248.88
sardoa,MG,-18.781920225896094,-42.36724227806817,1,119.9
sarutaia,SP,-23.274627877633094,-49.47703188494938,1,59.9
sarzedo,MG,-20.038320832591328,-44.13891959658021,18,987.9300000000001
satiro dias,BA,-11.605014606657434,-38.5830938190747,1,24.5
satuba,AL,-9.569708628845596,-35.82583626195491,2,333.73
satubinha,MA,-4.038562291788479,-45.23737623167276,2,138.79
saubara,BA,-12.743405333736474,-38.76874492304449,1,179.9
saudade do iguacu,PR,-25.69432331065044,-52.61883750606225,4,263.79
saudades,SC,-26.925367596689007,-53.00431264626756,4,305.84
saude,BA,-10.939838614530316,-40.420611459202846,2,119.4
schroeder,SC,-26.405445142724908,-49.074744844985375,9,1168.69
seabra,BA,-12.419056280766661,-41.77211221180393,6,982.5
seara,SC,-27.160802125766637,-52.31539991047458,5,582.87
sebastiao leal,PI,-7.570047212577284,-44.063227109671274,1,24.99
seberi,RS,-27.48204459903416,-53.4014350145469,2,130.39000000000001
sede alvorada,PR,-24.82693999999998,-53.646109999999965,1,119.0
segredo,RS,-29.334054626519027,-52.97154232089777,1,29.939999999999998
selbach,RS,-28.630116022225685,-52.954191678007035,1,49.9
senador amaral,MG,-22.587244561876126,-46.177097296979696,2,179.46
senador canedo,GO,-16.713163171541098,-49.10375227068232,1,279.0
senador canedo,GO,-16.702838709763064,-49.0933668024787,1,22.99
senador canedo,GO,-16.694946526077192,-49.100114327597176,3,467.7
senador canedo,GO,-16.69456969561259,-49.14587841604502,1,95.9
senador canedo,GO,-16.692694171726135,-49.116798466806955,7,354.0
senador canedo,GO,-16.671751517709044,-49.17522843032375,1,99.99
senador canedo,GO,-16.652238315052923,-49.15342660223456,1,21.8
senador cortes,MG,-21.804296451189625,-42.945876656304065,1,298.0
senador firmino,MG,-20.913864974146126,-43.10099606849122,2,138.57
senador guiomard,AC,-10.153304051241047,-67.73425773430944,2,409.98
senador jose porfirio,PA,-2.615753501785348,-51.936138246790165,1,6.0
senador la rocque,MA,-5.482464652508486,-47.22083130578991,1,90.0
senador modestino goncalves,MG,-17.948626059192208,-43.22280023802128,2,119.32
senador pompeu,CE,-5.58787718938735,-39.3747408815969,4,585.94
senador salgado filho,RS,-28.0257982976049,-54.54445219094282,1,83.8
senges,PR,-24.113671239664153,-49.4639594393949,5,487.39
senhor do bonfim,BA,-10.462341603580397,-40.183766986895854,18,2387.38
senhora de oliveira,MG,-20.795372403796655,-43.34489973497506,2,116.9
senhora dos remedios,MG,-21.0303632235979,-43.58426088487572,1,29.99
sento se,BA,-9.743372912976032,-41.86929985961934,1,53.99
serafina correa,RS,-28.7127705935721,-51.93407780760516,9,813.66
sericita,MG,-20.473672496708872,-42.48349775921559,2,216.32
seringueiras,RO,-11.778978995181951,-63.03955975028363,2,395.99
serio,RS,-29.384209931797926,-52.270944085626844,1,22.9
seropedica,RJ,-22.80791081625367,-43.644304412473865,8,1063.59
seropedica,RJ,-22.792366849451536,-43.662640119980665,2,144.98
seropedica,RJ,-22.787688375690138,-43.64890166112607,3,218.60000000000002
seropedica,RJ,-22.746274001626645,-43.708503424610186,9,1833.81
seropedica,RJ,-22.741006794925276,-43.699829819938394,9,820.27
seropedica,RJ,-22.71072154468618,-43.69140232860298,2,309.9
serra,ES,-20.236215492570285,-40.27203665640389,24,3163.14
serra,ES,-20.22398020791206,-40.27581852168546,16,2224.57
serra,ES,-20.2181376576319,-40.24297180111903,23,2411.07
serra,ES,-20.21168518103554,-40.239619032183235,20,1729.06
serra,ES,-20.199185893801207,-40.25773967249934,18,1796.32
serra,ES,-20.196980180925653,-40.271118393966525,13,2595.23
serra,ES,-20.188079675277496,-40.241697762995486,24,3729.7400000000002
serra,ES,-20.17952411178505,-40.25832209201949,26,3504.85
serra,ES,-20.171285062076123,-40.20456733111168,13,1279.64
serra,ES,-20.158689016993442,-40.19214871446736,4,259.79
serra,ES,-20.15847292670448,-40.24609615513035,5,1171.97
serra,ES,-20.154331390341508,-40.268980120256636,9,930.63
serra,ES,-20.15015966406233,-40.2650679550429,4,372.53999999999996
serra,ES,-20.14021567598439,-40.19358162519008,29,2879.2400000000002
serra,ES,-20.138476164068283,-40.24779440322811,15,1702.13
serra,ES,-20.13590387834678,-40.29837508817457,6,790.6999999999999
serra,ES,-20.13514374784089,-40.29981975803893,7,1634.3
serra,ES,-20.12154558211048,-40.30597879856886,9,1757.0900000000001
serra,ES,-20.117365072818473,-40.29309840257896,1,119.99
serra,ES,-20.072017818138658,-40.3621684728586,1,59.99
serra,ES,-20.064542491457843,-40.20226241236841,11,1072.08
serra azul,SP,-21.311947524606836,-47.564034300996234,1,72.5
serra azul de minas,MG,-18.36254674549674,-43.17113698108101,2,344.99
serra bonita,MG,-15.214249489419505,-46.81573874501741,1,169.99
serra branca,PB,-7.494554491157478,-36.67626659145202,1,84.9
serra de sao bento,RN,-6.417963758748006,-35.708585301965435,2,236.9
serra do ramalho,BA,-13.524336387693962,-43.607441325570896,4,317.09000000000003
serra do salitre,MG,-19.111238303576517,-46.68169552127703,1,49.99
serra dos aimores,MG,-17.78190690626713,-40.244847239146296,5,351.82
serra dos dourados,PR,-23.619535425600905,-53.38212068195976,1,65.0
serra dourada,BA,-12.759336072245091,-43.94693060512876,2,197.14
serra negra,SP,-22.614621137795265,-46.709593428612386,13,3202.53
serra talhada,PE,-7.990403053242666,-38.2893068453313,5,1058.68
serra talhada,PE,-7.987960049097937,-38.2950196716046,5,994.5
serrana,SP,-21.208159120071993,-47.60162092584304,13,917.9
serrania,MG,-21.53164203269479,-46.119510176159764,2,345.89
serranopolis,GO,-18.306989983868146,-51.95823480803507,3,1002.88
serranopolis de minas,MG,-15.80955459225718,-42.87138430389349,1,119.9
serranopolis do iguacu,PR,-25.414255032786436,-54.04109955262888,2,274.89
serrinha,BA,-11.661759736331563,-39.00523646386242,14,1889.1399999999999
serrita,PE,-7.945676919846612,-39.296455761113656,2,428.9
serro,MG,-18.598363772688757,-43.38864460857634,2,837.89
serrolandia,BA,-11.41871333058074,-40.2923760727682,2,325.0
sertania,PE,-8.076095735202673,-37.27177644815795,4,343.29
sertanopolis,PR,-23.059061150910853,-51.037541668178726,4,918.8
sertao,RS,-27.983860199448262,-52.25852175508238,3,309.49
sertao santana,RS,-30.46095323367513,-51.60202109475423,1,20.9
sertaozinho,SP,-21.15271413273216,-48.00201605768767,1,179.99
sertaozinho,SP,-21.15214207026132,-47.98716132384969,2,214.8
sertaozinho,SP,-21.142567251986407,-47.99691269940313,7,673.03
sertaozinho,SP,-21.140824703538467,-47.97348125378793,4,480.88
sertaozinho,SP,-21.13723780944055,-47.98924445538586,16,2439.32
sertaozinho,SP,-21.131057467396257,-47.98156097252699,6,357.58000000000004
sertaozinho,SP,-21.12951380196119,-48.013678284058315,13,1023.11
sertaozinho,SP,-21.126001225542073,-47.99894978594183,5,574.69
sertaozinho,SP,-21.11700259937824,-47.987587620408725,2,138.8
sertaozinho,SP,-21.11476151429044,-48.024031224194275,2,334.03999999999996
sertaozinho,SP,-21.07509580470384,-47.9009602348426,3,307.99
sete barras,SP,-24.385497130331405,-47.92805608893468,4,229.69
sete de setembro,RS,-28.12866725720165,-54.45910180238341,1,54.9
sete lagoas,MG,-19.460508470366015,-44.23145971975352,39,5371.15
sete lagoas,MG,-19.45799501338864,-44.24812822762972,70,10636.69
sete lagoas,MG,-19.44881356768175,-44.23042232506913,16,1196.52
sete lagoas,MG,-19.436003324459246,-44.20525352790132,1,58.99
setubinha,MG,-17.601561993385634,-42.14904598152063,3,265.89
severiano melo,RN,-5.787331662729001,-37.96391463750967,1,120.0
severinia,SP,-20.80877790459578,-48.807385189974895,5,466.13
sideropolis,SC,-28.600104015630222,-49.42665884994721,4,299.70000000000005
sidrolandia,MS,-20.935281510237846,-54.963196579894685,11,1557.76
silva jardim,RJ,-22.643049932211905,-42.40944446257947,4,567.59
silvania,GO,-16.664838379896693,-48.61117277481365,7,1208.79
silvano,MG,-18.83912726781643,-46.94672164246674,1,99.99
silvanopolis,TO,-11.162527976751385,-48.141224978837464,1,229.99
silveira carvalho,MG,-23.543365499999997,-46.889442,1,28.9
silveira martins,RS,-29.64531693920428,-53.58382548577273,1,119.8
silveiras,SP,-22.667095203838738,-44.85266683118531,3,406.5
silvianopolis,MG,-21.09488085123598,-45.83197557192549,3,132.5
simao dias,SE,-10.740552873132728,-37.806857157301685,7,828.48
simao pereira,MG,-21.96345207172735,-43.31445287096894,1,149.0
simoes filho,BA,-12.792102385300257,-38.39277244867185,21,4671.48
simolandia,GO,-14.467797331163872,-46.482637767423135,2,138.99
simonesia,MG,-20.110674250821898,-41.999729713013636,8,1295.88
simplicio mendes,PI,-7.85992109336715,-41.91030957747023,1,16.6
sinimbu,RS,-29.530501568712488,-52.52211472129332,2,81.78
sinop,MT,-11.910930485486166,-55.50691408590014,1,115.19999999999999
sinop,MT,-11.874715146405201,-55.50053593310991,5,1024.18
sinop,MT,-11.866928762786962,-55.51692260681918,15,2356.28
sinop,MT,-11.853803043353983,-55.503545408785875,11,1407.21
sinop,MT,-11.84524409550921,-55.528178986319666,1,188.0
sinop,MT,-11.83455242799876,-55.50810988391814,7,695.98
sinop,MT,-11.82492077765351,-55.51680619450829,1,199.0
siqueira campos,PR,-23.682446503474555,-49.82328699148567,9,1478.08
sirinhaem,PE,-8.59544613525137,-35.11252611313764,5,571.88
sitio do quinto,BA,-10.359784781277792,-38.17889441856951,2,97.89
sitio novo,MA,-5.8775143967415096,-46.70246440691378,1,24.99
sitio novo,RN,-6.10752907461681,-35.91378340816983,1,149.9
sitio novo do tocantins,TO,-5.607352810437594,-47.64917313667066,2,314.9
sobradinho,BA,-9.470699499739322,-40.81221695121534,5,592.69
sobradinho,DF,-15.640895381740807,-47.81604202656759,1,99.0
sobradinho,RS,-29.41678369308112,-53.026586319295326,3,323.9
sobral,CE,-3.7013449392557933,-40.33639357426177,3,1908.89
sobral,CE,-3.701164347683138,-40.314408430997,2,769.9
sobral,CE,-3.697676475900594,-40.34057120902246,1,142.47
sobral,CE,-3.6974344998249067,-40.36798760307688,1,138.0
sobral,CE,-3.692944990350883,-40.36319089053384,1,89.9
sobral,CE,-3.69155488882103,-40.36857462708944,1,142.99
sobral,CE,-3.69111824523208,-40.38603776829211,1,390.0
sobral,CE,-3.6877316685674995,-40.35138697227929,7,1102.18
sobral,CE,-3.6857158782374713,-40.35221099605633,4,715.23
sobral,CE,-3.6851137814213644,-40.36402965886259,2,193.8
sobral,CE,-3.6843540376008823,-40.33462632837747,4,1733.7000000000003
sobral,CE,-3.676361655771074,-40.36271854178773,4,1001.8
sobral,CE,-3.6705226545120198,-40.350173150598025,2,2319.99
sobralia,MG,-19.229637667755448,-42.10188722081008,1,24.9
socorro,SP,-22.596373040143575,-46.50720671996104,19,2319.45
solanea,PB,-6.759474884371158,-35.657541623169536,1,440.0
soledade,PB,-7.058849598067856,-36.36348348927906,3,258.9
soledade,RS,-28.827449667113736,-52.50925488808854,5,568.79
soledade de minas,MG,-22.056337273273794,-45.04408568268843,5,309.94
solonopole,CE,-5.736313443655067,-39.017749209463766,2,729.89
sombrio,SC,-29.108465252964574,-49.63523203121822,10,1175.92
sonora,MS,-17.583081258667853,-54.754409378924095,2,57.98
sooretama,ES,-19.189127770488813,-40.10086124895696,5,317.35999999999996
sorocaba,SP,-23.536889528171127,-47.46968686008559,17,1912.93
sorocaba,SP,-23.53173194533856,-47.49980351058789,13,1758.17
sorocaba,SP,-23.52468862113182,-47.44057850460519,2,209.39000000000001
sorocaba,SP,-23.521977833330254,-47.47440850898069,12,1821.83
sorocaba,SP,-23.520376831300773,-47.46298465265633,6,458.29
sorocaba,SP,-23.51904648600913,-47.48526575155909,15,1852.28
sorocaba,SP,-23.518036151648534,-47.50354677182044,22,2296.1
sorocaba,SP,-23.517022581120646,-47.45776298054839,8,883.46
sorocaba,SP,-23.515612441573655,-47.44346053722513,21,2520.78
sorocaba,SP,-23.51494276234891,-47.49952973151333,15,1374.62
sorocaba,SP,-23.510538970251265,-47.45966978985545,15,2335.2400000000002
sorocaba,SP,-23.510531622008717,-47.35567458852157,1,39.9
sorocaba,SP,-23.510186495798685,-47.478029694041915,9,2190.64
sorocaba,SP,-23.508311043750304,-47.42866744631925,8,1356.55
sorocaba,SP,-23.50720325938489,-47.50348495089035,4,665.79
sorocaba,SP,-23.506818689006565,-47.44565113471125,15,795.72
sorocaba,SP,-23.50565448255847,-47.479115135789606,3,144.70000000000002
sorocaba,SP,-23.505547950176677,-47.46970526393222,13,1954.38
sorocaba,SP,-23.5027546265632,-47.43045059256107,9,1290.69
sorocaba,SP,-23.50113158753629,-47.51857928049102,19,2072.03
sorocaba,SP,-23.501008718763483,-47.462025917264214,14,1798.09
sorocaba,SP,-23.50069966216975,-47.45936934082602,11,1181.85
sorocaba,SP,-23.499859401375314,-47.37469832927307,14,1353.3300000000002
sorocaba,SP,-23.497316500688548,-47.5016021640742,33,3925.27
sorocaba,SP,-23.495464239873176,-47.42828678920389,13,1327.76
sorocaba,SP,-23.495455071965026,-47.48491380651181,8,821.22
sorocaba,SP,-23.49366255558067,-47.52355978260048,2,127.9
sorocaba,SP,-23.492578215801906,-47.41091670439589,18,3902.06
sorocaba,SP,-23.491386351129066,-47.47060625398321,12,1344.5700000000002
sorocaba,SP,-23.491115625012178,-47.43011043994365,4,301.68
sorocaba,SP,-23.489048749269905,-47.448845705848385,9,984.96
sorocaba,SP,-23.485490472468868,-47.479504059125134,7,965.8
sorocaba,SP,-23.485222804707004,-47.45986989975185,11,826.6600000000001
sorocaba,SP,-23.481599635478858,-47.44821483282602,18,3046.01
sorocaba,SP,-23.481172318394925,-47.49547583253126,2,49.4
sorocaba,SP,-23.479856225609666,-47.509849880081205,7,1425.93
sorocaba,SP,-23.477245262199357,-47.45071002087775,10,951.22
sorocaba,SP,-23.47403034937185,-47.467397146521684,17,2108.06
sorocaba,SP,-23.473530654207142,-47.483469553604266,8,585.21
sorocaba,SP,-23.472414567045835,-47.433669226304254,17,1566.53
sorocaba,SP,-23.464204707776595,-47.47145666010212,14,1920.83
sorocaba,SP,-23.46300549914994,-47.502616746908714,24,1881.18
sorocaba,SP,-23.459173046685184,-47.40454580051047,19,2560.61
sorocaba,SP,-23.453975800323065,-47.473709082916216,15,2720.91
sorocaba,SP,-23.453584506332753,-47.48851312145476,12,1851.3
sorocaba,SP,-23.447608976741733,-47.44713633654418,7,873.48
sorocaba,SP,-23.43807906097576,-47.46774085310069,20,2091.44
sorocaba,SP,-23.43631473968891,-47.47137629459926,8,820.54
sorocaba,SP,-23.43354752315602,-47.50917936639681,14,1321.38
sorocaba,SP,-23.419167901610297,-47.4167211093245,9,1251.38
sorocaba,SP,-23.401587415313383,-47.379336229819096,5,818.13
sorriso,MT,-12.572133957590658,-55.7145156875479,20,3342.75
sousa,PB,-6.770668421107524,-38.226996211239886,3,452.99
sousa,PB,-6.76599910869418,-38.233586915720636,1,129.9
sousa,PB,-6.760553705454457,-38.22600556744839,1,349.9
sousa,PB,-6.755183825899877,-38.224023819389984,2,109.80000000000001
sucesso,CE,-4.942380930005896,-40.53798304931322,3,352.9
sucupira do norte,MA,-6.4778232161363025,-44.191216518945964,2,319.9
sud mennucci,SP,-20.689439238370312,-50.923232206352566,5,377.87
sulina,PR,-25.699912147716937,-52.72068813344798,1,29.9
sumare,SP,-22.84119404823571,-47.19169320126285,25,2151.4
sumare,SP,-22.837739320882502,-47.16973298107891,6,628.79
sumare,SP,-22.832068060764513,-47.270520313249,11,1626.95
sumare,SP,-22.822136510808804,-47.27033542521255,13,2735.38
sumare,SP,-22.820762409611284,-47.171513139039945,8,1079.56
sumare,SP,-22.81799186292258,-47.24110126411868,31,3086.09
sumare,SP,-22.815393536423954,-47.28640463224873,16,1457.14
sumare,SP,-22.81465309875304,-47.26078830509768,11,1024.83
sumare,SP,-22.8092803637171,-47.22657022133302,7,1045.8400000000001
sumare,SP,-22.804314962307636,-47.20596316089543,36,4867.34
sumare,SP,-22.800386925466352,-47.27589886745043,13,1431.79
sume,PB,-7.670534219460012,-36.88087385765067,3,248.89
sumidouro,RJ,-22.055331228832138,-42.673564014326516,10,1060.68
surubim,PE,-7.841478546195655,-35.75945003965524,5,546.87
suzanapolis,SP,-20.5008102090912,-51.02644096285529,1,76.9
suzano,SP,-23.669022064452157,-46.33321757384235,5,384.97
suzano,SP,-23.646688575359875,-46.32689397677152,8,893.68
suzano,SP,-23.643593132336083,-46.31199387401307,1,153.4
suzano,SP,-23.643542978799257,-46.313099042406925,3,622.9
suzano,SP,-23.622525771818758,-46.32595623782947,3,335.89
suzano,SP,-23.5938127383662,-46.30568570187291,6,533.95
suzano,SP,-23.593134067158672,-46.3055030818696,1,49.0
suzano,SP,-23.568378754831503,-46.33354383619191,7,585.44
suzano,SP,-23.55921882096345,-46.33632147208989,1,94.0
suzano,SP,-23.559139079537744,-46.313395283386505,12,1018.7
suzano,SP,-23.557876941289944,-46.32636817750629,10,1660.1999999999998
suzano,SP,-23.557167128317072,-46.29273877279442,7,683.48
suzano,SP,-23.553927490558298,-46.30691050096009,11,1055.57
suzano,SP,-23.55172984516421,-46.313416040411035,10,747.7
suzano,SP,-23.5478173394453,-46.29562373495021,27,2859.25
suzano,SP,-23.544639792044684,-46.32694579681154,5,419.09000000000003
suzano,SP,-23.543283541610446,-46.313030206371685,13,1429.95
suzano,SP,-23.541564465809035,-46.300145859409945,10,1377.57
suzano,SP,-23.540961275065246,-46.28675991494017,4,271.28
suzano,SP,-23.540539029037912,-46.31794954369798,21,2079.53
suzano,SP,-23.53830862286519,-46.33042653614289,4,246.76999999999998
suzano,SP,-23.53468582765267,-46.287394845770656,2,129.8
suzano,SP,-23.533389538560343,-46.29819319994478,1,58.99
suzano,SP,-23.528295980520745,-46.32041331063884,3,488.8
suzano,SP,-23.52823329538844,-46.310954153082484,7,726.3
suzano,SP,-23.523438861295997,-46.30496565775929,6,439.68
suzano,SP,-23.511192262104753,-46.29582111132435,9,501.03000000000003
suzano,SP,-23.509968872336355,-46.29020664503258,14,1389.75
suzano,SP,-23.502318851022473,-46.30528241556756,5,835.39
suzano,SP,-23.49809915521164,-46.315955832139096,7,869.29
suzano,SP,-23.494702294035772,-46.279698000706645,7,1608.55
tabapora,MT,-11.299600093479508,-56.79221455382542,2,214.9
tabapua,SP,-20.963703917030344,-49.032608844070054,12,1322.96
tabatinga,SP,-21.73706314242179,-48.687600901117015,5,389.69
tabira,PE,-7.590727896323007,-37.53988021706025,5,986.88
taboao da serra,SP,-23.642229887600067,-46.791780025022014,8,769.88
taboao da serra,SP,-23.642179455075667,-46.800309347746605,8,2163.71
taboao da serra,SP,-23.636893791463734,-46.78500504503476,3,141.79000000000002
taboao da serra,SP,-23.636703761016996,-46.79412240682528,15,3709.54
taboao da serra,SP,-23.636465664408497,-46.80609915012177,10,1894.0600000000002
taboao da serra,SP,-23.63204066994469,-46.790805791194074,7,1055.55
taboao da serra,SP,-23.63068641299851,-46.78922367288023,13,986.34
taboao da serra,SP,-23.62768559407367,-46.778250333951576,15,1367.85
taboao da serra,SP,-23.625556172438362,-46.80788173453035,8,762.49
taboao da serra,SP,-23.623700134939966,-46.80039548773422,11,1420.61
taboao da serra,SP,-23.623192318731416,-46.79148699861499,11,1270.38
taboao da serra,SP,-23.621544136190167,-46.78504018896172,17,1460.67
taboao da serra,SP,-23.61922208810035,-46.7740466020165,41,3108.78
taboao da serra,SP,-23.616307384096704,-46.80721858538791,1,139.79000000000002
taboao da serra,SP,-23.615830177735248,-46.76853282528388,33,3891.21
taboao da serra,SP,-23.61347448210385,-46.77314095001841,4,1530.8600000000001
taboao da serra,SP,-23.613029598605625,-46.79742955757189,1,319.20000000000005
taboao da serra,SP,-23.611337140429217,-46.760748712481586,20,2178.75
taboao da serra,SP,-23.61117566577071,-46.78672761113588,6,836.19
taboao da serra,SP,-23.610687930483408,-46.767033457093746,2,79.89
taboao da serra,SP,-23.60837706120375,-46.77891068485803,2,139.98
taboao da serra,SP,-23.60768984210527,-46.752814815789456,9,1059.52
taboao da serra,SP,-23.60635627911704,-46.77360013135428,12,1407.85
taboao da serra,SP,-23.606134712403115,-46.757485704963734,4,598.6
taboao da serra,SP,-23.602304204155438,-46.75599818781657,16,1721.51
taboao da serra,SP,-23.60094979218265,-46.76559072289254,7,725.6899999999999
tabocas do brejo velho,BA,-12.6235237803351,-44.06177476053478,3,139.88
taboquinhas,BA,-14.277952102631142,-38.995374147173415,1,289.0
tabuleiro,MG,-21.360075006082585,-43.24784350673851,2,324.89
tabuleiro do norte,CE,-5.249525498974742,-38.12931202446786,1,44.99
tacaratu,PE,-9.104113252980355,-38.128680389513896,1,74.9
taciba,SP,-22.389796019403477,-51.28957838619756,2,348.98
tacuru,MS,-23.63513947116163,-55.017107463670186,1,120.0
taguai,SP,-23.45353468486184,-49.40549224796595,10,707.34
taguatinga,DF,-15.839227991400522,-48.043637072680255,1,149.39999999999998
taguatinga,DF,-15.83681375091501,-48.004469491789585,2,219.8
taguatinga,DF,-15.830023262395741,-47.980465771379436,1,59.9
taguatinga,TO,-12.398604932189372,-46.439265385294775,3,355.79
taiacu,SP,-21.143847427879898,-48.510864977366786,1,60.5
tailandia,PA,-2.940026352505239,-48.94519285295624,4,2113.18
taio,SC,-27.118392469189253,-49.999646980328485,14,4366.23
taiobeiras,MG,-15.812215251340339,-42.22709529057218,13,2684.71
taiuva,SP,-21.12467337567158,-48.448628768247815,5,881.54
tamandare,PE,-8.753783812248033,-35.111756344228056,1,49.0
tamarana,PR,-23.724770743785037,-51.096055257485524,2,103.9
tambau,SP,-21.703495030535553,-47.276353860301036,19,1513.43
tamboara,PR,-23.19956290910682,-52.499539370185424,1,8.99
tanabi,SP,-20.623521591055777,-49.65195844976547,11,1404.39
tangara,SC,-27.101525346173663,-51.24670885270848,1,354.9
tangara da serra,MT,-14.615108078258483,-57.51478343819719,23,3905.7
tangua,RJ,-22.73521870942802,-42.727847609078914,6,504.88
tanhacu,BA,-14.059502295365316,-41.23499741666952,4,528.78
tanque d'arca,AL,-9.534569468663042,-36.433853041307216,2,578.0
tanque novo,BA,-13.548673267223352,-42.494980485923726,3,329.59
taparuba,MG,-19.76348777029724,-41.613996982306276,1,89.0
tapejara,PR,-23.734126846454718,-52.866134138670226,2,355.9
tapejara,RS,-28.06895869493593,-52.01206796080064,9,1165.13
tapera,RS,-28.627901293386625,-52.86988286131272,1,61.8
taperuaba,CE,-4.080853105930747,-39.94746353873209,1,55.49
tapes,RS,-30.67407284892654,-51.39790575071823,6,797.3499999999999
tapinas,SP,-21.446557199012133,-48.78737039593602,1,89.99
tapirai,SP,-23.963910485651006,-47.50544464465205,2,108.65
tapiramuta,BA,-11.847671465060738,-40.79251913126304,2,1298.99
tapiratiba,SP,-21.472495940036872,-46.74849920183369,12,2601.2200000000003
tapurah,MT,-12.730236325949065,-56.51946937964815,1,125.0
taquara,RS,-29.663776595683643,-50.776393193740205,2,193.9
taquara,RS,-29.660858640060212,-50.76905479257694,1,84.0
taquara,RS,-29.650732911333858,-50.782399828363395,15,3705.2400000000002
taquara,RS,-29.64374771606845,-50.780033883122194,2,418.0
taquara,RS,-29.6419155033519,-50.78794645477614,1,26.4
taquaracu de minas,MG,-19.662558537727836,-43.68930056578074,2,358.0
taquarana,AL,-9.647419962029984,-36.49400160914397,1,146.99
taquari,RS,-29.79261154979131,-51.86124955771729,11,1619.28
taquaritinga,SP,-21.405278766273245,-48.50445358762052,33,4604.03
taquaritinga do norte,PE,-7.910858713164717,-36.07161879922118,6,2064.91
taquarituba,SP,-23.532344407408793,-49.2463222335984,15,2418.62
taquarivai,SP,-23.925760560300045,-48.69799582939113,3,674.89
taquarucu do sul,RS,-27.39956191046567,-53.466850054192726,1,70.0
tarabai,SP,-22.30449012443575,-51.55827751528551,5,982.35
taruma,SP,-22.7489466206339,-50.578951684465736,9,997.72
tarumirim,MG,-19.285073278116073,-42.00388859625823,4,775.49
tatui,SP,-23.37338177327644,-47.846997161243245,5,1396.69
tatui,SP,-23.360665656048866,-47.81458981007484,6,531.78
tatui,SP,-23.36033442262856,-47.86746818172678,6,634.6899999999999
tatui,SP,-23.35714828982301,-47.85466102957959,12,1392.48
tatui,SP,-23.352795029539955,-47.87213798561126,7,709.74
tatui,SP,-23.349777166836898,-47.8473777434754,11,2618.6
tatui,SP,-23.34603440540425,-47.82517436668726,3,119.9
tatui,SP,-23.34400083421551,-47.86152527349471,2,787.0
tatui,SP,-23.343337984697843,-47.83968953299889,14,2104.56
tatui,SP,-23.333791304252223,-47.84745972933328,6,985.59
taua,CE,-6.001905413296545,-40.29321156760679,10,933.13
taubate,SP,-23.075592023439484,-45.53831478182268,1,334.99
taubate,SP,-23.068725394296354,-45.569365952913884,2,710.0
taubate,SP,-23.0616712576859,-45.58596740211623,7,375.57
taubate,SP,-23.04745414714813,-45.518368682923274,4,295.79
taubate,SP,-23.046085202113314,-45.568569904055046,7,314.2
taubate,SP,-23.044417151183058,-45.554036957841426,12,507.89
taubate,SP,-23.042432206324502,-45.5919731250304,2,232.9
taubate,SP,-23.03972972608239,-45.61000237675928,7,710.6
taubate,SP,-23.039536166276562,-45.58107022035314,16,1510.17
taubate,SP,-23.035513913821124,-45.5445280465859,5,444.69
taubate,SP,-23.032505379277787,-45.5594381761617,13,1170.28
taubate,SP,-23.032142161173525,-45.57046127271817,26,3800.59
taubate,SP,-23.02980736106754,-45.58990903449013,15,1075.59
taubate,SP,-23.02783030149171,-45.62099077394347,8,1182.19
taubate,SP,-23.027766508413336,-45.578564280368944,6,886.98
taubate,SP,-23.027633427165465,-45.53357932189232,5,271.28
taubate,SP,-23.024280905181556,-45.55908211584209,12,1869.28
taubate,SP,-23.022806049124338,-45.550847355737325,15,1896.52
taubate,SP,-23.01997035777431,-45.57156916139429,9,946.95
taubate,SP,-23.01758622252829,-45.54145499768457,13,1419.49
taubate,SP,-23.014807429888094,-45.55899719867828,12,1501.69
taubate,SP,-23.01200874342929,-45.585652014090726,4,396.83
taubate,SP,-23.009417600463877,-45.56793059262498,8,941.27
taubate,SP,-23.007841485129667,-45.52110729830195,5,560.8
taubate,SP,-23.005570806176625,-45.57546302746438,8,935.66
taubate,SP,-23.004329658806387,-45.532156004792505,12,1393.0500000000002
taubate,SP,-23.003775163660315,-45.55922387088622,16,1222.79
taubate,SP,-23.00303148883768,-45.54693113414872,10,1979.06
tavares,RS,-31.284256536049984,-51.08718013091004,1,176.99
tecainda,SP,-22.002037882381078,-51.13586076317752,1,149.99
teixeira,PB,-7.223482249942097,-37.25336131178926,1,34.9
teixeira de freitas,BA,-17.547932138127845,-39.747899125694694,2,382.5
teixeira de freitas,BA,-17.546879076077325,-39.74329000042404,6,1040.27
teixeira de freitas,BA,-17.54417668632646,-39.72756887987122,9,929.47
teixeira de freitas,BA,-17.541989718983515,-39.752685422304204,1,13.65
teixeira de freitas,BA,-17.53488563951106,-39.734425499743466,2,362.89
teixeira de freitas,BA,-17.53346071765579,-39.75902944599719,3,166.8
teixeira de freitas,BA,-17.529788261528395,-39.71545156398904,1,88.0
teixeira de freitas,BA,-17.50939119273799,-39.772175694637184,3,252.7
teixeira de freitas,BA,-17.463044201525676,-39.82615452279193,1,149.9
teixeira soares,PR,-25.371975656252413,-50.462083835822334,1,545.69
teixeiras,MG,-20.653805126045775,-42.85515453493235,6,483.58
tejupa,SP,-23.37543665012392,-49.32839062212415,3,335.18
telemaco borba,PR,-24.340571595963986,-50.61368258579788,5,851.68
telemaco borba,PR,-24.334663722970415,-50.625327882787715,5,253.77
telemaco borba,PR,-24.332666805019763,-50.63628635418168,4,975.91
telemaco borba,PR,-24.332522026656402,-50.65466665719944,1,99.98
telemaco borba,PR,-24.32893411988686,-50.61883731805874,3,779.9
telemaco borba,PR,-24.326480691484853,-50.640506942088976,1,144.9
telemaco borba,PR,-24.324552534034403,-50.612552272586726,2,438.9
telemaco borba,PR,-24.323054843994043,-50.63333120730312,4,431.79999999999995
telemaco borba,PR,-24.321694969692125,-50.621866630444316,5,440.67
telemaco borba,PR,-24.318908067554464,-50.64772919673497,1,104.0
telemaco borba,PR,-24.317742305656036,-50.65693940912393,1,21.99
telemaco borba,PR,-24.315900163465795,-50.63024405539915,2,149.99
telha,SE,-10.206161545362404,-36.88485305490262,1,212.4
tenente ananias,RN,-6.464288727567204,-38.18007764745476,1,229.9
tenente portela,RS,-27.37105304978636,-53.75858565720006,3,482.79
teodoro sampaio,BA,-12.304098701403808,-38.64073809086561,1,64.9
teodoro sampaio,SP,-22.52966149799331,-52.17237000065108,12,1259.77
teofilandia,BA,-11.4870493414391,-38.99528940774508,3,183.88
teofilo otoni,MG,-17.877228168655424,-41.50822435110359,11,969.37
teofilo otoni,MG,-17.871411345922642,-41.49969515212914,10,802.4499999999999
teofilo otoni,MG,-17.858065304878753,-41.49527921433998,17,2398.9900000000002
teofilo otoni,MG,-17.857454090339946,-41.51935392129261,12,1042.12
teofilo otoni,MG,-17.85441483001937,-41.508669774560204,25,2531.3
teolandia,BA,-13.247298926941468,-39.40719948923639,4,167.8
teotonio vilela,AL,-9.91132355428027,-36.35627070556906,7,2043.88
terenos,MS,-20.440202905332107,-54.86445992626629,1,62.89
teresina,PI,-5.189482734244597,-42.739498521509574,2,149.89000000000001
teresina,PI,-5.188491344500009,-42.76101871348982,1,65.98
teresina,PI,-5.176091756573893,-42.78503322704989,4,562.6800000000001
teresina,PI,-5.15675288962974,-42.78348079730441,3,179.64
teresina,PI,-5.149632303922491,-42.75521718182859,1,527.9
teresina,PI,-5.142200994744824,-42.78599602678601,3,749.8
teresina,PI,-5.138120256236034,-42.774782517699805,2,619.98
teresina,PI,-5.135137393773798,-42.78842201380179,1,267.0
teresina,PI,-5.13330157205322,-42.788595173401845,1,67.0
teresina,PI,-5.131798544100242,-42.78618804075075,7,1527.17
teresina,PI,-5.124535918341864,-42.79242704853795,6,563.78
teresina,PI,-5.118702834015294,-42.79007174746956,5,558.76
teresina,PI,-5.116408971496599,-42.761888422820775,4,409.77
teresina,PI,-5.115634192749708,-42.71972351069029,1,144.9
teresina,PI,-5.113239831333186,-42.75174538789214,2,109.97999999999999
teresina,PI,-5.112565119096701,-42.75251526407548,5,372.58
teresina,PI,-5.112437551061648,-42.80757474795396,4,485.09
teresina,PI,-5.109131545314428,-42.806832606954934,11,962.39
teresina,PI,-5.108910066536518,-42.7377001200054,1,28.9
teresina,PI,-5.1085201957185475,-42.79309254426713,3,87.89
teresina,PI,-5.10831319887268,-42.745688662448636,3,412.2
teresina,PI,-5.103348715678189,-42.7527932873658,12,1720.39
teresina,PI,-5.103058257575272,-42.796010089066414,7,1869.67
teresina,PI,-5.102080125293338,-42.75820984360813,3,913.0
teresina,PI,-5.0980858310006205,-42.79142067143932,4,566.16
teresina,PI,-5.091914022259527,-42.79390070964977,3,738.98
teresina,PI,-5.0908435368933915,-42.80492192780676,8,2536.68
teresina,PI,-5.085652588872493,-42.73464592265512,1,14.9
teresina,PI,-5.085149834126564,-42.75220307022262,4,353.9
teresina,PI,-5.085065290059876,-42.77169356558627,4,359.78000000000003
teresina,PI,-5.084945725256096,-42.81075169349788,4,519.79
teresina,PI,-5.084063384940898,-42.78072768859218,4,1232.5
teresina,PI,-5.0765028768036,-42.77628486780122,6,1366.1599999999999
teresina,PI,-5.075749912454357,-42.77378145336343,1,129.0
teresina,PI,-5.074471843869339,-42.81811359801628,4,401.8
teresina,PI,-5.074337902069725,-42.813285464675644,15,4438.35
teresina,PI,-5.072748709233042,-42.75571878777736,15,1601.56
teresina,PI,-5.070480880322781,-42.78958969816073,7,1770.0
teresina,PI,-5.069187073741513,-42.766267515156315,9,2814.29
teresina,PI,-5.068566655649938,-42.77736642277121,10,1965.3100000000002
teresina,PI,-5.068139262933195,-42.78868774913422,22,4314.81
teresina,PI,-5.067748225237531,-42.76512915334239,3,1413.88
teresina,PI,-5.067119053083912,-42.79241767203695,5,921.9300000000001
teresina,PI,-5.063603676056504,-42.72151482809359,1,128.0
teresina,PI,-5.061447883255934,-42.82717994444403,2,249.89000000000001
teresina,PI,-5.061429634098204,-42.75587241100623,2,311.89
teresina,PI,-5.059261137439872,-42.77528556187549,2,894.9
teresina,PI,-5.0567302486969155,-42.746432700270034,4,1054.69
teresina,PI,-5.055214070321057,-42.780249589175845,1,119.9
teresina,PI,-5.0530118282385645,-42.81479234612184,8,1129.4399999999998
teresina,PI,-5.052115947465603,-42.811845136584324,1,517.99
teresina,PI,-5.049375867433337,-42.75524684877431,1,79.9
teresina,PI,-5.0486383354032744,-42.829983967124164,3,1254.22
teresina,PI,-5.044035010399391,-42.765882897138766,4,322.88
teresina,PI,-5.0410768034736035,-42.77021252517036,3,89.97
teresina,PI,-5.039611106053495,-42.818864351108466,1,199.99
teresina,PI,-5.039124751004396,-42.813106598196825,6,532.44
teresina,PI,-5.037147789984121,-42.734705499231836,2,96.3
teresina,PI,-5.009291946544591,-42.78159843711653,1,15.0
teresina,PI,-5.0073321800773725,-42.78044856201266,4,430.78999999999996
teresina,PI,-4.990111113089043,-42.83546958068997,1,231.27
teresina,PI,-4.989095534445429,-42.80462766773361,1,99.99
teresina de goias,GO,-13.764676069232092,-47.26343592050128,1,79.0
teresopolis,RJ,-22.45189566117594,-42.980367785532216,4,304.8
teresopolis,RJ,-22.44731276878846,-42.971109676432135,1,113.85
teresopolis,RJ,-22.44388381953959,-42.98199302726094,3,1362.7
teresopolis,RJ,-22.436727253151183,-42.98057224296581,6,606.83
teresopolis,RJ,-22.432444959895115,-42.94823491710232,7,1186.11
teresopolis,RJ,-22.431184122826373,-42.9702210850494,3,332.9
teresopolis,RJ,-22.428951630244512,-42.965164568571055,6,549.97
teresopolis,RJ,-22.427915104090918,-42.98136561213755,5,557.1700000000001
teresopolis,RJ,-22.421689729782344,-42.9672409578695,9,1425.5
teresopolis,RJ,-22.41767727466441,-42.97672144300954,20,3850.48
teresopolis,RJ,-22.413345253727115,-42.9459503111059,8,930.76
teresopolis,RJ,-22.412337122873986,-42.98330709309821,3,295.79
teresopolis,RJ,-22.4119494702975,-42.966414908613416,15,1693.99
teresopolis,RJ,-22.402062946072252,-42.97572529664188,4,312.73
teresopolis,RJ,-22.401370616090784,-42.991001939270085,3,305.8
teresopolis,RJ,-22.39301206342795,-42.94856598892128,5,988.98
teresopolis,RJ,-22.388592697956906,-42.91876025692103,6,950.59
teresopolis,RJ,-22.382045013604912,-42.98026517735906,2,101.47
teresopolis,RJ,-22.3795317664953,-42.97232884875907,2,398.99
teresopolis,RJ,-22.362857100322906,-42.899801321674055,6,749.88
teresopolis,RJ,-22.30520365716113,-42.888338422459626,1,96.0
terezinha,PE,-9.056296752793855,-36.624215131826155,1,39.99
termas de ibira,SP,-21.081026351979624,-49.24164245159575,1,71.9
terra boa,PR,-23.77185835065084,-52.44832800271509,4,683.79
terra de areia,RS,-29.579703310597797,-50.06461094862101,5,1137.29
terra nova,PE,-8.228592955312184,-39.3767517175978,1,209.99
terra nova do norte,MT,-10.586222381299807,-55.1142967936414,3,408.8
terra rica,PR,-22.72482408621595,-52.62259347387968,7,644.6700000000001
terra roxa,PR,-24.168029447213705,-54.09723231188331,3,561.0699999999999
terra roxa,SP,-20.788691699998115,-48.33040622959039,2,165.9
teutonia,RS,-29.4812253044076,-51.808172808597945,14,1493.6000000000001
tiangua,CE,-3.725711352106951,-40.991608750382554,9,2377.09
tibagi,PR,-24.515312452238586,-50.41241255186943,4,293.77
tibau do sul,RN,-6.229605315019039,-35.05831771890231,1,99.99
tiete,SP,-23.101621006440027,-47.71181914055678,35,4111.22
tijucas,SC,-27.23924890910297,-48.63706692121833,30,3504.74
timbauba,PE,-7.511929938098343,-35.31684951447656,7,567.67
timbe do sul,SC,-28.83206571646813,-49.846026897438705,3,212.79000000000002
timbo,SC,-26.827603296905576,-49.27037623408747,20,3957.67
timburi,SP,-23.20648945739114,-49.60307493634824,3,343.3
timon,MA,-5.122385026017528,-42.83551625306462,2,299.33000000000004
timon,MA,-5.102923191200864,-42.82426512776563,4,522.79
timon,MA,-5.101432896757717,-42.83765899185829,4,143.6
timon,MA,-5.090515399000506,-42.83593499463682,1,158.0
timoteo,MG,-19.57607170373005,-42.6431683737591,10,843.45
timoteo,MG,-19.55764177901883,-42.66862150055633,1,109.9
timoteo,MG,-19.548005802868936,-42.59883373940887,8,1003.89
timoteo,MG,-19.545340606723506,-42.643848513674975,26,3445.15
timoteo,MG,-19.534809563472315,-42.66728439907242,7,2295.48
tiradentes,MG,-21.10980791604441,-44.17477905963709,4,510.86
tiradentes do sul,RS,-27.39309950021365,-54.08802409490898,1,46.86
tiros,MG,-18.985909056795904,-45.95200911439447,3,175.89
tobias barreto,SE,-11.184611010697319,-38.00125690290274,2,209.99
tocantinopolis,TO,-6.325757558052025,-47.43089957828529,7,731.65
tocantins,MG,-21.1726252218232,-43.0219328222331,6,681.38
tocos,RJ,-22.903460323145516,-43.787664058741406,2,338.9
tocos do moji,MG,-22.3697541179653,-46.096743733276305,1,55.0
toledo,PR,-24.760472068314005,-53.73334372585799,1,29.0
toledo,PR,-24.752049846171094,-53.74273528342033,1,139.0
toledo,PR,-24.749326324029642,-53.72542707465992,3,499.78000000000003
toledo,PR,-24.74533577205675,-53.70889287787256,3,183.89
toledo,PR,-24.745242582139596,-53.74630578879612,3,122.8
toledo,PR,-24.73928473952832,-53.72361220357971,4,875.9
toledo,PR,-24.7368155084735,-53.74065899350403,3,157.4
toledo,PR,-24.73548775453431,-53.70736423816127,1,259.0
toledo,PR,-24.73337100980205,-53.752237359385205,10,1395.26
toledo,PR,-24.72820752248369,-53.739927791900904,14,2994.81
toledo,PR,-24.720782448085927,-53.720451600886705,8,658.55
toledo,PR,-24.718385807053018,-53.75896263028575,11,2212.97
toledo,PR,-24.71295584259675,-53.734957787035874,5,367.59
toledo,PR,-24.711673570658885,-53.74760648134386,3,157.69
tomar do geru,SE,-11.374591455564959,-37.84024090800675,2,228.79000000000002
tomazina,PR,-23.777624284233013,-49.95477557367965,3,348.8
tombos,MG,-20.909663465390214,-42.03518100397372,4,344.79
tome-acu,PA,-2.402479051609744,-48.14534568284274,1,24.99
toritama,PE,-8.005955191855476,-36.0586790310908,5,1072.79
toropi,RS,-29.471457592362487,-54.227555204448144,3,1529.9
torres,RS,-29.34114246818455,-49.74491959115231,17,1416.23
torrinha,SP,-22.43145412941161,-48.16996617407241,6,422.67
trabiju,SP,-22.039168711574966,-48.338877795076094,1,259.99
tracuateua,PA,-1.077780067763653,-46.90300475031508,1,13.98
tracunhaem,PE,-7.802056206299442,-35.23636556057312,1,659.0
traipu,AL,-9.96793244548259,-37.00287410022483,1,42.99
trairi,CE,-3.2630923212212033,-39.26798567961338,2,457.0
trajano de moraes,RJ,-22.065707657624642,-42.06975873031077,8,775.1800000000001
tramandai,RS,-30.005360772726835,-50.14976807414613,25,2703.52
trancoso,BA,-16.58182674915274,-39.136344626899096,6,754.2
travessao,RJ,-22.336613865468426,-42.46220269254275,4,414.09000000000003
travesseiro,RS,-29.31163965288243,-52.06285592271061,1,16.6
tremembe,SP,-22.97498488374376,-45.547937514535704,38,4876.03
tres arroios,RS,-27.4995642240208,-52.15016574213005,3,170.27
tres barras,SC,-26.123049389364333,-50.316187299288124,5,297.34000000000003
tres cachoeiras,RS,-29.45367401984629,-49.92164780810167,7,646.27
tres coracoes,MG,-21.69834838619433,-45.25270048185368,1,98.6
tres coracoes,MG,-21.69337082687344,-45.25976867138686,40,4395.23
tres coroas,RS,-29.511355583933103,-50.78115073787274,6,774.37
tres de maio,RS,-27.77657590438832,-54.23551840843681,12,1969.05
tres forquilhas,RS,-29.535642041896942,-50.03682589416116,1,82.8
tres fronteiras,SP,-20.235805436783547,-50.88976382630348,5,350.39
tres irmaos,RJ,-21.625645496895352,-41.98519583710767,1,139.8
tres lagoas,MS,-20.809935466138576,-51.683747876375016,1,99.99
tres lagoas,MS,-20.80557991707682,-51.714631052453605,5,337.89
tres lagoas,MS,-20.80400920090083,-51.68137630792817,3,406.7
tres lagoas,MS,-20.79929555989981,-51.729934787483565,4,394.3
tres lagoas,MS,-20.79828120127153,-51.70497028084254,2,429.99
tres lagoas,MS,-20.793151052320894,-51.69647648595743,3,1688.9
tres lagoas,MS,-20.79310689872867,-51.68654733580693,5,683.5899999999999
tres lagoas,MS,-20.786354097239247,-51.691087387656836,3,1227.99
tres lagoas,MS,-20.785575442330483,-51.70515511868421,4,419.68
tres lagoas,MS,-20.785351788218343,-51.70051416594496,4,566.8
tres lagoas,MS,-20.781403742179315,-51.71846066660606,4,863.79
tres lagoas,MS,-20.781094621426742,-51.70839956070067,2,243.0
tres lagoas,MS,-20.774539602196153,-51.69252900772132,1,19.9
tres lagoas,MS,-20.325796741358253,-51.31000726686249,1,48.8
tres marias,MG,-18.208163703175405,-45.226496670959094,13,840.44
tres passos,RS,-27.45450086247899,-53.933746248058455,11,1270.21
tres pontas,MG,-21.3705596396296,-45.51293043502694,19,2228.21
tres rios,RJ,-22.121980840538555,-43.17304829269573,1,54.9
tres rios,RJ,-22.117556836422192,-43.211171275184725,6,2871.68
tres rios,RJ,-22.117255910009234,-43.20586042115693,5,1106.79
tres rios,RJ,-22.11634332589113,-43.22252415653648,1,23.9
tres rios,RJ,-22.116065145802942,-43.188634627618555,2,912.62
tres rios,RJ,-22.113965763187547,-43.21376248138402,3,155.07000000000002
tres rios,RJ,-22.110433810510912,-43.19676876930676,4,414.9
tres rios,RJ,-22.108494855655035,-43.20875335267175,5,797.28
tres rios,RJ,-22.10596785387792,-43.18684239388193,2,149.8
tres rios,RJ,-22.105342873551436,-43.19221670680787,3,248.49
tres rios,RJ,-22.10376869093078,-43.20857810799992,4,237.29000000000002
tres rios,RJ,-22.100881736056532,-43.2157325473809,1,30.0
tres rios,RJ,-22.090277722425007,-43.217411279765706,1,169.9
treviso,SC,-28.50756362241944,-49.459605857074706,1,118.9
treze tilias,SC,-26.998521324070396,-51.411579838730134,11,885.66
trindade,GO,-16.668122149190822,-49.48548799273801,3,279.99
trindade,GO,-16.65675073890077,-49.50789958157582,5,892.59
trindade,GO,-16.654349362801916,-49.49833699461515,3,333.79
trindade,GO,-16.652981678198042,-49.483372013403034,9,1585.32
trindade,GO,-16.64481999934952,-49.4880713497564,1,29.99
trindade,GO,-16.640432092312782,-49.41609253051816,3,303.89
trindade,PE,-7.760725407909577,-40.268337322077066,4,4084.8
trindade do sul,RS,-27.52481394969961,-52.896760672083246,4,3266.99
triunfo,PB,-6.579596769611026,-38.59734519989374,1,159.9
triunfo,PE,-7.836609084788397,-38.102317110475106,2,219.0
triunfo,RS,-29.930632716179662,-51.70738486119434,11,1918.53
trombas,GO,-13.51023766630793,-48.74303416095664,1,16.97
trombudo central,SC,-27.304425502499523,-49.79617447830575,4,182.89
tubarao,SC,-28.53230134123063,-49.05675256202058,3,443.29
tubarao,SC,-28.490842754105703,-49.025671165060594,4,393.1
tubarao,SC,-28.487149679928624,-49.00915004736618,20,6107.25
tubarao,SC,-28.48282392637817,-48.98398215020871,2,210.0
tubarao,SC,-28.478878471630875,-48.99587861083375,11,1336.34
tubarao,SC,-28.475921543742654,-49.01172864670755,11,987.38
tubarao,SC,-28.462874883999472,-49.02652804042772,9,1128.77
tucano,BA,-10.970437251604725,-38.78907162326078,8,748.69
tucuma,PA,-6.753170427393504,-51.15678991508582,3,404.25
tucunduva,RS,-27.65811716101717,-54.43981167345725,3,374.99
tucurui,PA,-3.820301105800943,-49.67806307379722,7,2292.38
tucurui,PA,-3.779341420956579,-49.6726041939684,4,1947.3600000000001
tucurui,PA,-3.766032605043697,-49.67434878716088,2,354.0
tucurui,PA,-3.764022926386493,-49.668328121114214,3,382.96
tuiuti,SP,-22.81419262248133,-46.69485417580671,1,49.0
tumiritinga,MG,-19.00484554584605,-41.65183983345179,1,459.0
tunapolis,SC,-26.971256657277877,-53.638902941062874,1,315.39
tunas do parana,PR,-24.972411402943333,-49.06251849434402,2,198.9
tupa,SP,-22.082932678929353,-50.540399184704285,1,49.9
tupa,SP,-21.943091440035158,-50.51676304094405,3,212.0
tupa,SP,-21.942071879073378,-50.50082739495785,6,479.85
tupa,SP,-21.93506719324893,-50.52481882516593,6,413.51
tupa,SP,-21.934484546249056,-50.51398229430691,10,1378.03
tupa,SP,-21.930547778284403,-50.49834751389763,12,1893.27
tupa,SP,-21.928465491539185,-50.525683571124965,5,845.8
tupa,SP,-21.926864046161835,-50.51413749988417,5,380.68
tupa,SP,-21.921452053536242,-50.522877273420995,4,829.99
tupaciguara,MG,-18.596844559532663,-48.69760298955126,13,1331.21
tupancireta,RS,-29.081334764866796,-53.837070833138384,4,378.77000000000004
tupandi,RS,-29.485468018400336,-51.41727029010238,3,285.99
tuparece,MG,-19.89323733483254,-43.9863046834627,1,13.5
tuparendi,RS,-27.750496999928444,-54.48986302904244,2,183.49
tuparetama,PE,-7.605668098999785,-37.31458241152749,3,309.8
tupassi,PR,-24.599052935525002,-53.508766620135376,1,19.9
tupi paulista,SP,-21.385866861981842,-51.573633973535884,6,459.40999999999997
turmalina,MG,-17.299749885046513,-42.73241020739489,8,1093.69
turmalina,SP,-20.053648674765086,-50.47591844483859,1,28.0
tururu,CE,-3.598104898072363,-39.43614668673904,1,189.0
turvania,GO,-16.608937369210462,-50.13409465060814,2,83.7
turvelandia,GO,-17.852312315959438,-50.305787376690915,1,27.3
turvo,PR,-25.037353612646363,-51.528090778212245,2,112.1
turvo,SC,-28.927439307783388,-49.67863775149962,4,194.89
turvolandia,MG,-21.87562673494912,-45.78858588522878,2,143.9
tutoia,MA,-2.77093891489611,-42.277150306483854,2,449.89
uaua,BA,-9.841477415983517,-39.479159392546165,3,393.98
uba,MG,-21.124876951863786,-42.92677954827477,3,208.89
uba,MG,-21.118768137963375,-42.919470189336046,3,375.15
uba,MG,-21.117760548690026,-42.94287086370392,35,4230.39
uba,MG,-21.116377002040025,-42.95621827798407,2,609.0
uba,MG,-21.113687113557148,-42.937331269957205,3,262.94
uba,MG,-21.11022873761023,-42.959382407765,3,284.8
uba,MG,-21.10829357438156,-42.94764036989547,3,318.6
uba,MG,-21.022794786405576,-43.0247733210228,1,79.99
ubai,MG,-16.289824395963613,-44.782768172251146,1,43.5
ubaira,BA,-13.26683726311938,-39.667643041727764,6,704.79
ubaitaba,BA,-14.31160550780154,-39.31843790091815,4,517.23
ubajara,CE,-3.849478645520175,-40.917844885369476,3,1178.9
ubaporanga,MG,-19.634172866387665,-42.103493788696234,3,288.78000000000003
ubata,BA,-14.21362506012072,-39.522954871573475,1,144.0
ubatuba,SP,-23.452929299956928,-45.093219408528476,72,8195.93
uberaba,MG,-19.786421720111033,-47.93772687573789,4,583.8
uberaba,MG,-19.783169015333,-47.92170328892091,3,376.9
uberaba,MG,-19.779971836022977,-47.91360518827712,3,168.88
uberaba,MG,-19.77404673451357,-47.95526529258536,3,344.38
uberaba,MG,-19.7737697992931,-47.996635642261246,3,288.63
uberaba,MG,-19.77245797400304,-47.92897761634436,5,729.99
uberaba,MG,-19.768422792204415,-47.9141342605618,4,412.9
uberaba,MG,-19.76755207042132,-47.933005864626324,1,122.99
uberaba,MG,-19.762906350444126,-47.9006895408385,5,575.6800000000001
uberaba,MG,-19.761706582432808,-47.92110324733581,4,792.6099999999999
uberaba,MG,-19.7606893240896,-47.94687145770199,8,1676.78
uberaba,MG,-19.760188995545462,-47.93914526044794,4,372.69
uberaba,MG,-19.758312672548442,-47.95552461350234,14,3679.07
uberaba,MG,-19.757618308005902,-47.983368588158314,9,1236.69
uberaba,MG,-19.756853488338955,-47.93017266949661,7,1152.39
uberaba,MG,-19.752808606994627,-47.91270375248546,5,733.62
uberaba,MG,-19.750886719929394,-47.96849457280658,5,589.1500000000001
uberaba,MG,-19.749366808445476,-47.8982607216337,4,275.45
uberaba,MG,-19.748433127247832,-47.93624451081128,16,2274.12
uberaba,MG,-19.74791987687668,-47.92617493393566,7,648.57
uberaba,MG,-19.745545855197,-47.94508587692628,10,1092.0900000000001
uberaba,MG,-19.744255852197394,-47.95533934048692,10,1195.56
uberaba,MG,-19.742465619045834,-47.914612369492765,7,645.35
uberaba,MG,-19.74019853574193,-47.924792987864244,8,1110.58
uberaba,MG,-19.739645967453367,-47.93555194368721,6,1765.1000000000001
uberaba,MG,-19.737144721796835,-47.96592285938141,7,1244.67
uberaba,MG,-19.735074343543168,-47.98704222365648,1,279.49
uberaba,MG,-19.735005144301798,-47.89334009005046,4,451.41
uberaba,MG,-19.734254119586087,-47.94309474656153,4,445.68
uberaba,MG,-19.73185789461795,-47.91251886644879,1,55.0
uberaba,MG,-19.731005269846335,-47.922915557250555,5,316.84
uberaba,MG,-19.72870705777668,-47.93553366397364,5,698.6
uberaba,MG,-19.723676851415757,-47.9163949621953,3,981.0
uberaba,MG,-19.707230469000294,-47.968184231083534,1,21.99
uberlandia,MG,-18.97746539653662,-48.35855081896928,1,58.2
uberlandia,MG,-18.976011926949518,-48.27425372243967,3,77.67999999999999
uberlandia,MG,-18.954174871944243,-48.23791059400363,16,2717.86
uberlandia,MG,-18.950237259905315,-48.309470659443285,26,5201.72
uberlandia,MG,-18.9495189572054,-48.27629001274793,27,3774.76
uberlandia,MG,-18.931689655248235,-48.31505510832352,15,2078.84
uberlandia,MG,-18.924080198164358,-48.249267186591496,67,7865.29
uberlandia,MG,-18.921397435860225,-48.32946334496327,28,3130.37
uberlandia,MG,-18.91496728978642,-48.193879166936526,7,678.9
uberlandia,MG,-18.913247873843886,-48.27821224449974,85,12019.15
uberlandia,MG,-18.897055635368446,-48.329102950262644,7,917.97
uberlandia,MG,-18.892698009109008,-48.24993989716173,24,2826.28
uberlandia,MG,-18.8916159627286,-48.289815516376116,36,3737.06
uberlandia,MG,-18.875821274113232,-48.231896506312516,7,525.5
uberlandia,MG,-18.873998221431016,-48.274139812786316,18,1950.99
ubirajara,SP,-22.527613435195004,-49.661752758183525,1,79.9
ubirata,PR,-24.542415289355326,-52.98976116432448,7,582.1800000000001
uchoa,SP,-20.954053066740023,-49.17415232102767,3,582.64
uibai,BA,-11.32715558541232,-42.134607999604725,4,549.98
uirauna,PB,-6.518964635954034,-38.41206511274139,1,199.9
ulianopolis,PA,-3.749900885014324,-47.499745776486165,1,27.3
umbauba,SE,-11.381418773934897,-37.660977220114106,3,178.9
umburanas,BA,-10.731455413955146,-41.32330803113113,1,99.9
umburatiba,MG,-17.261703202767414,-40.59270094037252,1,109.99
umuarama,PR,-23.781096754621927,-53.318287794882174,2,134.9
umuarama,PR,-23.77798227002535,-53.329031379157335,5,337.87
umuarama,PR,-23.7703038826882,-53.293996444343186,5,486.97
umuarama,PR,-23.76755927413981,-53.32087799646246,2,829.9
umuarama,PR,-23.762770970204333,-53.31031401464881,6,652.05
umuarama,PR,-23.759415570984824,-53.292783700900145,10,2459.39
umuarama,PR,-23.751737598100494,-53.30072958526696,7,765.09
umuarama,PR,-23.74259143719501,-53.318923515586555,2,59.8
una,BA,-15.288028397291363,-39.0791589222631,4,437.88
unai,MG,-16.36381396260518,-46.89530822527895,54,6825.39
uniao,PI,-4.586113179491656,-42.86238155580789,1,329.0
uniao da serra,RS,-28.758904580489418,-52.01163548343003,1,18.5
uniao da vitoria,PR,-26.243842242759563,-51.12172232887957,1,53.9
uniao da vitoria,PR,-26.230607263452274,-51.06218784741187,1,90.0
uniao da vitoria,PR,-26.230550326532917,-51.08592558853442,24,4830.64
uniao da vitoria,PR,-26.22380346029068,-51.06151181676149,1,18.49
uniao da vitoria,PR,-26.22275481437359,-51.04373792849187,1,39.9
uniao da vitoria,PR,-26.210891183618905,-51.08695527762548,1,49.0
uniao de minas,MG,-19.521034013516033,-50.33423137876905,3,87.09
uniao do oeste,SC,-26.773887306606184,-52.85390190900273,1,24.99
uniao do sul,MT,-11.531251108353345,-54.36837305374468,1,220.7
uniao dos palmares,AL,-9.157218563819532,-36.026978717089335,1,259.99
unistalda,RS,-29.047378076761216,-55.153083990286035,1,37.9
upanema,RN,-5.642927647264124,-37.259991960665666,3,1343.6
urai,PR,-23.202538129488083,-50.793652185665835,3,283.9
urandi,BA,-14.768415571576352,-42.65584924472297,2,707.94
urania,SP,-20.24649225322917,-50.64351825817718,4,885.72
urbano santos,MA,-3.2083187108705644,-43.403096500833485,5,501.79
uruacu,GO,-14.518474806651268,-49.14209708875239,17,1750.02
uruana,GO,-15.514912961998895,-49.6794224503755,3,1142.29
uruana de minas,MG,-16.059718645669523,-46.255281956297424,1,17.9
uruara,PA,-3.7202778344734795,-53.73974164226498,6,962.4
urubici,SC,-28.002167074021926,-49.58685791290171,3,305.69
uruburetama,CE,-3.622250892797858,-39.50804077887797,1,58.99
urucania,MG,-20.352192156094755,-42.747352187448826,1,149.0
urucuca,BA,-14.590520575188583,-39.285934813859086,2,195.9
urucui,PI,-7.237545620600256,-44.55511245657041,4,638.97
urucuia,MG,-16.12493568797171,-45.740753304455104,1,149.99
urucurituba,AM,-3.055411886272194,-58.076888115600596,2,169.8
uruguaiana,RS,-29.831370452768066,-57.0281256409334,2,228.9
uruguaiana,RS,-29.779727032698045,-57.091845245022306,1,39.0
uruguaiana,RS,-29.775954482376285,-57.07674937066641,3,78.39
uruguaiana,RS,-29.773663291996964,-57.09614113417625,6,615.78
uruguaiana,RS,-29.769126265475624,-57.05636821468156,3,472.79
uruguaiana,RS,-29.767654869646034,-57.06017063471497,3,131.89
uruguaiana,RS,-29.762249215384355,-57.078952373770164,15,1970.67
uruguaiana,RS,-29.755778626042446,-57.08813772410531,14,876.64
uruoca,CE,-3.3207038949212935,-40.58027403996299,2,219.70000000000002
urupa,RO,-11.129970874569798,-62.36961207720059,3,253.57
urupes,SP,-21.204038586521552,-49.293054572622275,10,1150.14
urussanga,SC,-28.523681116023674,-49.31843746844079,10,893.6800000000001
urutai,GO,-17.464961711925778,-48.20214427718953,3,133.48000000000002
utinga,BA,-12.080262780117183,-41.09561826538264,3,323.89
vacaria,RS,-28.505974693406692,-50.93824129882797,21,2294.08
valao do barro,RJ,-22.345766968364543,-41.75767926461165,1,67.1
vale do sol,RS,-29.607198255806324,-52.68086189266144,1,21.99
vale real,RS,-29.390307384303618,-51.24721167056778,3,210.53
valenca,BA,-13.367204191409803,-39.0719662526638,35,6373.59
valenca,RJ,-22.24590640740014,-43.70711050441479,27,3940.46
valenca do piaui,PI,-6.403095909924984,-41.738497350008885,4,1043.0
valente,BA,-11.410907884755225,-39.462797775734366,9,3209.58
valentim gentil,SP,-20.42179235965573,-50.08289205067884,3,372.03000000000003
valinhos,SP,-23.009535593925207,-47.018066493164845,3,408.83
valinhos,SP,-23.00020257591201,-47.016554799377566,17,1825.81
valinhos,SP,-22.990617033363584,-46.99726284808287,12,1031.26
valinhos,SP,-22.98031162983633,-46.98526687545999,22,1985.99
valinhos,SP,-22.979943849640843,-46.99537068151859,19,2523.14
valinhos,SP,-22.975458140722314,-47.00268239234955,13,787.03
valinhos,SP,-22.97277234041519,-47.01224083195557,13,2980.44
valinhos,SP,-22.96600110470843,-46.97884176166376,15,1882.12
valinhos,SP,-22.95160188753168,-47.00199555891176,39,5234.679999999999
valinhos,SP,-22.947210194441976,-46.97742204543267,28,3442.45
valparaiso,SP,-21.225948248423403,-50.866901593158474,8,506.92
valparaiso de goias,GO,-16.110209623086437,-47.980359555813294,1,79.0
valparaiso de goias,GO,-16.087705352464873,-47.98803412755803,6,507.83000000000004
valparaiso de goias,GO,-16.077464689344577,-47.97760870044379,13,1745.43
valparaiso de goias,GO,-16.074361480514703,-47.98930591292997,1,49.9
valparaiso de goias,GO,-16.0693360678508,-47.99690289020497,4,1314.69
valparaiso de goias,GO,-16.0588336883039,-48.002533804356105,6,1103.6
valparaiso de goias,GO,-16.05860168093485,-47.979304151451366,6,637.4
vanini,RS,-28.4754788805008,-51.844427950983686,1,89.0
vargeao,SC,-26.855482547891192,-52.15002291593487,1,499.9
vargem,SP,-22.894549657811083,-46.41063286982591,2,78.8
vargem alegre,MG,-19.605031024290255,-42.29861455152771,1,74.99
vargem alta,ES,-20.644842999268594,-41.00717001967552,5,278.89
vargem bonita,SC,-26.986916454627178,-51.75354052626588,5,710.59
vargem grande,MA,-3.544078339355614,-43.91826140002698,1,79.9
vargem grande do rio pardo,MG,-15.398262506297819,-42.308415559771454,1,270.0
vargem grande do soturno,ES,-20.988488233934397,-42.23727344129296,1,89.9
vargem grande do sul,SP,-21.834918641034367,-46.89918572591992,12,778.7
vargem grande paulista,SP,-23.622578843657738,-47.01272716168211,43,4634.55
varginha,MG,-21.595022333466506,-45.42798780621436,3,199.85000000000002
varginha,MG,-21.591043914639734,-45.447332616486136,3,470.52000000000004
varginha,MG,-21.585730297386636,-45.44043792076709,9,927.64
varginha,MG,-21.581149179515027,-45.42048613594364,3,302.13
varginha,MG,-21.573300439536034,-45.44149682621504,6,1438.5
varginha,MG,-21.570497333928852,-45.417846582240834,5,626.29
varginha,MG,-21.567528075125658,-45.44899107952662,1,154.9
varginha,MG,-21.565443377985357,-45.438245098537486,3,328.70000000000005
varginha,MG,-21.56054070769344,-45.431818374934245,5,461.3
varginha,MG,-21.559049323866514,-45.445603023397844,5,3422.99
varginha,MG,-21.55830903418038,-45.462388870068295,6,561.58
varginha,MG,-21.55744590331449,-45.422409405067654,4,597.69
varginha,MG,-21.555578678659284,-45.43742421601186,15,1277.97
varginha,MG,-21.55017939538253,-45.446393998135754,10,1246.27
varginha,MG,-21.548099169543914,-45.43732110101334,6,1580.93
varginha,MG,-21.54395403389734,-45.45015582461373,2,108.95
varginha,MG,-21.53154634132216,-45.45307651217612,1,32.99
varjao de minas,MG,-18.383282313003246,-46.03463733806014,2,105.8
varjota,CE,-4.180568412190747,-40.42480973254835,4,748.97
varre-sai,RJ,-20.928432538186993,-41.86768974778266,4,918.9
varzea,PB,-6.770782617665108,-36.99130513228417,1,98.99
varzea alegre,CE,-6.792557339326901,-39.29859640215861,2,140.29
varzea da palma,MG,-17.59807078708512,-44.74865349171068,11,2171.77
varzea do poco,BA,-11.527258591060656,-40.316614860849334,1,56.99
varzea grande,MT,-15.672568477533234,-56.12503745244942,1,35.8
varzea grande,MT,-15.666849571478044,-56.09429318517754,5,606.58
varzea grande,MT,-15.660145457491184,-56.12520753009085,1,29.99
varzea grande,MT,-15.658883452420955,-56.1257928871568,2,466.99
varzea grande,MT,-15.656566620436601,-56.141952666104636,5,467.88
varzea grande,MT,-15.653621400692579,-56.16100519772794,1,139.0
varzea grande,MT,-15.649900402844215,-56.16496301473483,1,32.0
varzea grande,MT,-15.649002348961353,-56.105909513994604,5,1287.1299999999999
varzea grande,MT,-15.6469100062786,-56.134078809876065,6,419.09000000000003
varzea grande,MT,-15.639526353112192,-56.146038933221476,1,1736.0
varzea grande,MT,-15.633374635305907,-56.140845443706084,1,175.0
varzea grande,MT,-15.631397229040488,-56.15598484469861,1,330.0
varzea grande,MT,-15.628989615187487,-56.107420915696316,6,834.9
varzea grande,MT,-15.626926080633368,-56.154275793295554,1,69.99
varzea grande,PI,-6.547697538758055,-42.25046262070475,1,12.5
varzea nova,BA,-11.257277417899767,-40.943926853314416,1,86.0
varzea paulista,SP,-23.243401530196397,-46.827614126118235,2,349.8
varzea paulista,SP,-23.226758388259334,-46.84494451524311,23,2071.27
varzea paulista,SP,-23.218702229039696,-46.83249590862526,12,1657.08
varzea paulista,SP,-23.215794863132842,-46.810317460774115,5,523.7
varzea paulista,SP,-23.210967628968906,-46.84481900005691,15,2506.4
varzea paulista,SP,-23.195552048182364,-46.8216951401123,7,2221.85
varzea paulista,SP,-23.195121005761028,-46.83038266241374,10,922.29
varzedo,BA,-12.97589256977562,-39.3952733205886,1,39.9
varzelandia,MG,-15.703376381652864,-44.022668772749995,2,98.89
vassouras,RJ,-22.40767287308994,-43.667689767440216,36,4481.900000000001
vazante,MG,-17.987237146966546,-46.90380757456198,6,1549.63
venancio aires,RS,-29.61111067145766,-52.193313555031075,26,2764.62
venda branca,SP,-21.94854676332669,-47.11780277213674,1,117.3
venda nova do imigrante,ES,-20.33885295949204,-41.132931135779735,15,2647.83
ventania,PR,-24.228020510121077,-50.25638813396349,3,166.76999999999998
venturosa,PE,-8.577258452434604,-36.87303335441732,2,1228.9
vera,MT,-12.288099376976312,-55.29699062887609,3,262.79
vera cruz,BA,-12.985503950452635,-38.64129637476195,7,1243.52
vera cruz,RN,-6.049652331788173,-35.43237540007776,1,39.99
vera cruz,RS,-29.716184766287313,-52.50603847584622,4,579.98
vera cruz,SP,-22.22217393101984,-49.822674319538606,9,934.17
vera cruz do oeste,PR,-25.06133234279125,-53.877799815035104,3,431.56
veranopolis,RS,-28.936707913282813,-51.54955095023769,18,2394.04
vere,PR,-25.878242728454026,-52.9125189764566,3,598.39
vereda,BA,-17.256416719034622,-40.02070527103256,2,309.4
verissimo,MG,-19.668568092020713,-48.30939854203838,3,294.12
vermelho,MG,-19.955069241247276,-43.943871774301655,1,98.0
vermelho novo,MG,-20.036726729362115,-42.26711555969371,1,33.87
vertentes,PE,-7.9063776539818935,-35.98913305346116,1,23.99
vespasiano,MG,-19.731097253636868,-43.94146568879755,41,5953.69
vespasiano correa,RS,-29.06861523100013,-51.861191748420104,1,144.99
viamao,RS,-30.13803398331282,-50.8668697570924,1,36.79
viamao,RS,-30.123736597127653,-51.08602809875456,1,169.99
viamao,RS,-30.113791532973178,-51.07476661151297,2,89.89
viamao,RS,-30.105171475241683,-51.06725005393805,2,92.89
viamao,RS,-30.099225891176406,-51.02142924142691,5,398.19
viamao,RS,-30.098392506723755,-51.05959055623728,4,455.79999999999995
viamao,RS,-30.088451739226837,-51.08474589001764,3,1063.8
viamao,RS,-30.08770446098888,-51.070872963560504,4,225.35
viamao,RS,-30.08481896648352,-51.040122047799095,4,313.79
viamao,RS,-30.08414612918612,-51.05174077188593,4,349.2
viamao,RS,-30.08355139038262,-51.0218050150084,5,322.53999999999996
viamao,RS,-30.078992393377305,-51.003910304503854,2,95.99000000000001
viamao,RS,-30.077760743041143,-51.05330632286344,2,119.88999999999999
viamao,RS,-30.073697217292164,-51.09314841270517,8,776.08
viamao,RS,-30.073427674099523,-51.050000626386534,1,79.6
viamao,RS,-30.067485282641055,-51.11135067539507,2,49.89
viamao,RS,-30.06552565690289,-51.10427337039111,5,351.59
viamao,RS,-30.061396377417168,-51.100540424737446,2,132.9
viamao,RS,-30.057428730903272,-51.07937986285858,5,434.69
viamao,RS,-30.0569919649755,-51.09118248613219,2,92.97999999999999
viamao,RS,-30.026008496763165,-51.024391596970595,6,827.47
viana,ES,-20.421385016089857,-40.460393466434034,1,239.6
viana,ES,-20.390537473188356,-40.474481985426216,2,242.89000000000001
viana,ES,-20.38928094367299,-40.4901873998062,5,596.63
viana,ES,-20.370296473620964,-40.416448541581005,1,329.9
viana,ES,-20.36426008095286,-40.42106529481057,1,62.9
viana,ES,-20.35516349262468,-40.43123213662455,1,59.9
viana,ES,-20.351385134684683,-40.42842770559008,10,1840.0
viana,MA,-3.211628210130476,-45.001725340475865,5,622.97
vianopolis,GO,-16.745149541882594,-48.51478334802312,3,529.6700000000001
vicencia,PE,-7.6574956697524215,-35.32130610028149,2,268.0
vicente dutra,RS,-27.16752809399503,-53.402467717729735,1,12.99
vicentina,MS,-22.40970208156436,-54.44501732191913,1,189.9
vicentinopolis,GO,-17.73327729043038,-49.80489256686138,2,384.79999999999995
vicosa,AL,-9.373296142405742,-36.24547978378628,1,21.9
vicosa,MG,-20.761082953371208,-42.885623114603966,2,92.47999999999999
vicosa,MG,-20.754734638539293,-42.87751998529491,83,15685.42
vicosa,MG,-20.699028840686484,-42.99946861920252,2,274.45
vicosa,RN,-5.992472687151516,-37.944090322271194,1,50.9
vicosa do ceara,CE,-3.562276589200506,-41.097006548348354,1,18.95
victor graeff,RS,-28.56183322076022,-52.73980049880446,2,142.8
videira,SC,-27.00447650803858,-51.15253710423868,44,7822.35
vieiras,MG,-20.864866568178655,-42.24450947252899,1,325.0
vigia,PA,-0.8627413903500442,-48.13587257715793,2,158.8
vila bela da santissima trindade,MT,-15.050127840400785,-59.95608163633357,1,29.99
vila dos cabanos,PA,7.271649375032848,-40.315884016386505,4,451.23
vila flor,RN,-6.316724967748591,-35.077224421061395,1,99.73
vila flores,RS,-28.86023888910916,-51.552607108079904,3,289.89
vila langaro,RS,-28.11334130629534,-52.143843160296505,3,140.64
vila muriqui,RJ,-22.921319784263673,-43.92075713526868,7,731.76
vila nelita,ES,-18.476713762810867,-41.01877846394589,2,119.9
vila nova,PR,-24.576397290342136,-53.80082355626951,2,85.47
vila nova do sul,RS,-30.204742942373727,-53.34095123552069,1,84.99
vila pereira,MG,-18.18035004901784,-40.91364335812698,1,92.8
vila reis,PR,-23.612034548654297,-51.40843287104166,1,69.9
vila rica,MT,-10.013326929561156,-51.1199427583956,3,221.82
vila valerio,ES,-18.994923624409637,-40.383087196982125,8,1369.4
vila velha,ES,-20.509578080042576,-40.37363064122116,1,280.0
vila velha,ES,-20.507554106871044,-40.361117260776,5,584.79
vila velha,ES,-20.44442591541323,-40.357302162144094,2,175.9
vila velha,ES,-20.440677747834673,-40.342595993763304,7,838.6800000000001
vila velha,ES,-20.411800716788733,-40.33756220325749,2,79.49000000000001
vila velha,ES,-20.38465422834024,-40.32372831183719,9,926.52
vila velha,ES,-20.378657653721774,-40.31950139302451,8,1311.87
vila velha,ES,-20.377732198855313,-40.35047944323682,3,357.89
vila velha,ES,-20.371280369661118,-40.30721837760808,71,15741.95
vila velha,ES,-20.366701930567032,-40.31718921781991,11,1091.63
vila velha,ES,-20.362257720801402,-40.354059476166064,9,899.88
vila velha,ES,-20.35546030787301,-40.314147257230324,10,995.1800000000001
vila velha,ES,-20.355242271086574,-40.314331735290565,3,143.85999999999999
vila velha,ES,-20.354058884014453,-40.30128887072216,5,752.0
vila velha,ES,-20.351464479667545,-40.319965399424824,4,389.69
vila velha,ES,-20.35100446585032,-40.32120866203233,3,177.1
vila velha,ES,-20.350965246976774,-40.35353585806446,3,669.29
vila velha,ES,-20.35038439416758,-40.32316313424692,5,700.43
vila velha,ES,-20.349803767518406,-40.30673634042205,17,4023.06
vila velha,ES,-20.348018625778746,-40.337319922872204,10,1114.8500000000001
vila velha,ES,-20.345030195796227,-40.28790374199653,100,10768.53
vila velha,ES,-20.343794789591374,-40.345118656210865,2,117.5
vila velha,ES,-20.342511741908304,-40.337662485631874,4,446.18
vila velha,ES,-20.33959604188587,-40.29549349586976,14,1577.99
vila velha,ES,-20.339043748550235,-40.30909785366851,10,1705.42
vila velha,ES,-20.33820736421147,-40.31902931764566,1,150.0
vila velha,ES,-20.335472552050064,-40.33122810411291,4,606.49
vila velha,ES,-20.33161624902949,-40.34252285978223,3,269.65999999999997
vilhena,RO,-12.746158192919424,-60.13247088023664,1,26.07
vilhena,RO,-12.741932990004342,-60.11611246025335,1,64.9
vilhena,RO,-12.740955569558919,-60.14707056049292,1,250.0
vilhena,RO,-12.734596016859385,-60.11328701738552,1,56.85
vilhena,RO,-12.73341229711485,-60.14835451606325,10,1240.36
vilhena,RO,-12.72294234593581,-60.13595003201799,1,198.0
vilhena,RO,-12.72025321278526,-60.14528390679769,1,137.77
vinhedo,SP,-23.070228628936572,-47.00126317491513,1,150.0
vinhedo,SP,-23.067532667584878,-46.907491985129994,3,156.73
vinhedo,SP,-23.051345733230985,-46.989331530978724,5,493.11
vinhedo,SP,-23.048490876889115,-47.02186754664374,1,16.99
vinhedo,SP,-23.040252315552845,-46.97978203613953,10,1692.77
vinhedo,SP,-23.037366840073478,-46.977116911228286,11,773.57
vinhedo,SP,-23.035543387492346,-47.00577338179383,16,1166.56
vinhedo,SP,-23.034454768574385,-46.98122363680282,8,579.8000000000001
vinhedo,SP,-23.03147727948153,-46.981116767869366,35,3865.59
viradouro,SP,-20.86821386988414,-48.29333486279983,18,2081.54
virgem da lapa,MG,-16.79875682204193,-42.33631362538483,3,737.9
virginia,MG,-22.332030611976098,-45.092255326082764,1,35.9
virginopolis,MG,-18.813867941106725,-42.70136228778343,7,614.64
virgolandia,MG,-18.474654075924672,-42.309601341654535,2,380.0
visconde de maua,RJ,-22.33080055859467,-44.52822701016756,3,140.59
visconde do rio branco,MG,-21.010359270172877,-42.838483757125445,18,1557.3400000000001
viseu,PA,-1.2021836317837071,-46.13899904732771,1,301.0
vista alegre,RS,-27.369685778025175,-53.49268397185775,1,22.0
vista alegre do alto,SP,-21.172081008607666,-48.632422076534624,3,272.99
vitoria,ES,-20.32084620665402,-40.346207616710124,1,25.99
vitoria,ES,-20.320038528527185,-40.3329218886029,7,659.09
vitoria,ES,-20.31884345040212,-40.34156621746278,5,467.64
vitoria,ES,-20.317871596268457,-40.33755036238744,5,381.47
vitoria,ES,-20.317164334664405,-40.32407036389426,1,49.0
vitoria,ES,-20.316141544080352,-40.35222237390242,2,391.79999999999995
vitoria,ES,-20.313996010788056,-40.31410164821836,3,206.99
vitoria,ES,-20.313960622429903,-40.29874528373586,28,3252.08
vitoria,ES,-20.31271637480551,-40.318989564929126,2,89.89
vitoria,ES,-20.31268731682301,-40.29762077462265,5,224.86
vitoria,ES,-20.311775208287273,-40.32002717246778,1,58.9
vitoria,ES,-20.309796807652308,-40.352024248878045,7,874.74
vitoria,ES,-20.30954699567466,-40.319158382619435,2,96.69999999999999
vitoria,ES,-20.30850682125743,-40.34633538239041,3,152.4
vitoria,ES,-20.304592526112483,-40.32057505886265,5,476.17
vitoria,ES,-20.304515729849843,-40.2995760745933,9,1881.94
vitoria,ES,-20.300614699361464,-40.295028062533405,50,6477.19
vitoria,ES,-20.29852025735377,-40.3096560898549,15,1532.99
vitoria,ES,-20.297500722289303,-40.30639204574531,12,877.27
vitoria,ES,-20.297021210550845,-40.347271252186125,4,156.97
vitoria,ES,-20.29620696858057,-40.32083517192287,9,1643.3
vitoria,ES,-20.29530821424077,-40.308437177574056,10,1496.68
vitoria,ES,-20.294772372767323,-40.296482097090845,17,1965.39
vitoria,ES,-20.29034208942081,-40.341253664876625,3,189.67000000000002
vitoria,ES,-20.289863189022366,-40.31566239170037,4,144.59
vitoria,ES,-20.28459307369061,-40.2954045601725,42,4574.03
vitoria,ES,-20.282583196783293,-40.33059983158218,1,34.9
vitoria,ES,-20.277654776068346,-40.29633036136395,2,359.0
vitoria,ES,-20.27703282426282,-40.29246868696166,13,877.05
vitoria,ES,-20.275790157816278,-40.28920643319557,9,7895.57
vitoria,ES,-20.268705917570355,-40.30117429176141,2,113.9
vitoria,ES,-20.264136503422577,-40.29628587511779,15,2976.26
vitoria,ES,-20.259310317571426,-40.29446900424854,6,598.37
vitoria,ES,-20.258920613108977,-40.26756763394884,53,7702.52
vitoria,ES,-20.252615418053033,-40.319583384075706,6,1171.8400000000001
vitoria,ES,-20.24769258439179,-40.27158813220923,14,1961.45
vitoria,PR,-25.272807023543834,-50.07009121273323,1,28.99
vitoria da conquista,BA,-14.904418037242085,-40.83464046567793,3,387.69
vitoria da conquista,BA,-14.877157234147301,-40.844557892105456,5,1731.74
vitoria da conquista,BA,-14.874772228535377,-40.81109481119677,1,21.15
vitoria da conquista,BA,-14.87352094336469,-40.85800564808858,7,1094.18
vitoria da conquista,BA,-14.872331870073072,-40.86082355890836,3,426.7
vitoria da conquista,BA,-14.872078901821626,-40.83567335587172,6,668.19
vitoria da conquista,BA,-14.865254549438882,-40.846091160296766,3,257.2
vitoria da conquista,BA,-14.864701100563654,-40.84258947582425,3,392.99
vitoria da conquista,BA,-14.861839997901692,-40.823996358837334,17,3233.85
vitoria da conquista,BA,-14.85987516140408,-40.862239687284024,2,177.9
vitoria da conquista,BA,-14.859649768625493,-40.83688896537097,6,886.34
vitoria da conquista,BA,-14.855443273361859,-40.85464527269733,7,803.26
vitoria da conquista,BA,-14.852946170220031,-40.805700583488445,3,398.9
vitoria da conquista,BA,-14.85231938216521,-40.84274741854054,8,3439.7200000000003
vitoria da conquista,BA,-14.849886723652752,-40.830088893331514,5,835.98
vitoria da conquista,BA,-14.84695337723215,-40.85454134820232,3,925.0
vitoria da conquista,BA,-14.843901046328423,-40.842459396559434,1,24.99
vitoria da conquista,BA,-14.841920630871169,-40.83409925181144,2,260.0
vitoria da conquista,BA,-14.838056822888197,-40.87571725243034,3,268.42
vitoria das missoes,RS,-28.352389419884847,-54.50126603534196,1,33.8
vitoria de santo antao,PE,-8.124927668838662,-35.28904708881622,2,654.0
vitoria de santo antao,PE,-8.121635838195152,-35.30283048623591,1,66.0
vitoria de santo antao,PE,-8.120502273342717,-35.29647027475308,1,109.99
vitoria de santo antao,PE,-8.119848636701139,-35.30919337143878,1,30.0
vitoria de santo antao,PE,-8.116243569432479,-35.287293361625345,5,1082.26
vitoria de santo antao,PE,-8.112523570654064,-35.300896112826294,3,367.0
vitoria de santo antao,PE,-8.108400373117602,-35.28541223175422,2,145.9
vitoria do jari,AP,-0.9100904956856667,-52.42107094316748,1,85.95
vitoria do mearim,MA,-3.484247762721612,-44.88048988234321,1,14.0
vitorino,PR,-26.266191153756715,-52.780834151474565,1,49.0
vitorino freire,MA,-4.286865848531589,-45.2474191123861,3,1588.0
vitorinos,MG,-19.638548379227394,-43.75965150050012,1,89.99
volta grande,MG,-21.77253289303408,-42.53759758914453,4,308.38
volta redonda,RJ,-22.56722614291387,-44.081857434496655,4,247.9
volta redonda,RJ,-22.536980497376803,-44.077062047788864,9,1357.13
volta redonda,RJ,-22.532263745765537,-44.0794579053485,6,734.88
volta redonda,RJ,-22.53040165755906,-44.12014977797976,7,1909.15
volta redonda,RJ,-22.52744156376057,-44.09263832691696,5,430.12
volta redonda,RJ,-22.526986550460226,-44.12747631119979,8,442.19
volta redonda,RJ,-22.526397274345157,-44.12002393259045,2,194.97
volta redonda,RJ,-22.524805361482834,-44.1176917959437,2,61.4
volta redonda,RJ,-22.524331281433394,-44.102125157726,4,1074.7
volta redonda,RJ,-22.521730199619327,-44.11276314723458,2,258.8
volta redonda,RJ,-22.520478131030256,-44.100625607640225,12,2602.48
volta redonda,RJ,-22.51897352084067,-44.13614868733968,16,1810.0800000000002
volta redonda,RJ,-22.517097572458272,-44.09803444856666,6,278.67
volta redonda,RJ,-22.51585639044493,-44.089755655717326,9,1630.26
volta redonda,RJ,-22.512976202793602,-44.083733870988105,9,844.4
volta redonda,RJ,-22.50774953233488,-44.07183556436882,9,2210.09
volta redonda,RJ,-22.507733189998785,-44.12954335242708,10,1273.3799999999999
volta redonda,RJ,-22.506040359488036,-44.0946910747231,5,595.5
volta redonda,RJ,-22.50603969196868,-44.089839061307025,14,2395.2799999999997
volta redonda,RJ,-22.503611114586057,-44.11545931568369,8,958.39
volta redonda,RJ,-22.500232997955017,-44.09318868763808,6,516.47
volta redonda,RJ,-22.49962751488955,-44.05450685596991,1,99.99
volta redonda,RJ,-22.49880222714304,-44.10490736469649,22,3014.6400000000003
volta redonda,RJ,-22.497279717190395,-44.07391758627202,3,353.79
volta redonda,RJ,-22.496952789883665,-44.127492009916175,8,2740.9500000000003
volta redonda,RJ,-22.495590042189036,-44.13603223794263,3,769.79
volta redonda,RJ,-22.494822428369346,-44.08776552218881,8,623.1800000000001
volta redonda,RJ,-22.49018190736126,-44.116890454219934,1,117.5
volta redonda,RJ,-22.48980237558531,-44.10891405085164,1,122.99
volta redonda,RJ,-22.489620879977284,-44.113701939469,2,192.89
volta redonda,RJ,-22.4885547667576,-44.071911140758985,6,992.19
volta redonda,RJ,-22.486863285435657,-44.079219812556964,8,670.38
volta redonda,RJ,-22.476425120768113,-44.06833466556065,6,1299.8899999999999
volta redonda,RJ,-22.46614289634535,-44.098732873231334,5,504.68
votorantim,SP,-23.56927164816851,-47.46015473488271,17,1181.43
votorantim,SP,-23.56148136654526,-47.45059205912183,12,916.2900000000001
votorantim,SP,-23.551056829551978,-47.462535074175555,8,1146.18
votorantim,SP,-23.546530728461853,-47.49220093703207,7,826.0
votorantim,SP,-23.54369587748702,-47.436261747657255,5,290.82
votorantim,SP,-23.543319623797903,-47.457380033116756,14,1994.11
votorantim,SP,-23.538114638241513,-47.4147799514924,3,1268.52
votorantim,SP,-23.534966496904076,-47.44026603900273,7,604.65
votorantim,SP,-23.529854200069636,-47.4337214243311,10,2441.48
votorantim,SP,-23.475461855285072,-46.85306482807587,1,87.99
votuporanga,SP,-20.431757417861032,-49.974630176678545,12,1196.69
votuporanga,SP,-20.422763825096673,-49.966737537480064,12,1054.83
votuporanga,SP,-20.420269781817655,-49.97168387901127,15,2455.15
votuporanga,SP,-20.416363755330895,-49.98500395424029,9,1319.89
votuporanga,SP,-20.39867264942984,-49.9732595196622,15,2346.34
wagner,BA,-12.28286253938085,-41.16769859070942,1,119.9
wanderley,BA,-12.121378047809058,-43.88953821717171,2,288.98
wenceslau braz,PR,-23.876226772516343,-49.80225246519825,2,188.0
wenceslau guimaraes,BA,-13.670820183267251,-39.499190058068464,1,110.0
werneck,RJ,-22.217047735465396,-43.315218158916544,2,403.89
witmarsum,SC,-26.92213322548382,-49.790441245336375,3,147.79
xambioa,TO,-6.418047623278498,-48.53295969111909,3,333.67999999999995
xambre,PR,-23.733224676530188,-53.501892556231574,2,511.0
xangri-la,RS,-29.80369320644545,-50.04659871806158,8,1013.58
xanxere,SC,-26.876415100422566,-52.403994657794016,29,4175.87
xapuri,AC,-10.652226188202285,-68.50293467826819,2,288.93
xavantina,SC,-27.03885879445281,-52.33428686916172,2,176.02
xaxim,SC,-26.959436655053853,-52.53171511177201,10,1718.58
xexeu,PE,-8.806613598022468,-35.627343390615266,1,87.5
xinguara,PA,-7.099042748884631,-49.93739450691954,3,725.9
xinguara,PA,-7.084785800609985,-49.92163593911829,6,556.3199999999999
xique-xique,BA,-10.823373418772064,-42.727129759767635,3,179.79000000000002
zacarias,SP,-21.050431326479043,-50.05272655419454,2,198.8
ze doca,MA,-3.2762848140617855,-45.65490543154854,5,688.5999999999999
zortea,SC,-27.45577776291212,-51.55171978347314,2,99.80000000000001
